id,Z,female,low_income,baseline_score,D,Y
1,1,0,1,52.18023849947041,1,60.64409554138576
2,0,1,1,38.75817159150154,0,60.34393255758491
3,0,1,1,66.28322193610535,0,62.62365666326808
4,1,1,0,42.92523310491318,1,63.03787775173556
5,1,1,0,52.08447894011798,1,62.57633371474498
6,1,0,1,56.23038568511194,0,62.94769370715495
7,1,1,0,59.55749403508658,1,67.30092066727319
8,1,1,1,42.91669521359177,1,61.3352553729389
9,0,0,0,56.42623802057514,1,62.83532863443608
10,0,1,1,66.19365567633541,0,64.74719599183365
11,1,1,0,32.21364093186887,0,56.68016458881917
12,1,1,0,69.39938356112766,1,66.00253944945759
13,0,1,1,43.11285915170354,0,58.79536469477151
14,1,0,1,50.81743139420986,1,62.22720110020196
15,0,1,0,50.14193716352278,0,61.76782335870634
16,0,1,1,44.31856545483909,0,63.76454481580929
17,0,0,0,63.35530528136802,0,62.27040528835546
18,0,1,1,40.45761230113756,0,61.72624650303376
19,1,0,1,46.55696782663651,1,60.38471693889107
20,0,0,0,48.08362424921131,1,62.0754394733414
21,1,1,0,54.97618090172376,0,63.47904869270075
22,0,1,0,41.47076596979305,1,62.30679884200902
23,0,1,0,73.62063004179684,0,68.60278506583428
24,1,0,1,41.79712621649939,1,57.95965126749949
25,1,0,1,28.89614935821558,1,57.91633691690497
26,0,0,1,51.13126447329027,0,59.5383742140871
27,0,0,1,54.33784265317182,0,62.77389338182896
28,1,0,0,51.74937721275796,1,61.98367237451026
29,0,1,1,57.3678540689048,0,62.14036535213353
30,0,1,1,42.6499860229159,1,61.76222076577493
31,0,0,0,37.44140829475681,1,62.03641492251329
32,1,1,0,61.682886427799,1,66.15613917084995
33,1,0,1,57.3330739694307,1,63.06065058937937
34,0,1,1,37.80692114305366,1,60.58029047950768
35,1,0,1,61.13034308538606,1,63.12573040711938
36,0,1,1,53.64494409270068,0,63.03074355566086
37,1,1,1,43.72224665093205,1,64.80803985353124
38,1,0,1,54.69491476463974,1,61.01183448693319
39,0,1,1,47.04000315888041,0,60.0528320721062
40,0,1,1,59.2032959723937,0,63.97938786645848
41,1,1,0,44.4672404693402,1,65.68978515929768
42,0,1,1,40.84277895635086,0,58.66298593058186
43,1,0,1,26.4408221910809,1,58.59951231505968
44,1,0,1,47.39651697399776,1,60.77358551646108
45,1,1,1,59.31243986661755,1,64.98210531772197
46,1,1,1,38.53723332309833,0,58.09080857358455
47,0,1,0,40.4441802311318,0,63.02410551357875
48,1,1,0,50.23801874298014,1,62.95922961573116
49,1,1,0,48.31368808272633,1,63.12636017838503
50,1,0,1,41.4740126352559,1,61.59831219968189
51,1,1,1,60.98678698444306,1,61.68905112792231
52,0,1,0,58.37725635224174,0,64.44713283661109
53,0,1,1,42.93830100551986,0,60.60946213928766
54,1,1,1,35.44803398939472,1,61.07669735422199
55,0,1,1,40.40417798497813,0,60.50023655006391
56,1,1,0,52.82299770083322,1,64.03611543500487
57,1,1,1,36.11132795419129,1,59.7846929307447
58,0,0,1,47.87241609904166,0,59.90925505350584
59,0,0,0,48.03483699818454,0,61.54440459650748
60,0,1,1,40.25046378457063,0,62.01791781319574
61,1,0,0,44.94264310427639,1,61.90385709672589
62,0,0,0,48.69497945333143,1,61.16344220443462
63,0,1,0,71.87295771420017,0,67.25067817388656
64,1,1,0,49.25022705534231,0,65.66029826756906
65,0,1,0,52.594525313182,0,64.87683461124848
66,1,1,1,53.74776472093018,1,63.44189073326068
67,1,1,0,64.15523007079602,0,66.82096724209069
68,1,1,1,50.85746823437188,0,60.05912872108102
69,1,0,0,44.69979665726085,1,62.32935320695103
70,0,1,0,59.02085133881781,0,60.85816038279387
71,0,1,0,53.845861926263,0,62.17706726422405
72,1,0,0,39.18870354086256,1,60.87046447336185
73,1,0,1,55.74030271175596,1,65.46908033049765
74,1,0,0,50.422236692123,1,62.58707960331984
75,1,0,0,46.17123435811295,0,59.81812110569935
76,1,1,0,58.80306796872815,1,66.22968540192396
77,0,1,0,42.51251739437518,0,63.55366426290424
78,1,1,1,51.66383607798948,1,63.14476299696508
79,0,1,1,58.85276277914634,0,66.55862462184692
80,1,1,0,34.08235568816104,0,60.68478713041527
81,0,1,1,65.80181822716818,0,63.40953981853968
82,0,0,0,58.92041344976528,1,63.24539944322582
83,0,1,0,35.85984058212507,0,63.34005381614713
84,0,1,1,71.6821072018495,1,67.67621674101957
85,1,0,0,25.88562025212121,0,58.2127902308172
86,1,0,0,46.11582026147464,1,59.00749055060131
87,0,1,0,43.60483346588825,1,62.20758105082768
88,1,1,1,52.49169083233478,0,62.46665256305518
89,0,1,1,46.11969454225181,0,61.13542327676716
90,1,0,1,48.42591463495881,1,60.88526063713837
91,0,1,0,48.32755876078046,1,59.7710005959956
92,1,1,0,46.58920221170153,0,65.0869571129098
93,1,0,1,44.05949533921731,1,60.94423913829284
94,1,0,0,56.80515500088926,0,64.30483720525757
95,1,1,0,54.02262032121328,1,63.9064178467852
96,1,0,1,29.22754724011244,1,56.48105245257355
97,1,0,1,43.09548485456187,1,62.22022913417061
98,0,1,1,35.0973286462489,0,56.37080626654974
99,1,0,1,41.31011483467962,1,63.52063753114646
100,1,0,0,36.78454362059378,0,64.38676716569073
101,1,0,0,41.42388475763376,1,60.30705850888251
102,1,0,0,42.49375795056197,1,60.54696318897866
103,0,1,1,59.00975005289408,0,63.16896733775081
104,1,1,1,64.75579981031268,1,66.30708707537249
105,0,0,1,45.4085662686453,1,57.78024929508305
106,0,1,0,59.19238549215972,0,63.74561198667204
107,1,0,1,43.9766528566128,0,59.34075786260629
108,1,0,0,30.81710263823744,1,60.01311794908178
109,1,0,0,38.29903411794057,1,61.90698890846713
110,1,0,0,64.8799590853077,1,62.92739931146262
111,0,0,0,60.754265131398,0,61.18330444267504
112,1,1,0,40.91166516767734,1,60.08411028713743
113,0,1,0,43.74227411835942,0,64.2037699602021
114,0,1,0,46.06458020252006,0,62.87284761293336
115,0,1,0,28.85510104308829,0,59.9988139887199
116,1,1,0,38.18359098846662,0,61.83571237833446
117,1,1,1,35.97019155260674,0,57.38991960930443
118,0,1,0,41.94814469916604,1,60.89909738183756
119,1,0,0,56.91006749852647,0,66.83993240985713
120,1,0,0,62.68453620424246,0,66.22569310320614
121,1,0,0,46.24550255946654,0,60.84802231158832
122,1,0,0,46.99804793344925,0,62.03358450285047
123,0,1,0,30.61377714411521,1,56.72561412929909
124,0,1,1,64.34285223306497,0,66.93756890942522
125,1,0,0,46.66539148788723,0,64.50300605919274
126,0,0,0,45.90821418176834,1,61.03961803436486
127,0,1,1,49.70134748238114,0,62.57487275012995
128,0,0,0,55.99284500465913,0,61.90531858136815
129,0,1,1,49.37908062199671,0,62.42637490630857
130,1,0,1,48.95885249551283,1,64.84069606517079
131,1,0,0,44.25256508663077,1,62.78959335193035
132,0,0,0,61.94481210015564,1,67.22594176831961
133,0,0,0,48.38374733036829,0,62.53065533700077
134,1,0,0,51.162479686815,1,65.42459451001929
135,0,1,1,49.05695086163621,1,62.56322557539803
136,1,1,0,52.89475069523944,1,64.45032298986649
137,1,1,0,53.33138780842802,1,66.74673922528794
138,1,1,0,52.25459872272384,0,62.78323026568451
139,1,1,0,66.0476934059306,1,68.20626924984496
140,1,0,0,64.63989303979537,1,65.214531611523
141,0,0,0,58.82151225895156,1,66.67025595124618
142,0,1,1,52.56628069038214,0,59.3430315984549
143,1,1,0,42.30514959231927,1,61.33589757910477
144,1,0,0,49.76488152410948,1,60.51558026267539
145,1,1,0,55.10660045028323,1,64.52279475201387
146,0,1,1,43.94434811722062,0,57.45548477454125
147,1,1,1,41.49835038061039,1,66.19891954987756
148,0,1,0,32.26901948557788,0,62.04295302893364
149,1,0,0,37.3536598981137,1,62.99557872151276
150,0,0,1,47.15972022093177,1,62.94765566836821
151,1,0,0,37.46975787800007,1,59.26674380123995
152,1,0,1,43.67062175127607,1,62.59710141238705
153,1,0,0,44.39334169540278,0,63.32721908822332
154,0,1,0,46.33564314580416,0,60.81442963865951
155,0,0,1,26.75029610683375,0,57.97232415324548
156,1,1,1,45.55989437247946,0,57.7935929316072
157,1,1,1,38.48732578441705,1,57.64757755473654
158,0,0,1,51.50869110223397,0,64.06390274240172
159,1,1,0,44.14175090497895,1,61.70007225341706
160,0,1,0,60.48240010129248,0,68.14485191990386
161,1,1,1,36.78355186664419,0,61.10270259147049
162,1,0,1,42.79876607081076,0,59.87675005852716
163,1,1,1,35.93118767849318,1,61.67095940272448
164,1,0,0,47.12503314056945,1,59.98975161307325
165,1,0,1,54.87470102270474,0,57.74639716521152
166,1,1,1,52.37730445800018,0,64.06589508272405
167,0,1,0,59.54757025907611,0,65.66562702895658
168,0,0,0,57.43293205786173,1,66.94509983585309
169,0,0,0,27.0406177013462,0,58.8861294778962
170,1,0,1,40.95131307501089,1,57.80940683233848
171,1,1,1,41.68883647168423,1,58.70070427097932
172,1,1,1,48.85222617945885,1,60.71063670013724
173,1,1,1,56.91056613943965,1,61.2022815562561
174,0,1,0,42.15425921664431,0,61.82457010128071
175,0,0,0,44.73131464572493,1,61.57593824470588
176,0,1,1,54.19713422071288,0,63.24410147796651
177,1,0,1,42.59237191896072,1,60.33152289371636
178,0,0,1,42.31957327277946,0,62.89305270666728
179,0,0,0,56.79768020838009,0,64.74244979862343
180,1,1,1,38.0759452041839,0,61.95761843054819
181,1,0,1,62.3578332075543,1,63.47311840064066
182,1,1,1,52.04400501606955,1,62.15488241496828
183,0,0,1,46.32845077806476,0,59.96271969747297
184,1,1,1,64.11857063873549,1,63.67153658424314
185,1,0,0,29.21145946392948,1,60.93532270867478
186,1,1,1,48.01775691763685,1,59.44383461065632
187,1,1,1,52.06572837103945,1,62.17209635127179
188,1,0,0,38.73069989939334,1,62.99597361580579
189,0,1,0,55.98153140930769,1,64.08654721417341
190,0,0,0,36.21704156792486,0,60.0101014837017
191,1,1,1,34.92629689060745,1,60.73644387204266
192,1,0,1,42.26931194877628,0,59.30209042258867
193,0,1,0,73.23779441189177,0,66.15946478871631
194,1,1,0,63.35448719387687,1,67.44673414836959
195,0,0,1,48.14764938619541,0,62.36326741684474
196,0,0,0,44.1863310079155,0,61.58300616750796
197,0,1,1,50.6857730404005,0,61.48758304681884
198,0,0,1,24.16799357250764,0,57.46143982603007
199,1,0,1,62.78442625352413,0,62.75647115980977
200,1,0,0,46.17396477641246,1,59.7548980533805
201,1,0,0,50.49332841585882,1,61.65465074769717
202,1,0,1,47.47228802431958,0,59.23849706884421
203,1,1,1,61.83737406198821,1,63.33056255533968
204,1,0,0,58.15403290581797,1,63.77877921961967
205,1,1,1,60.0024857465668,0,64.89691181553916
206,0,0,1,28.55073499008289,0,56.07833824159286
207,0,0,1,61.77389456973738,0,63.16807352485785
208,1,0,1,40.92953766972295,1,60.78872676352933
209,1,1,1,52.77067269558163,1,63.93797709823449
210,0,0,0,49.85431333615957,0,63.40333084134635
211,1,0,1,47.57741595984452,1,62.09353780548527
212,0,0,0,32.915732271979,0,62.1647481030648
213,1,0,0,48.7083682021069,1,62.81435835388397
214,0,0,0,36.29261674718243,1,58.56863626694164
215,0,1,1,37.81857835208808,0,57.49192269166507
216,1,0,1,41.42737110854506,1,59.42516857943988
217,1,0,1,23.13699139796512,1,58.05756651692417
218,1,0,1,42.16620882037374,1,63.48643046917928
219,0,1,1,41.12467097867517,0,59.77878610590922
220,1,0,1,39.13657332446519,1,60.1248388714557
221,1,1,0,47.03824396450847,1,61.27761425789824
222,0,0,1,33.59470047542296,0,63.09770475892292
223,1,0,1,65.15517227613657,1,64.73325601362289
224,0,0,1,50.55566996796479,0,64.48894548875164
225,0,1,1,56.61143822155015,1,64.14808134699938
226,0,0,0,50.45470114925762,0,64.30038467972277
227,1,0,0,57.8437405908343,1,61.37704636937504
228,1,1,0,38.43357334606814,1,59.1041107339277
229,1,0,0,64.06142090728815,1,68.64341368914218
230,1,1,0,45.81163649228061,1,62.50609706467834
231,0,0,1,41.2261263630724,0,62.50866034738556
232,1,1,1,45.91380543987729,1,63.35568538366562
233,0,1,0,66.13751467473446,0,66.30996582360585
234,0,1,0,49.11252994968651,0,60.27526736630833
235,0,0,1,26.20316825013358,1,60.2881375183953
236,1,0,0,55.86020468384422,1,66.98201927870639
237,1,0,1,68.49449892397325,1,65.01487299590194
238,1,0,0,64.94796976521671,1,65.39891943069888
239,1,0,0,46.31349857742782,0,65.57887583633989
240,1,0,0,33.69685190085976,1,61.20499807943545
241,1,1,0,39.97948938325857,0,63.25395526070254
242,0,0,1,29.52332943283424,0,59.6693469851486
243,0,0,1,48.1805425178655,0,62.46649967854427
244,1,0,0,39.84686682160172,1,65.51198612703998
245,1,0,0,13.2349251346905,1,57.75621411447057
246,1,0,1,58.43714651087755,0,62.3586823201212
247,1,0,0,53.93278394177212,0,63.61656300821725
248,0,1,1,48.79083430092586,0,60.25673854964155
249,1,1,0,56.40712049100207,1,64.47540420397024
250,1,0,0,39.68867020187729,1,62.65209992874516
251,0,0,0,38.65359769982379,0,57.5213068435084
252,1,0,0,65.28287612900724,1,66.15927148879381
253,1,1,1,64.26789758071855,0,64.37237105658573
254,1,1,0,59.38519769319423,0,66.49415591874816
255,1,1,0,49.40638781861426,1,61.88215719289792
256,1,1,1,60.46155194247447,0,60.67861276572049
257,1,1,1,53.08095537494622,1,60.87075990233603
258,0,1,0,48.70676576780563,1,62.29196442684056
259,1,1,1,62.90560213638391,1,65.85968275357367
260,1,1,0,51.62570854973397,0,64.56593207144047
261,1,0,1,36.03761376906324,0,58.78045071734103
262,0,0,0,54.54366544602795,0,64.78146253692256
263,1,1,0,42.50161419982086,1,61.53945563962505
264,0,0,0,59.32843247621832,0,61.76028249580266
265,1,1,1,46.22873197064975,1,61.87609698074706
266,1,1,0,57.53839992284671,0,65.33042158210502
267,0,0,0,60.60876314358262,1,64.86430446483851
268,0,1,0,49.7338986757083,0,64.15635194339549
269,1,0,0,50.47053982246613,0,62.32637226542285
270,1,0,1,53.31283538215024,1,63.48694071616917
271,1,0,1,48.74003835975827,1,62.10730532888345
272,1,1,1,53.28911183932351,1,63.29515159369798
273,1,1,0,46.74472417531478,1,65.72522126715312
274,0,0,0,29.152219071949,0,59.14244481811205
275,0,1,1,55.81877263330894,0,61.00013248675499
276,0,1,0,41.51213393685089,1,60.85329437774149
277,0,1,0,60.48031716196339,1,63.27581323007534
278,0,1,1,56.72415875779434,0,60.98313433754662
279,1,1,1,55.8755701469779,0,63.94528962556306
280,1,1,1,34.94065487633856,1,59.36433823554353
281,0,1,0,55.03860925906326,0,62.08712966253094
282,0,0,1,31.19442486996392,0,57.35631964399628
283,1,1,1,47.42588223272818,1,62.846358941018
284,1,0,1,38.79077000389868,1,60.69884327621408
285,1,1,0,43.54784184173417,0,61.64190716372496
286,1,0,1,49.64161959910686,0,64.68789860239981
287,0,0,1,51.04273905091891,0,64.18616906295621
288,1,1,0,43.00912304865496,1,61.62018463949376
289,1,1,0,61.74487098296794,0,66.87260366786745
290,1,1,0,30.79346183426949,0,57.88888480455869
291,1,1,1,33.20626175833353,1,57.25042959720966
292,1,1,0,59.45764490355909,1,64.15272032732197
293,1,1,1,66.17111127342964,1,62.87753377394399
294,1,1,0,34.23579883433068,0,61.32591444764896
295,0,0,0,56.2995893701528,0,59.66120500348656
296,0,1,1,38.53754794398404,0,64.24683961383302
297,1,1,1,69.54344020450156,1,65.74488568768709
298,1,1,0,51.52697275482565,0,65.51183333911288
299,1,1,1,44.39530118843217,1,63.96850106535842
300,1,1,1,36.45883070100808,1,63.33214876360024
301,0,0,0,38.5322296193879,1,61.85353461988898
302,1,1,0,47.20109733183689,1,63.52139881012643
303,1,0,0,46.95313774853779,0,58.2370635652078
304,1,0,0,62.77980288880961,1,66.6503033067478
305,1,1,1,55.25292336804294,0,60.29420807813369
306,0,1,1,36.53044560677465,0,60.27785866102429
307,0,0,1,51.84329271681668,0,60.51688650962316
308,0,0,1,37.01101207049133,1,58.77218140265578
309,0,1,0,47.95065926421015,1,60.05083419984408
310,1,0,0,66.28084665035706,0,62.36384027596532
311,1,1,1,42.81852084840906,1,64.31320555345803
312,1,1,0,59.69156995119778,1,66.23061468239001
313,0,1,1,43.8944884786242,0,61.79240960435579
314,1,0,1,40.4666383925399,0,55.0956205230576
315,1,1,1,39.91082719386906,1,63.45019646439104
316,1,0,0,49.30976320959272,1,61.03072119093729
317,0,1,0,68.21007140982908,0,67.74341923180343
318,1,0,0,53.07407247941833,0,62.57064114027965
319,0,0,0,40.11833032301583,0,63.07332108987453
320,1,0,1,29.74588905759521,1,59.21998056496854
321,1,0,0,64.82731739746731,0,66.41509617044983
322,1,1,0,51.97924826796218,0,63.34516708795582
323,0,0,0,44.09461718009038,0,63.20581271052102
324,1,0,1,35.08745679165498,0,58.51995269915864
325,1,1,1,54.06881420218301,0,62.42862288785052
326,1,1,1,57.45041024251025,1,63.81032276367754
327,1,0,1,28.99806601415055,1,58.21832455904698
328,1,1,0,59.89996354755268,1,65.63426232978883
329,1,0,0,55.89382858741053,1,65.62710435507526
330,1,1,0,39.26857994534925,1,61.04921027270217
331,0,0,1,69.64377064628194,0,65.38172909320727
332,1,1,0,25.33304880157599,1,59.56873026488729
333,1,1,1,66.10627764254909,1,63.94004768720221
334,1,0,1,51.91393396526406,1,65.79374447224809
335,0,1,0,49.84998131838186,0,62.15549942098699
336,1,1,1,48.76846353084716,1,64.69171430288684
337,1,1,0,55.79196445357036,0,64.29635150269245
338,1,0,0,49.90840957811464,1,61.9564946395351
339,0,0,0,53.88832760440558,0,60.59087337092969
340,0,1,0,36.56270438952136,1,62.20664235436414
341,1,1,1,36.35476752064288,1,63.40958701628512
342,0,0,0,46.32963715360764,1,59.69262090509559
343,0,0,0,44.44839978078406,0,61.42940401462371
344,0,0,1,52.78050394300396,0,60.49079893515238
345,0,0,0,59.60360151048067,0,62.83053279328821
346,0,0,1,46.2294411247062,0,60.3988698079395
347,1,1,0,66.00759651310067,1,67.10082530543433
348,0,1,1,41.47413845243544,1,62.51804405852593
349,0,1,0,45.91977360543444,1,65.20320848942659
350,0,1,0,59.22495817743065,0,62.66820547018332
351,0,0,1,50.65686987952092,0,60.78532282326491
352,0,0,1,38.25240824533257,0,58.97987857399298
353,0,0,0,43.44345391014262,0,60.35819765961037
354,0,1,1,51.0744559017712,0,61.16957035444845
355,0,1,1,36.4820249525303,0,60.14322300913813
356,1,0,0,39.76197042670743,1,59.43598717008025
357,1,0,1,65.23082316491916,1,64.98127225232426
358,0,0,0,40.25431211921432,0,58.6653878050988
359,1,1,1,49.43990442204403,1,62.33270415745026
360,0,1,1,52.89322106200039,0,63.66458938991327
361,1,0,1,39.26564237433598,1,59.456399561681
362,1,0,1,60.83433262781556,0,64.03262451608884
363,1,1,1,52.69660734444854,1,62.71467859373412
364,0,1,1,46.4519694407206,0,61.67569520662475
365,1,0,0,59.79233469305397,1,65.07368466662145
366,1,0,1,42.65545623175132,1,59.8396196974462
367,1,1,1,54.62582910051684,1,67.88425089797857
368,1,0,1,25.77074117577554,0,62.84701360180372
369,1,1,0,41.02722127359845,1,61.70576154748172
370,1,1,1,45.13945244094732,0,63.00622198034126
371,0,0,1,51.01545929433181,0,60.81961784049496
372,0,1,0,46.40401479902781,0,61.56876432682684
373,0,0,1,55.65433608794239,1,62.34438469158308
374,0,1,1,42.04329817782064,0,59.79041547213978
375,0,1,0,53.88162415317419,0,60.17340922793132
376,0,1,1,44.20780741800189,0,60.59660692069494
377,0,1,1,45.58087070699175,0,62.15946372168591
378,1,1,1,41.50711270413458,1,62.74865237021087
379,1,1,1,30.8822489148406,1,60.7728089036372
380,1,1,0,49.96095610908355,1,61.12298715528291
381,0,1,1,53.34141865570617,0,61.42299122538893
382,1,1,0,47.96452457311754,0,60.54497703678008
383,0,0,1,48.1050854371661,0,59.8873872358068
384,0,0,1,43.78363557828632,0,58.51103994210433
385,0,0,1,29.08079954823177,0,58.16204980265855
386,1,1,0,54.38397703074249,1,65.09050685504629
387,1,0,1,37.5906572227318,0,57.79756114052204
388,0,1,0,56.36942322547178,0,64.05640188904057
389,0,0,1,67.40840223553388,1,62.02306234296022
390,1,1,1,34.15411357897968,1,60.0932047221514
391,0,1,1,47.13779541552913,0,63.54239057795301
392,1,0,0,50.47283817856115,1,62.28926902611466
393,1,0,1,34.68803087712736,1,63.98847652864747
394,1,0,1,49.37092677129645,0,64.15677449077624
395,0,0,1,28.67194221121188,0,59.48385099927606
396,0,1,0,28.02139638111917,1,64.45852472601104
397,0,0,1,57.51203381148279,1,64.14655509360479
398,1,1,0,53.5749267013729,0,60.2375079865719
399,0,0,0,59.77995564202423,0,64.60560669693385
400,1,1,1,39.34791362208179,1,56.03339492573234
401,1,1,0,37.86767280499207,0,59.67391166545294
402,1,0,0,40.08127312920166,0,56.66616581405513
403,0,0,0,53.12601931494373,0,60.94923597285844
404,1,1,1,37.53656705190301,1,59.25545276159938
405,0,1,0,59.90439978874832,0,61.77725437569225
406,0,0,0,70.30450528127128,0,64.43567972931584
407,1,1,1,46.06175581968402,1,60.74502303372154
408,0,0,1,56.94452263879487,0,60.08558383209431
409,0,1,0,60.51654268462173,0,64.7145616371601
410,1,0,0,63.59934766189583,1,64.7783174853013
411,0,1,0,54.14644582048833,0,61.19746604944569
412,1,0,1,22.58933425211868,1,57.83327206634244
413,1,1,0,49.30432995112713,1,64.22670161263424
414,0,0,0,48.7702042477353,0,63.66431789060437
415,1,0,1,36.01768952417457,1,60.29749834497286
416,0,0,1,63.74992292188404,0,62.26645787758584
417,1,0,1,49.09475590433585,1,60.45322379852306
418,1,0,0,63.91260553734813,0,66.22846773632182
419,0,1,1,54.87455930221717,1,61.69887191372075
420,1,1,0,67.11494584231555,1,67.02109754669804
421,0,1,0,26.49600801997742,0,61.26362978261903
422,0,0,0,41.08195921801216,0,61.07444030865706
423,1,0,1,37.16541254157448,1,61.14933926888182
424,0,1,0,50.79860602450432,0,59.90862204478695
425,1,0,0,46.29933570977239,0,63.60937936123653
426,0,0,1,65.17672142009781,0,62.21166532589958
427,0,1,1,39.98171092281765,0,60.42780466758482
428,1,0,0,68.62085428803489,1,69.47010068989435
429,0,1,1,61.76536161700533,0,63.37609731808455
430,1,0,0,59.27622231153293,0,63.91775003718775
431,1,1,1,46.61555576807581,1,60.38579576329402
432,0,0,1,45.10410012144142,0,59.78690129116194
433,0,0,1,48.24472454474616,0,59.71811930456634
434,1,1,1,53.29836508831652,1,61.78534210193664
435,0,1,1,33.71459438040348,0,61.06259986513069
436,0,0,1,54.04034571866612,0,61.28703069030716
437,1,1,0,63.72322877454722,0,60.1753409647432
438,0,0,0,46.05620138310164,0,64.81349963835397
439,0,0,0,59.98200562157793,0,62.3601576738174
440,0,1,0,62.53280103833238,1,67.98225727213959
441,1,1,1,59.64782620204075,1,68.14092410116747
442,0,0,0,56.34669010922639,1,62.73235026416548
443,0,1,0,33.62366274213765,0,61.35734315954297
444,0,1,0,63.66261661733229,1,65.79708617792465
445,0,0,0,67.59548476709395,0,65.2698837644059
446,1,0,1,37.42892745584761,1,58.61421901838309
447,1,0,1,53.43349874297344,1,59.57046455060335
448,1,1,1,52.50350779165458,1,64.59393456519804
449,1,0,0,49.08863544738975,1,60.32050688208422
450,1,1,1,59.22662635640329,1,61.13186916178731
451,0,1,1,46.08772409479561,0,61.64795483384214
452,0,0,0,68.692443807516,1,67.6210691179042
453,0,0,1,40.50364542797197,0,59.66964453195631
454,1,1,1,46.89370942486953,0,60.7996537068145
455,1,1,1,48.81681457583701,0,62.51931337308793
456,1,1,0,51.8807674883347,1,64.47162407506003
457,0,1,1,34.63245190899944,0,57.65735506145066
458,0,0,0,60.54108925934405,0,61.18523515004669
459,0,1,1,42.85796089594081,0,61.62642265332088
460,0,0,0,60.63547966730397,0,64.63112856352539
461,1,1,0,51.39567310677212,0,63.10041072920892
462,1,0,1,75.22391421179877,1,67.00039473757326
463,0,0,0,67.52435017723604,0,64.6858403635479
464,0,1,0,40.05932387782038,0,62.29803351938313
465,0,0,0,45.47560070144402,0,59.48291019213904
466,1,1,1,36.84815897395301,1,59.89461963464527
467,0,1,1,48.06680862059959,1,63.31508342870645
468,0,1,0,39.59898938046388,1,62.18573325666229
469,1,1,1,39.57585186580183,1,54.62984829455243
470,1,1,1,51.43194795679435,1,63.1740520413186
471,0,1,1,50.7914657870102,0,63.57166957043258
472,0,0,1,45.92987324703321,0,59.86832875941515
473,1,1,1,17.60026813298836,1,58.72835849646066
474,0,1,0,51.38836205959419,1,63.09152422851388
475,0,0,1,51.05450806753197,0,56.68242702464391
476,0,1,0,46.41892090052283,0,60.02283326595672
477,0,0,0,44.09435058461175,1,62.70310410642185
478,1,0,1,35.23040815401404,1,60.72319184389149
479,0,1,0,48.53356366873641,0,60.9607493947554
480,1,1,0,61.54115424485002,0,64.40204242723632
481,1,1,0,70.45582916744516,1,71.51230730403923
482,1,1,0,50.59816675702719,1,66.36572597580725
483,1,0,1,34.22942379477558,1,60.54271507432506
484,0,0,0,35.9817105357584,0,61.31657326290748
485,0,0,1,70.6372066763098,0,64.39770190027318
486,0,1,1,43.61759387582919,0,60.49995379958687
487,0,1,1,53.56476713526965,0,62.20823968428
488,1,1,0,77.40090511729521,1,67.29887371812588
489,1,0,1,28.11422195057568,1,58.00281058193225
490,0,0,1,60.6630397067994,0,65.51305879395238
491,0,1,0,42.5494158205473,0,61.73152012466218
492,0,0,1,51.81822518995359,0,60.23057162124894
493,1,1,0,51.19064431483589,1,61.11171707832028
494,1,0,1,44.98033430879431,1,59.6743596651786
495,0,0,0,42.9908200844735,0,60.18317355381516
496,0,1,0,51.25923257557018,0,64.56231532711104
497,0,0,0,59.07992535690781,0,65.74617845618243
498,0,1,0,47.68877398055196,1,60.04121295361188
499,1,0,1,52.10797345106228,1,63.73564444983877
500,0,1,0,43.87648378471746,1,63.64466308312505
501,0,1,0,75.45544085279948,1,67.48778859473889
502,1,1,0,59.195917610565,1,65.985566092086
503,1,0,1,21.44025346881974,1,58.57679548606323
504,0,0,0,41.52095900493445,0,61.43225764981329
505,0,0,1,56.90552556211571,0,63.77527085377242
506,0,1,1,41.54161276354993,0,60.01402634163497
507,1,1,0,55.01670593003851,1,65.00298493842328
508,1,0,1,32.3458116402545,1,60.78858231278323
509,1,0,0,42.64929535158299,0,63.31957361881481
510,1,1,1,55.83204950063107,1,66.6754891147594
511,1,0,1,40.52279463109407,1,59.89886895848638
512,0,0,0,52.15306064795659,1,64.75063827339015
513,0,0,1,43.95093700485609,0,62.56205671101774
514,0,0,0,46.38323014124407,0,61.89948698731463
515,1,1,1,49.10269067356328,1,62.77928531466481
516,1,0,1,50.48347720025075,1,62.92991031686227
517,0,1,0,35.26658139647817,1,61.70204238996349
518,1,0,1,67.27036047810307,1,65.96844801354561
519,0,1,1,40.10966930024037,0,56.75851880502113
520,0,1,0,45.52821930114987,0,65.43494451353129
521,1,0,0,49.21347517179086,0,64.1192727002681
522,0,1,1,56.06596331720784,0,64.69682878275682
523,0,1,1,40.75351656864887,0,60.75982716838844
524,0,1,0,35.8130923204,0,60.46032344621794
525,1,0,1,33.19842356697434,1,62.5296517195161
526,1,0,0,41.04446692927243,1,60.68462949987534
527,1,1,1,29.13302109261676,1,57.68464863606108
528,0,1,1,60.0965121980631,0,61.98021298725317
529,1,0,0,37.52618410492335,0,58.81422169864416
530,1,0,0,60.17069555843035,1,63.94318314472012
531,1,1,1,62.86115996965518,0,62.59471914911984
532,1,1,1,44.24527609317133,1,62.34494207084717
533,0,1,0,48.64647428717479,0,64.19536509242739
534,1,1,0,56.15143336293629,1,64.96450815203158
535,0,0,0,47.37622484580039,0,64.43820028878994
536,1,1,0,53.89275640487212,1,63.99021764950975
537,1,0,1,26.47970121562985,1,63.61856045653285
538,0,0,0,42.46987616988534,0,61.30490598853726
539,0,0,0,56.55261491921195,0,65.68219612581501
540,0,1,0,38.6802463240144,0,58.01124611666322
541,1,1,1,48.72711043204142,0,63.1615751605679
542,0,1,0,42.67403960555949,0,60.65407683938329
543,1,0,0,50.74120705784591,1,64.48445137390425
544,1,1,0,49.52116300541302,0,65.32147415535874
545,0,1,1,43.04553074586835,0,59.45686351477769
546,1,1,0,53.67256303850738,1,67.46779017676698
547,1,0,1,25.32010675146341,1,57.81780446067862
548,0,1,0,52.83164440785777,0,64.88440497434658
549,1,1,0,51.88529409525241,1,66.81792649600933
550,1,1,1,29.56266763291871,1,59.57813385878876
551,1,0,1,39.3548528542318,1,62.30786176044531
552,0,0,0,61.47068708295002,0,67.71383095734092
553,0,1,1,65.73500744479948,1,62.31224627868095
554,0,1,1,33.87171420706316,1,60.09788101267672
555,0,0,1,61.02038572681812,0,60.55091953463015
556,1,0,1,49.61117269569992,1,60.95911445683434
557,1,1,0,56.88416882120231,1,66.01329930703791
558,1,1,1,43.96854157429489,1,63.16424175841883
559,0,1,1,56.32678447938927,0,61.50738489957034
560,0,1,0,50.83035562725565,1,64.55006664708114
561,1,0,0,53.3657863482838,1,65.01785609108705
562,1,0,0,54.48709828558125,0,64.33642450022742
563,0,1,1,45.69989925318096,1,58.06642848302144
564,0,0,1,46.05257954342725,0,56.41522052499084
565,0,1,1,37.3141165503385,0,58.50165352468016
566,1,0,0,69.27248245039672,1,65.25322898911779
567,1,1,1,50.49461869493179,1,61.76511166313554
568,0,1,1,39.28082024943886,0,61.44372570670749
569,0,1,1,64.80485708117163,0,62.08757346478136
570,0,0,1,39.89742438480506,0,60.15468747803816
571,0,1,1,60.43344057170911,1,65.15225728181979
572,1,1,1,52.36136103803974,1,65.29435548414708
573,0,0,0,58.23250550635125,1,64.73161936805973
574,0,0,1,62.07720806486275,0,65.18038820052087
575,0,0,0,55.39788640009523,1,62.63487407067502
576,0,1,1,44.70005927727136,0,61.85873226294061
577,1,0,1,55.81297728249069,1,62.9947812720875
578,0,0,1,38.87396209131749,1,57.48933123335997
579,0,1,0,64.2814461585014,0,67.09945537775853
580,0,0,0,40.7390613212084,0,62.33020978072588
581,1,0,1,51.99283225874729,0,60.97203559021708
582,0,1,1,53.32253650639686,0,59.40155894659059
583,0,1,1,42.81874319349743,1,61.47863195717911
584,1,1,1,48.41145618075156,0,60.29279717721861
585,1,0,1,39.21731394728528,0,60.63715749161416
586,0,0,0,60.51513012770686,0,67.76495515967369
587,0,0,0,64.70190824060741,0,65.43922148124321
588,1,1,1,38.79563754144098,1,61.09893316716764
589,0,0,0,47.42885192558315,0,65.38210419713556
590,0,1,0,48.35122963019651,0,61.67326976615293
591,1,1,1,56.66133172113377,0,61.67626193958554
592,0,1,1,46.41904727877576,1,65.29474710081571
593,0,1,0,52.9858197189804,0,63.78487078633247
594,0,1,1,47.24593979542115,0,56.66156296698333
595,1,1,1,58.99534813914071,0,64.57176635560739
596,0,0,0,51.38865018989035,0,63.49600334207056
597,0,1,0,40.12073188621308,0,63.69403082591091
598,1,0,1,34.51321376002233,1,59.52851319616296
599,1,0,0,59.0680937846284,0,61.834076609433
600,0,1,1,46.32725342891423,0,61.25238750547734
601,1,0,0,45.95554594610737,1,68.71201656762346
602,0,1,0,56.23319424799358,0,63.85607393466055
603,0,1,1,52.93531830622666,0,63.01608502288295
604,0,1,1,45.79228918263586,0,60.7866989967652
605,0,0,0,48.90539159638693,0,62.61968780979206
606,1,1,0,51.12166716492466,1,65.59803263891538
607,0,1,0,80.56686043127702,0,68.50246746018266
608,1,1,0,53.91044711992674,1,64.67928352520052
609,1,1,1,54.0470729559454,1,63.52220368752825
610,1,1,1,50.04350796654819,1,65.36968357509237
611,0,1,0,31.56228638784207,0,55.19830558745168
612,0,1,0,61.19621881874288,0,68.01884955225592
613,1,1,1,52.10337590439126,0,62.56392245862499
614,1,1,1,43.705477697536,1,63.1845905579372
615,0,0,1,53.64519883715327,1,63.25716325768386
616,1,0,0,54.60851240414375,0,66.37114701686406
617,1,1,0,70.34715063419497,0,63.52071345407598
618,1,1,1,34.87962358237559,1,61.60616148633206
619,1,0,0,49.13268142641978,0,63.25679606625981
620,1,0,0,60.02999713236239,1,67.76025541192986
621,1,0,1,38.07756921990026,1,58.95765096249759
622,0,1,1,25.01227386010824,0,58.85323434626055
623,1,0,1,34.69163183236621,0,56.21028516956459
624,0,1,1,60.03139414724925,0,63.3398221428102
625,0,0,0,49.24290979943347,1,65.09795462644452
626,1,0,0,48.96126898311536,1,63.01975551220318
627,1,0,0,60.29442837456946,1,62.81456449384108
628,1,1,1,52.32628712802321,1,63.11637305715426
629,1,1,0,56.24828229075769,0,61.64463795915515
630,1,1,1,44.13148574887912,1,59.96589984448868
631,1,1,0,25.32595150524902,1,60.26021905406888
632,1,0,1,32.85589737446249,1,60.18716832155774
633,0,0,0,50.01890187510499,1,60.61678794838424
634,0,1,1,56.33796892218589,0,62.12718821605639
635,0,0,0,79.03864910333428,0,67.5050676852314
636,1,0,1,52.84181845202644,1,66.46147384556726
637,0,0,0,31.32999611013619,0,58.02916440320244
638,0,1,1,53.54792914613418,1,61.73366899914633
639,1,1,0,65.08477341627724,1,64.74359746907756
640,1,0,0,60.98881110533544,1,65.97927420384856
641,1,0,0,46.76176871799228,0,59.94663639852151
642,0,0,1,43.52890437522105,0,60.76901140250053
643,0,1,0,55.21548032086459,1,62.57864366999347
644,0,1,1,43.46225495746003,0,60.29660665125998
645,0,0,1,45.64979410727386,0,60.54494623874595
646,0,1,1,48.45207896535906,0,57.99569009033657
647,1,1,1,57.1969832586754,1,62.93764095636858
648,1,1,0,55.53439001590055,1,65.07252296007496
649,1,1,0,57.62943539225649,1,64.85057420483922
650,1,0,1,65.1741534351345,1,64.04815085653499
651,0,1,0,55.08341830382874,1,63.20967824690914
652,1,0,0,65.57334561750397,1,65.08234363160588
653,0,0,1,43.99224401643569,0,60.07105144167455
654,0,1,0,75.94049139208224,0,66.6704938048984
655,1,0,1,44.75660588283872,1,59.28254895688037
656,0,1,0,41.25157442066711,0,61.37607974018355
657,0,1,0,34.00228598319049,1,62.00964373185584
658,0,1,1,45.3094706139075,0,59.04459378656533
659,0,1,1,31.85008420273613,1,57.49858163815359
660,0,1,0,24.42684511536371,1,61.85876628475408
661,0,0,1,54.66627369329992,0,61.37645074641406
662,0,0,1,40.55276791454138,0,58.34654357376073
663,0,1,1,48.5750489254526,0,60.6509353037114
664,1,0,1,46.25053875983828,1,61.34321679794528
665,1,0,0,61.67995248702078,1,63.99140257521277
666,0,0,0,47.83501061764138,0,61.17250299590732
667,0,0,0,52.57632528386389,0,63.56297776112654
668,1,0,1,39.61039461393113,1,60.85508009807104
669,1,1,0,28.33810151780375,1,61.50710762175505
670,1,1,0,54.40686107868492,1,62.4701522738328
671,1,0,1,45.36095647496776,1,62.22495372912203
672,0,0,0,34.46042401424897,0,60.16123256429178
673,1,1,1,51.93729153387021,1,61.04509741323077
674,1,1,1,46.97180904393223,1,65.84236820585159
675,0,0,1,53.27012111411707,0,63.30427198676428
676,1,1,0,52.19493143796456,1,66.13124905071116
677,1,0,0,47.53569988387019,1,62.51377913399418
678,1,0,1,53.84036883480648,1,61.67316273367385
679,0,0,1,57.36142106259834,0,60.78556432323668
680,1,1,1,44.56154315725672,1,63.41007256332907
681,1,1,0,56.89842824815067,1,68.60025447626239
682,1,0,0,41.52838235023123,1,62.49869128069525
683,1,1,1,35.76582155653456,1,62.0803655737115
684,0,0,1,33.73504507064652,0,59.46240826876757
685,0,0,0,63.65827218461646,0,67.81435050205998
686,0,1,0,56.21182107156034,0,65.30308993902202
687,1,1,1,40.22657464441859,1,62.42738685912597
688,0,0,0,42.92262600124521,0,58.91456319135999
689,1,0,0,30.38566829300285,0,57.79535150856128
690,1,0,0,56.14499127810625,0,62.73684290287705
691,0,0,0,44.24539425756632,1,58.07126730928218
692,1,0,1,37.33869384372456,1,59.4875517795158
693,1,0,1,51.56355536431138,1,61.97986165563428
694,1,0,0,60.62365134168945,1,63.77904097202785
695,0,1,1,39.8465043041118,0,58.71656933016523
696,1,0,1,45.1299058908787,1,66.45447121407385
697,0,1,1,50.76113646053157,0,62.12336827893814
698,1,1,1,56.33963108594266,1,61.2593152462386
699,0,1,1,51.71218488298788,0,62.35772707970995
700,1,1,1,41.88739215419487,1,62.40440068751493
701,1,0,0,62.59462708357785,1,65.00199229158233
702,0,1,1,57.58967891449608,0,59.86404679190805
703,1,0,1,56.39423102556498,1,62.59512979445186
704,1,1,0,52.67908991956425,1,67.3512747906919
705,1,1,0,53.35714778364331,0,62.03957980632524
706,0,1,1,25.06846196907772,0,55.69992793718986
707,1,1,0,40.87767257437768,1,62.64341671319459
708,1,1,1,53.85766532902218,0,61.13881576315256
709,1,1,1,46.06616798442664,1,59.91530715335098
710,1,0,0,53.54567336035673,1,62.83278719674841
711,0,1,1,61.81048835186569,0,63.20962269710539
712,0,0,0,63.02378686877109,1,63.38531256623947
713,1,1,1,49.04873941481733,1,62.37446685146308
714,0,0,0,65.43394197748087,0,64.44907194471124
715,0,1,1,43.91874681996888,0,58.73700478444187
716,0,0,0,47.69304355128494,0,62.47147757409205
717,1,0,0,42.48411409205393,1,61.30786635701681
718,1,0,0,71.04820407175377,0,61.83726686954807
719,0,0,1,46.18415613129745,0,58.16558229299864
720,0,1,0,56.27036272025086,1,64.12803205291692
721,1,0,0,44.34696972609961,0,62.45959654070924
722,0,1,0,51.39375472056435,1,63.67081748634829
723,0,1,0,32.82219437991373,0,60.23464941017818
724,1,1,1,29.67997153522797,0,58.15995055652989
725,0,0,1,56.22101554363665,0,62.56179563163958
726,1,1,1,59.45480528491196,1,67.39289118339383
727,1,0,0,44.58248285472825,0,62.15548733824584
728,0,1,1,44.98759185540198,0,58.49462757269634
729,1,1,0,42.87784849889921,1,63.36922081381214
730,1,1,0,42.11497123464662,1,62.44452413035064
731,0,1,1,50.37475490853628,0,60.68215181381312
732,1,1,1,46.68069570666844,0,61.75229904036792
733,0,1,1,41.33665360805394,0,61.00089012695368
734,1,1,0,48.69576944277038,0,61.80306729002495
735,0,0,0,54.0953831482992,1,64.9772464488894
736,1,0,1,52.41285183164561,0,62.6623770632223
737,0,0,0,54.05066800954687,1,62.40159801571217
738,1,0,0,48.6426730795429,1,61.9594722249883
739,0,0,1,41.9180283578821,1,58.08408289788842
740,1,0,1,43.61115469768804,1,61.01690094181763
741,0,1,1,43.68912841084482,0,61.73425938376547
742,0,1,0,46.60875020122574,0,59.70687979063489
743,1,0,1,38.35025827024055,1,61.00852797041611
744,1,1,1,60.2583283237446,1,65.55145737823085
745,1,1,1,51.85980117986951,1,63.65316754648915
746,0,0,0,70.84925494539158,0,67.20322120049406
747,0,1,0,51.21898844632409,0,67.72862675938875
748,0,0,1,52.73505623446088,0,62.07020000153707
749,0,1,0,40.864008159143,0,61.77101084507422
750,1,1,1,60.13458141418671,0,61.8627646209492
751,1,0,0,55.57774743644013,1,60.73984916636804
752,0,0,0,47.19797202553826,0,59.78031558576859
753,0,0,1,25.43525256675636,0,55.84529219265796
754,1,1,0,48.51529676390091,0,61.63273496238412
755,0,0,0,51.02352727835876,1,61.95380254368907
756,0,1,1,46.36644006342672,0,59.20093003363606
757,1,1,1,67.78003482491016,1,65.64120078703
758,0,0,0,43.85727195175206,0,62.84044337500439
759,0,0,1,35.97709386161782,0,55.83659031047277
760,1,0,1,60.57529346872675,1,62.59749175944549
761,1,0,1,45.77427974315201,1,60.45264815945025
762,0,1,0,54.6447945745495,0,65.85385209821429
763,0,1,0,35.26991835742865,0,57.87701215858162
764,1,0,1,61.69483125137748,0,61.26558167630213
765,1,0,1,69.7451885436484,1,63.98159169901447
766,0,1,0,54.44088255981685,0,64.77468424780413
767,1,1,1,29.93926283507118,1,60.83682084060704
768,1,0,0,47.4272951350766,0,63.93371743968721
769,1,0,1,44.88129531976426,1,62.13303024193223
770,1,0,0,62.41999237715816,1,65.95764892011293
771,1,1,0,66.02660618260951,1,67.60096379349507
772,1,0,0,46.51053890485424,1,63.63260562304086
773,0,1,0,53.59379505612041,0,62.74265812130903
774,0,1,0,53.98814969668356,0,65.8417668825231
775,0,1,0,46.94306232475229,1,65.86774830877256
776,1,1,1,36.86729839444288,1,58.92517473771035
777,0,1,1,45.13259688808891,1,59.48662562374914
778,1,1,1,32.72281873128011,1,59.40046965028258
779,1,1,1,52.20384952743122,1,61.84626126667423
780,1,1,1,42.83240598287163,1,63.5387505434016
781,0,1,0,46.47428571808907,1,64.02466422629784
782,0,0,1,38.87461415382408,0,56.46111479993894
783,0,0,1,44.27492090164968,0,57.2684608671876
784,1,0,1,47.14684708282579,1,59.8938224036878
785,1,0,0,53.36945996143035,0,63.58957517528594
786,0,0,1,49.43934541987297,0,57.82842735608676
787,0,1,1,43.07613025007426,0,60.29525914791593
788,1,0,1,60.14863542045575,1,62.24304488722675
789,1,0,1,44.32686825771786,1,61.24984076262871
790,1,1,1,45.81244469533615,0,58.40937429059279
791,0,1,0,54.51186196251009,1,61.6091727116009
792,1,0,1,46.03230832602875,1,63.28608939879493
793,0,0,1,54.33957451650379,1,62.42486633714515
794,0,1,0,74.90393427702288,0,66.14544467663245
795,0,0,1,59.689173328393,0,62.90143983560649
796,1,0,1,64.77043289817556,1,65.24913377956248
797,1,1,0,41.90990147202442,0,59.94156784004618
798,0,1,1,44.5022567819038,0,58.00324727850958
799,1,0,0,36.48500863433559,1,60.41450838055368
800,1,1,1,42.72118497697797,1,61.26411608359819
801,1,1,1,42.46476150208505,1,61.53325996562396
802,1,0,0,42.93799804232212,1,63.13483536336374
803,0,0,0,59.46897022994102,0,62.8084038426335
804,0,1,0,64.79363971038734,1,67.62185984232489
805,0,0,0,56.12044271678144,0,62.81136196490915
806,0,1,0,47.41953277791724,0,63.49882916904237
807,0,1,0,52.21976029386645,0,63.39768528635989
808,1,0,0,62.67407361338326,1,60.55341871903335
809,1,1,0,24.02148784739908,1,58.24001614493696
810,0,0,0,44.67805308389837,1,62.6790636402575
811,0,0,1,41.69302454652203,0,57.39284420305184
812,0,1,1,51.40387359995488,0,64.22470762158659
813,0,0,1,51.65827250257588,0,59.9407124056928
814,1,1,1,66.50959278256032,1,66.15529845931093
815,1,0,1,32.99161021875238,1,56.58892789887019
816,1,0,0,59.9679465356414,0,59.90645798875678
817,1,0,0,56.00629940443542,1,65.15382474887369
818,0,0,0,40.30147294558881,0,60.2956340081243
819,1,0,1,44.02192511223086,0,60.28207065828895
820,0,0,1,41.73291040828933,0,60.84817305773957
821,0,0,1,35.61380047511958,0,56.11934093455326
822,0,1,0,62.16285572253021,1,66.37576961926047
823,0,1,0,31.02501967992175,0,60.75990037792348
824,0,0,0,38.5457026511648,0,59.68508596137713
825,1,1,0,45.43368137605127,0,61.30299809427584
826,0,0,0,55.88020488725635,0,63.13896725234845
827,0,0,0,54.90160837173756,0,63.3238506138429
828,1,0,1,58.54864145511124,0,63.60750404506855
829,1,0,0,55.01588776493916,1,66.59353317106111
830,0,1,1,54.85755069164628,1,59.37637067669053
831,1,0,1,46.06741119706686,1,64.11065511713814
832,1,1,0,39.40956320475203,1,63.69501711336124
833,0,0,1,47.69765777141662,0,61.20198496240428
834,1,1,0,44.91470614973252,1,63.38583332655477
835,1,1,0,39.59759061336981,0,66.61387101959053
836,1,0,1,47.61869439766508,1,60.68092298058643
837,1,0,1,40.73238140594307,1,61.78958558532535
838,1,1,0,62.5997346123102,0,64.84567623891972
839,1,1,0,44.75894123747602,1,62.4004602538928
840,1,0,0,58.48696492212422,1,62.24309233528117
841,0,1,1,34.33352234284227,0,57.83808585908169
842,0,1,1,75.87007173215953,0,63.57454415599798
843,0,0,0,38.57604771880857,1,63.62007129303121
844,1,1,1,38.76694074596665,1,60.9773517970117
845,1,0,0,44.3611274939551,1,56.58189762749668
846,1,1,0,22.16112008518499,1,57.90026743753158
847,0,1,1,33.49437114025403,0,57.74828597969471
848,1,1,1,45.30023981457471,1,65.76006721907527
849,1,1,1,58.66363378520562,1,65.39861267462389
850,1,0,1,47.5636128677979,1,60.76116410072139
851,0,0,0,44.58226489336326,1,61.56677745189802
852,0,0,0,42.45017166055953,0,60.66782749093797
853,1,0,1,37.07681349790458,1,61.48043214786487
854,0,0,1,66.98064911682889,0,65.27558762640825
855,0,1,0,50.52729024801523,1,65.59238209867117
856,0,1,0,64.07891769214127,1,63.53212232245431
857,1,0,1,40.91277793246653,0,63.57932604776691
858,1,0,1,37.46099807110743,1,59.39453662709432
859,1,0,0,34.88964450840299,1,61.88658750358376
860,1,1,0,45.89218410603441,1,63.04502051689705
861,1,1,0,49.66926107721506,1,60.88684035404697
862,1,0,0,65.47953527149632,1,64.58790879564778
863,0,0,0,59.5981469920898,0,61.91887669766774
864,1,0,0,38.06908482441969,1,61.96227054594343
865,0,0,0,54.56325165139397,0,64.12123417777384
866,0,1,0,33.94932019582733,0,61.38706828143282
867,0,0,1,33.50175556351869,0,59.55848294681049
868,1,1,0,51.18571610528988,1,63.80465139456574
869,1,1,1,45.28172248248599,1,65.82296464386931
870,0,0,0,45.38806707077212,0,59.94744866406673
871,1,1,1,49.91084025881354,1,60.93852274654564
872,1,0,0,54.92700799683738,1,64.0818659826588
873,0,1,0,48.94625095002696,0,62.69656333704586
874,1,1,1,45.9811373374956,1,61.63299552458376
875,0,0,1,52.20749842892943,0,60.13438385195585
876,0,1,1,53.64863715629316,0,62.09187884325591
877,1,0,0,45.95045632129765,1,62.54949512784445
878,1,0,0,64.70143355212814,1,65.50469764443038
879,0,1,0,65.84994990876996,1,65.83064085417922
880,0,0,1,52.92584268137021,0,62.39222361409944
881,1,0,0,57.18832058408577,1,62.25279515889945
882,1,0,0,51.27657665757602,1,65.5169708129401
883,0,1,0,59.5299377295791,0,64.49774720669136
884,1,1,1,61.65820205814329,1,66.2770532183024
885,1,1,1,24.62897220402429,1,59.08189567049757
886,1,0,0,46.4286168643075,1,60.3526549496424
887,1,0,1,41.06912451205185,1,62.58319886657509
888,1,0,0,39.31543027968119,0,62.70233303196122
889,0,1,0,29.60896827104017,0,55.02177335624631
890,1,1,0,50.10404454246041,1,60.90613770528692
891,0,1,1,27.47340728511947,0,56.72796240466067
892,0,1,1,42.60361918675618,0,60.00985048865178
893,0,0,0,61.43817897513141,0,60.13727386225803
894,1,1,0,66.06460037806249,1,65.13223937803832
895,1,1,0,43.18918371956982,0,63.34393874502465
896,0,0,1,70.47971380789542,1,65.32468751432397
897,0,0,1,71.50879048350731,0,66.27692820946346
898,0,0,0,57.09153045482392,0,60.72998190281717
899,0,1,0,34.84703885932059,1,58.83321456740002
900,0,0,1,60.60915580089048,1,66.19712679217012
901,0,1,1,52.12488329537626,0,63.18824402513819
902,1,0,0,54.40144423040057,1,62.93066457304437
903,1,0,1,30.04744777452731,1,59.42151060703772
904,1,1,0,60.80965368588229,1,65.74448707958439
905,1,0,1,43.07100536254527,1,60.09552153041315
906,1,1,0,66.86180924506007,1,62.83640289745571
907,0,1,1,39.54915661936233,0,62.50682398525049
908,1,1,1,53.47975316523353,1,65.37182497965527
909,1,1,0,43.52683251629908,0,64.74119931368374
910,0,1,0,64.12967403438991,1,67.0401914382719
911,1,1,1,35.62260226702986,1,60.39490401405602
912,1,0,1,24.68530082382426,1,57.9868166471193
913,0,1,1,42.69707642037336,0,61.2801770402518
914,0,0,0,40.98466456428056,0,59.704366490925
915,1,0,1,58.20658339647665,1,61.90183909934373
916,1,1,1,36.032748253207,1,56.32955518128208
917,0,0,0,57.57297601984605,1,64.25805883103041
918,0,0,1,43.18639339889454,0,58.87787428833303
919,1,1,1,52.61424727921435,1,65.78644304242388
920,1,0,0,45.35826901559923,0,62.19060919713918
921,0,0,0,31.84890415757505,0,59.47180605946471
922,1,1,0,55.89950499988645,1,66.86545288900346
923,1,0,0,51.24062221707941,0,63.44533958762974
924,0,0,1,66.6079121761075,0,63.89429091853873
925,1,0,0,41.49130954208184,1,59.08995694693835
926,0,1,0,41.65677352229518,0,65.4666389508937
927,0,1,0,30.59400245127944,0,60.26040447050841
928,1,1,1,62.22530900055763,1,66.86880379698653
929,0,1,0,59.28753418686983,1,67.16802556800147
930,1,1,0,31.02406695309534,0,62.25089146825102
931,0,1,0,45.43800326261355,0,58.69573466518651
932,1,1,0,47.38241407059162,0,61.97972578813027
933,1,0,0,45.99859663804946,0,62.32253593062892
934,0,1,1,64.11760239293821,0,62.07955002837726
935,0,0,0,64.57661863979732,0,63.1137389887141
936,1,0,1,45.14512031777462,0,61.41212747788946
937,1,1,1,55.3047601311067,1,65.17173084499515
938,0,1,0,61.01398991874341,0,64.39802362777618
939,1,1,0,52.9066872479033,1,63.83962547687209
940,1,1,1,11.48524025268699,1,58.21566241383655
941,1,1,1,42.99329645085817,1,60.7233140192964
942,0,0,1,56.85236103703827,0,61.96120305530066
943,0,0,1,39.0556948722166,0,57.15709762065067
944,1,1,1,38.48038124021377,1,58.74378539081742
945,1,1,1,59.25098384209745,1,64.21661206875901
946,1,1,1,64.69678199931869,0,62.89949217965284
947,0,0,1,33.66689279055525,0,57.1694465787367
948,0,1,1,29.85722161801493,0,57.56650420863224
949,0,1,0,46.00008484761177,1,65.23017239607792
950,1,0,1,40.88935425998606,1,60.65370614034057
951,1,1,1,41.96185687234949,1,64.43633538256819
952,1,1,0,60.31121384456932,1,68.51860595302007
953,1,1,0,39.95659593572066,0,63.37470666908808
954,0,0,1,47.3881884722801,1,60.97390396522493
955,0,0,0,56.64540169126726,0,64.99271376907187
956,1,0,1,52.66127365963378,0,57.45676999156187
957,0,0,1,39.62147551116722,0,58.72011199033461
958,0,0,1,46.32003582943884,0,63.05859780141208
959,1,1,1,60.01190635576603,1,61.52911474900361
960,0,1,1,38.94423432539713,0,61.09165141439534
961,0,1,0,43.68736458483502,1,63.87811531465108
962,1,0,1,58.27962812364612,1,64.97782346443228
963,1,1,0,58.3430246687991,1,62.39105217408958
964,0,0,0,55.25902584645568,1,63.87571460484327
965,1,1,0,44.86897166183381,0,62.0100856182534
966,0,0,1,52.4643160821465,0,62.78847979282078
967,1,0,0,54.60884213541812,1,61.27365618679689
968,1,1,1,35.34086131007035,1,59.3234045550041
969,1,0,0,47.95332891597928,1,64.60859321250619
970,1,0,0,48.13970874314114,0,62.72614387694058
971,0,0,0,57.5880262650095,0,64.35678623811843
972,0,1,1,45.09361406366762,0,58.91849337170823
973,0,1,1,55.17859017720607,0,61.20043373662422
974,0,1,0,47.40426361109473,0,62.26195853090949
975,0,1,1,47.14680718825788,0,60.7502041964182
976,0,0,0,56.22697657633647,0,64.36123916916348
977,0,0,0,52.49185995450859,0,63.59866612371101
978,0,1,1,58.37524202545573,0,63.17772370056278
979,1,1,1,51.99937180952431,1,62.35626988528402
980,1,1,1,43.01258001378798,1,62.71775393648193
981,1,0,1,31.09259803006575,1,59.18598043361914
982,1,0,0,54.53190327597082,1,62.32991443003155
983,1,0,0,40.19311817500422,0,61.26588639850296
984,0,0,0,62.2679500119446,0,67.28225869497541
985,1,0,0,48.25401961405478,1,60.53543667706989
986,0,0,0,36.0569710806792,0,58.87241569434982
987,1,1,0,51.72730094280043,0,63.51108370129226
988,0,0,1,51.95500330533413,1,60.31788266739751
989,0,1,1,52.97862586134081,1,60.20712089599964
990,0,0,1,51.58848318381016,1,63.11868979768802
991,1,0,1,44.45961887031128,1,62.07358158904879
992,1,0,0,68.72919361028127,1,64.87784915825473
993,1,0,1,45.02611131891637,1,60.98070574950358
994,0,1,1,55.5438265784464,0,60.28448298481184
995,1,1,1,52.8081731237048,0,63.58702865700707
996,1,0,0,45.80477467761335,0,61.09682305846717
997,1,1,1,64.62640212435467,0,64.83305546756867
998,1,1,1,52.73705684991675,1,64.65645687579531
999,1,0,0,46.68241007595176,1,62.54750255987157
1000,0,1,1,51.29729811973606,0,59.71762771468901
1001,1,1,1,69.41145553155545,1,67.42060343202348
1002,0,1,0,53.7630916663215,1,67.67474845085077
1003,1,0,0,48.18880268414214,1,61.36957769074591
1004,1,0,1,62.46354213062683,1,65.12773609687163
1005,1,1,0,61.89551727425915,0,66.23656863205622
1006,1,0,1,35.69452413395481,0,58.63240405588216
1007,0,0,0,55.54530477083923,0,64.23670229112042
1008,0,1,0,75.85816277403077,0,67.48339888420894
1009,0,0,0,49.91465292999306,0,63.1509375943742
1010,1,1,1,48.12364468189048,1,58.28330323765375
1011,1,1,1,42.96143782535042,1,63.21363013698991
1012,1,0,1,51.1961548744006,1,62.23057874433986
1013,0,0,0,45.36551163995854,0,63.1150973110605
1014,1,0,0,22.35406443574735,0,59.2590814412515
1015,0,1,0,69.82337150287908,0,67.31731110537528
1016,0,0,1,59.8290009179605,1,59.95709171786514
1017,1,1,1,54.82354970176028,1,59.78007627120632
1018,1,0,1,36.14388666314602,0,60.9268999030478
1019,0,0,1,43.61195286504307,0,57.92203469731747
1020,1,1,1,35.20112796733878,0,58.72504926815058
1021,0,1,1,70.22660855966171,0,64.29706267467253
1022,1,1,0,55.17238755639447,1,64.5337577388031
1023,1,0,1,39.50796251143907,1,58.7824187522275
1024,1,0,1,51.60900396388311,0,62.78849524123379
1025,1,0,0,37.53601788325401,1,60.10981889570841
1026,1,1,1,50.1215635168979,0,63.84003343278095
1027,0,0,0,43.47591284636533,0,61.79954443788777
1028,1,0,0,30.48577621279114,1,61.00465627868596
1029,0,0,1,64.43839346801896,1,65.92868547520717
1030,0,1,1,56.01013748655161,0,60.50575624769436
1031,1,0,0,55.09177576425254,1,63.92718303256571
1032,0,0,0,52.18998499399373,0,61.13452922356227
1033,0,1,1,46.14923701763228,0,59.88959721779679
1034,0,1,0,68.50030395575646,1,68.91352850191387
1035,1,0,0,50.78252582915267,1,61.06786224517496
1036,0,1,1,44.34014755475879,0,60.44425875557049
1037,1,1,0,48.31740063848777,0,62.73454384147851
1038,1,0,0,50.19598610391684,1,60.47585212594002
1039,0,1,1,37.55074574147017,0,59.22531971620036
1040,1,0,0,49.32483497868524,1,66.81725659300967
1041,0,1,1,49.12446763863183,0,63.80380332446873
1042,0,1,0,55.67478281459409,0,64.4474572554508
1043,1,1,0,54.23331108802066,1,63.58249174433598
1044,0,1,0,52.98848877334642,1,63.16721986943662
1045,1,1,0,57.4654058008804,1,67.89465581647492
1046,1,1,0,45.75878669795529,1,65.65211717052811
1047,1,0,1,33.18670398837579,0,55.90118149344199
1048,0,0,1,49.61940232569587,0,59.81133664241389
1049,1,1,1,56.7119390237921,1,62.30412488313875
1050,1,0,0,55.89222095539533,0,62.40943551056665
1051,1,0,0,59.03350808280882,0,63.54604198735148
1052,0,0,0,56.33163799266284,0,63.04812272551904
1053,0,0,1,50.69809872628759,0,61.60751889774977
1054,0,0,0,47.43022167541661,0,63.94195115563635
1055,0,0,1,62.44153273391511,0,64.90213785489105
1056,1,0,1,36.47930472138341,1,60.18904926432215
1057,1,1,0,48.87905833244552,1,62.92797885754666
1058,0,1,0,47.69359636203642,0,64.73913685906757
1059,0,0,0,43.27314605086831,0,61.023637688542
1060,1,1,0,59.27364468690514,1,65.52478890354739
1061,1,1,0,40.50093608757471,1,61.16419033826499
1062,0,0,1,45.71667759285884,0,64.72086005867547
1063,0,1,0,51.94561151301251,1,64.46415306643873
1064,1,1,0,61.39525930931846,0,64.71321099404815
1065,1,0,0,61.4502239415823,1,64.7614994190648
1066,0,0,0,52.22990591500309,0,62.88773601142725
1067,0,1,1,59.61314272505644,0,60.05936234977685
1068,1,1,1,47.96654400193373,0,59.19062718589603
1069,0,1,0,58.65192074178802,0,65.15889750246451
1070,0,0,1,47.75036007741947,0,58.0228782873514
1071,1,1,0,24.61876459275231,0,60.71018907069224
1072,1,1,1,50.36858965937515,1,62.20317680757221
1073,0,1,0,54.72902460478421,0,65.20701277310187
1074,0,1,1,41.83249144795022,0,59.37878063948894
1075,1,0,0,46.78406210901159,0,63.39906058659275
1076,1,0,0,38.40733544872426,1,59.74800320828808
1077,1,1,1,33.07139055140581,1,60.87401953686221
1078,1,1,0,59.61158911467255,0,64.82396042536081
1079,0,0,0,42.77570504688202,0,60.89407592180513
1080,1,1,0,60.23567286088496,0,67.91644331614982
1081,1,1,0,38.08470800417962,1,59.93462304708444
1082,0,1,1,58.98179826742869,0,63.66760880173845
1083,1,0,0,52.36505692418584,0,63.58227779076702
1084,1,0,0,40.20855530752378,1,59.63866734651879
1085,1,0,0,48.24124080100282,1,62.45005806811745
1086,1,1,1,44.81144166956195,1,62.18986052557383
1087,1,1,0,39.03361672011957,1,58.54946114268869
1088,0,0,0,49.07656443696149,0,62.18067722624796
1089,1,0,0,72.57368007890739,0,67.12878138586458
1090,1,0,0,50.16795343790763,0,62.3151312141113
1091,1,1,0,30.68392492571321,0,60.32437666947343
1092,1,0,1,51.766092446534,1,63.40967031302634
1093,1,1,0,36.23497613142054,1,63.94107746380867
1094,0,0,1,42.84256574452345,0,58.39799656319444
1095,0,0,1,52.63684806204155,1,62.51739001776534
1096,0,1,0,36.02176492460458,0,60.91025008106229
1097,0,1,0,52.38088022569182,0,63.30940654994317
1098,1,0,0,45.92579979519311,0,60.08494017016891
1099,0,0,0,40.95658609511928,0,63.62225470405673
1100,1,1,1,48.50568463905492,1,63.06931666876203
1101,1,1,1,47.33497859630344,1,60.49867359864535
1102,0,1,1,54.30277924000668,1,61.74505659281612
1103,0,1,0,53.86065968485805,0,66.05501098063411
1104,1,1,1,43.93434745742168,0,59.13483881780537
1105,0,0,1,28.41530006936565,0,57.26942181983371
1106,1,1,0,65.53038659648183,1,70.60466133924669
1107,0,0,0,41.05938440090966,0,63.2630239761268
1108,1,0,1,21.34759934399588,0,58.5939806964279
1109,1,0,1,63.30299005200976,1,63.44524734218843
1110,1,1,0,15.16688347105379,1,57.83721411286377
1111,1,0,0,55.90750149848911,0,65.95809776795389
1112,0,0,0,45.71104906917429,0,61.60871546112371
1113,0,0,0,49.83950390329831,0,64.7658377733006
1114,1,1,1,59.6455918679457,1,63.90618920368898
1115,1,1,0,67.03404264859924,0,64.54748496398578
1116,0,0,0,52.02404992714499,1,62.62945753387272
1117,0,1,0,64.72953471936755,1,67.99985830839893
1118,1,1,1,54.01320764687088,1,66.06497098127355
1119,0,0,0,61.99469180625792,1,63.57069893961498
1120,1,0,0,55.39477745038504,0,62.00763595340403
1121,0,1,0,46.32095681082362,1,63.21357176622488
1122,0,1,1,36.21079658488271,0,58.55289842694459
1123,1,0,1,39.67649409227754,1,60.30971454687195
1124,0,1,0,42.82364392558498,0,59.76978065887965
1125,0,1,1,66.88363706808849,0,65.3572923148254
1126,0,0,1,47.34149318662752,0,61.23943774843656
1127,1,1,1,55.70326904272594,1,65.2508784879214
1128,0,0,0,54.57122577839728,0,66.09475907062681
1129,0,1,0,54.64635665926516,0,64.73080138435351
1130,0,0,1,35.97721856443726,0,56.94389739783712
1131,0,1,1,27.09930152906503,0,58.83454740228116
1132,1,1,1,55.11487088920448,1,65.43293164720892
1133,1,0,1,64.70715064252657,1,62.06019529900391
1134,0,1,0,46.25475038988309,0,59.85369983438388
1135,1,1,0,52.83380793501733,0,65.3240408975462
1136,0,0,1,34.45305348536883,0,60.05326111574781
1137,1,0,0,66.79921959217847,0,62.79354460735565
1138,1,0,0,37.03387731586526,1,61.02168472053781
1139,0,0,1,50.11700370875582,0,59.50575167882241
1140,1,0,1,40.79643970453099,0,59.50678651669118
1141,1,0,0,43.52803774421456,1,63.99284450711684
1142,1,1,1,52.87673130686093,1,58.90192972481721
1143,0,0,0,71.04375385979098,0,63.86075430851783
1144,1,1,0,54.93816387977888,1,62.69098961500758
1145,1,1,0,53.03881321087672,1,64.26882432211556
1146,1,0,1,52.25614327749059,1,61.37744408128056
1147,0,0,1,54.98734959162714,0,59.29287959756204
1148,0,0,0,55.4830908400582,0,65.58976444900557
1149,1,0,1,50.66304713801285,1,60.60588886210322
1150,0,1,1,39.26255257206142,0,57.97940521744618
1151,1,0,0,53.11225670166655,0,65.38916919416384
1152,0,1,1,40.85598485622837,1,61.30661569448878
1153,1,1,1,59.51858278376978,1,65.21130720437739
1154,1,0,1,45.67734467444632,1,61.609218087414
1155,0,0,0,38.73472556699262,0,58.9325551129233
1156,1,1,1,41.34737345599949,1,60.30490773559188
1157,0,0,0,65.02791464965065,0,66.5409424683796
1158,0,1,0,63.79315474126307,1,61.67584753836827
1159,1,1,0,49.76520022150663,0,60.99515084040872
1160,1,1,1,40.48344972674163,1,59.98372797295992
1161,1,1,1,43.98109631732498,0,59.90955208827938
1162,1,0,1,38.96137816806903,1,58.98676647251738
1163,0,1,1,53.96300599311416,0,61.57461492939406
1164,1,1,1,25.61759830525434,0,61.30131867973599
1165,1,1,0,39.20367594878018,1,61.27919281181784
1166,1,1,0,53.26271053721724,1,68.56196864177338
1167,0,0,1,41.50275118336047,1,54.14518653791178
1168,1,1,0,51.70999209129454,0,62.15324815706848
1169,0,1,1,34.64450998945597,0,57.76563533330985
1170,1,0,0,53.34793439216847,1,61.23229495700792
1171,0,1,0,62.98811148820414,0,62.49162392145158
1172,1,1,1,31.30646418275226,1,59.65581385708967
1173,0,1,0,47.45371449303342,0,62.15724990270991
1174,1,0,1,22.19535491136879,0,55.97323320496172
1175,1,0,0,39.46855598370352,1,59.22207242130347
1176,0,1,0,46.36421385089241,0,61.97625504703269
1177,0,1,0,62.46369448719648,0,63.23723912555282
1178,1,0,1,48.06528339314163,1,61.63874719485835
1179,0,1,0,52.81163185185576,0,64.5387147343516
1180,1,1,0,45.70393939802327,0,62.84887288822064
1181,1,1,1,52.36882469060843,1,62.1072161005531
1182,1,0,1,42.52821633012102,1,62.18344548986594
1183,1,1,1,60.82701419131624,1,62.92343623636177
1184,0,0,0,45.8080281919743,0,61.18086108351788
1185,1,1,1,49.07613247024559,1,64.25269510930588
1186,0,1,0,38.51289698903834,1,62.48852361666159
1187,1,1,0,56.68668539373298,1,64.53356777220121
1188,0,1,0,71.05170357304269,0,66.84241310236789
1189,1,0,0,51.79777962700867,0,62.22757923218091
1190,1,0,1,69.85209940430005,1,65.86797774516668
1191,0,0,0,48.97510846488715,0,61.86816438267002
1192,0,1,1,75.94041946155807,0,64.54153646339482
1193,0,1,1,47.20624970821065,0,60.95968173018676
1194,1,0,1,32.92892004202397,1,55.47775837828402
1195,1,0,0,53.27229676042062,1,63.48614229782169
1196,0,0,0,42.41260215873264,0,63.69928836006132
1197,1,1,1,44.93329109494211,0,61.48647550703536
1198,0,1,0,77.76396883117468,0,66.86544358196657
1199,0,1,0,45.06850272806952,0,60.50126879084485
1200,1,0,1,51.18535745891351,1,59.3194824397586
1201,0,1,1,54.87135364268294,0,63.10101555173021
1202,0,1,0,45.41029665813517,1,64.60282239166652
1203,0,0,1,54.4505609320865,0,58.63037732552958
1204,1,1,0,50.88677787321117,0,60.5915529663782
1205,1,1,0,64.38991781060734,0,65.39018241242636
1206,0,1,0,51.46675224103975,0,62.72858953203661
1207,1,0,0,52.57689905057637,1,64.17300633782095
1208,0,0,1,38.21156814110191,1,56.39444053437749
1209,0,0,1,44.25179694538344,0,62.20090202735112
1210,1,1,0,32.86595446541875,0,60.89593675011895
1211,0,1,0,59.76002821399184,0,62.21030712924758
1212,0,1,0,53.68942915234992,0,64.40121873944713
1213,1,1,0,55.27271353569674,1,61.82483433140965
1214,1,0,0,48.54091865806542,0,58.3311453745555
1215,1,1,1,39.13628658829026,1,62.3052384178599
1216,0,1,0,56.23618111000562,1,63.8679105844068
1217,0,1,0,56.51204720961823,0,65.09382331428377
1218,0,1,0,56.93510806220371,0,60.68267148988288
1219,0,1,1,52.51258253815416,0,59.17490341572537
1220,1,0,0,52.17917080211696,1,62.55833035267972
1221,0,0,0,54.71679293527062,0,63.72457705594973
1222,0,1,1,40.19270391443754,0,59.89788771741109
1223,0,0,0,75.93425635231216,0,66.65624221247145
1224,1,1,0,47.51839124759613,0,61.81727303281365
1225,0,1,1,54.55097831790557,0,62.78360318654046
1226,0,0,0,37.04542062608721,0,62.13236792310715
1227,0,0,0,44.2396260205573,0,62.94205640032011
1228,1,0,0,55.6077958803649,1,62.95904535445553
1229,0,1,1,51.38420235987458,0,63.89004336102256
1230,1,0,0,43.46137989469553,0,64.44316269282905
1231,0,0,0,58.9998865864973,0,63.68859021264913
1232,0,0,0,66.16125412997246,0,63.44363558006716
1233,0,0,0,47.9408692083158,0,62.18415236721028
1234,1,0,0,45.5704033037114,1,61.76410619636849
1235,1,0,1,30.34715230185402,1,60.29563658691857
1236,1,1,1,51.2057370563244,1,63.5714890331711
1237,0,0,0,52.03785941494618,0,61.251267906213
1238,0,0,0,55.43937557923706,0,63.90682413785398
1239,0,0,0,52.54092653872134,0,61.78630397676736
1240,0,0,0,64.33619415263706,1,66.0510358767141
1241,1,1,1,45.82635377989681,1,62.85410336615698
1242,1,0,1,28.97294993225867,0,58.62792552408084
1243,0,1,0,48.87445846053388,0,60.73890017938017
1244,0,1,0,73.71665600247705,0,67.37757907129068
1245,1,1,0,52.28014667747188,1,64.28529928248727
1246,0,1,1,51.96969429712657,0,63.5365999373423
1247,0,1,1,47.15570960233973,1,59.50410935693959
1248,0,0,1,37.44023812590288,0,57.50367145886766
1249,1,1,1,28.94698622863055,1,60.86392196975415
1250,0,0,1,42.56207489266281,1,61.37801557660151
1251,0,1,0,46.96950564161715,0,66.14907996704005
1252,0,1,0,48.07868205660228,0,63.11343743025958
1253,0,1,0,37.42855918809763,0,59.12721446335478
1254,1,0,0,41.36400438077014,1,62.54685849042063
1255,0,0,1,38.79365807653566,0,57.71596120143999
1256,0,0,1,43.28541521716168,1,60.43595627585294
1257,0,0,1,42.19095822140648,0,60.89563607114393
1258,1,1,0,50.21291097531236,1,66.56581907268546
1259,0,1,0,25.72560721063944,0,60.24724049507392
1260,0,0,0,58.94870667074996,1,62.8395904318842
1261,0,1,0,39.89365827640434,1,63.32568747594288
1262,1,1,0,52.4766113837246,0,64.22529837428576
1263,0,1,1,41.50421050387449,0,60.15416138734594
1264,1,0,0,40.07311811267722,1,60.63045986292793
1265,0,0,0,67.4725218846277,1,66.25882673774734
1266,0,0,1,33.81885789768408,1,54.36055262632512
1267,0,0,0,53.70810999030039,1,65.90579888987008
1268,0,1,1,42.63564488235574,0,57.06497474842443
1269,0,0,1,52.64270779534904,0,60.65558973025654
1270,1,0,0,53.80782641022849,0,63.73572773884226
1271,1,1,1,44.32516838222659,0,61.00992506556915
1272,0,0,0,45.17744943151387,0,61.93085504548853
1273,0,1,1,55.69096328040796,0,60.65844810655593
1274,0,1,0,47.0140136480759,0,64.72244268840406
1275,0,1,0,48.32693761718695,1,63.25045363431694
1276,1,1,0,44.60071946427745,1,64.1241961042774
1277,0,1,1,39.41115761627379,0,58.19345097294574
1278,1,1,1,40.9990108820912,1,65.1875142505088
1279,0,1,0,56.71667443614135,0,63.89166735552272
1280,1,1,0,32.22470236224984,1,61.11116138578668
1281,0,1,1,48.38211208073862,1,62.30896712608858
1282,0,1,1,58.87455308866261,0,62.99126399735921
1283,1,0,0,55.29681214534843,0,66.05872951675371
1284,0,1,1,71.55992310347091,0,65.33345948713705
1285,1,1,1,38.74717409149508,0,58.96513950374309
1286,0,0,0,63.59194781899507,0,64.09237983976782
1287,0,1,0,53.65790071463434,0,64.2271134152367
1288,1,1,0,43.7774761454087,1,63.36208587817382
1289,1,0,0,44.22813636137325,1,62.04506138306652
1290,1,1,1,40.87471172552826,0,61.96806422124517
1291,0,0,0,61.42154094275084,0,60.79757015144749
1292,0,1,1,46.58752187242305,0,60.06597419806641
1293,1,0,0,60.26626792324973,1,68.65433703699146
1294,0,1,1,48.65559948664049,0,62.28088689929085
1295,1,1,0,49.25490040316646,1,63.85728753247949
1296,1,1,0,51.60437109827714,1,64.32515946453861
1297,1,0,0,57.47547655068362,1,64.86831510197278
1298,1,0,0,47.56615385835271,1,61.53048192683072
1299,1,0,1,50.44190057620334,0,63.33330658384941
1300,0,1,1,43.68529922243609,0,62.22224597041886
1301,1,0,1,57.90975620533204,1,64.99930893128922
1302,0,1,0,48.81292593472541,0,62.72258072552022
1303,0,1,0,40.68739865738152,0,59.38618552193882
1304,1,0,0,33.15529006397021,1,59.62304890614729
1305,0,0,1,36.03016026111145,0,61.28260479829004
1306,1,1,1,54.82664024193445,1,65.89148376163885
1307,0,0,0,39.16704454664839,0,61.21766782011748
1308,0,0,0,50.72165766270101,0,64.03968265070932
1309,1,0,0,58.73631598863633,0,61.72559511593925
1310,0,0,1,51.27987156756747,0,57.81956619049951
1311,0,0,1,50.66390837292841,0,61.22587629885572
1312,1,1,0,40.49531666948155,1,61.18326800447698
1313,0,0,0,43.06727422248662,0,59.57461658528208
1314,0,0,0,66.390043258356,0,64.747190106815
1315,0,0,1,38.21825940906048,0,58.34798687898004
1316,0,0,0,55.43929722483525,0,60.5086782646623
1317,1,1,0,44.91629819638676,0,63.2397528685786
1318,0,1,0,46.98546554801688,1,64.79935607783767
1319,1,0,1,42.66694800420768,1,59.48167595944856
1320,0,1,1,57.52993805366101,1,64.27828887828723
1321,1,1,1,59.04772546355655,1,64.63207670287763
1322,0,0,0,41.4619529990033,1,61.47345864030999
1323,1,0,1,49.71675106683358,1,63.82236490818565
1324,1,1,1,28.62659882560343,1,60.90568318129549
1325,1,1,1,66.84335761894128,0,64.95641584379655
1326,1,0,0,52.29455457986963,1,63.87053945726186
1327,1,0,1,40.88954331331196,0,57.02727966615952
1328,0,1,0,35.862853024736,0,60.70303391689647
1329,0,0,1,53.76037960750593,0,63.16152422607231
1330,0,1,0,65.96115541413241,0,65.48401669668318
1331,1,1,0,67.57591507889616,1,67.92927755935125
1332,0,1,1,38.73033262586836,0,55.93263085789194
1333,0,1,1,51.86389584907545,0,66.31510229074748
1334,0,1,1,41.80921097664513,0,62.13426012747935
1335,1,1,1,50.96054877301543,1,64.84455610062884
1336,1,0,0,60.70850560466161,1,67.83257565240386
1337,0,0,0,61.79732949071312,0,66.59215728527589
1338,0,0,1,50.83530863962905,0,59.33009123247631
1339,1,1,1,43.14349772870099,0,60.04244751539144
1340,1,0,1,51.47382446952724,1,65.06153709623644
1341,0,0,1,38.63159490346465,0,60.38993673619498
1342,1,0,1,34.71479935020754,0,60.3195332544012
1343,0,1,0,62.79465339657889,1,68.55253621524682
1344,1,0,1,58.37022795598142,1,64.99926582325128
1345,1,0,0,55.09669026694257,1,68.34886281576472
1346,1,1,0,46.80317234859994,1,62.42893250492974
1347,1,1,0,51.1644782770319,1,64.26493283994743
1348,0,1,1,60.97019915135073,0,60.92644696182659
1349,1,0,0,56.9004191165309,1,63.50317881841893
1350,1,0,1,30.47578855775388,0,60.31474620214561
1351,1,1,1,26.60802696510601,0,56.63148642288078
1352,1,1,0,66.44427845054061,1,65.18886876210389
1353,0,0,1,52.30024418076731,0,62.16849306435805
1354,1,1,1,49.82714926453502,1,61.62402582814523
1355,0,1,0,44.59885900345098,1,60.8989709642243
1356,1,0,0,61.60438050924922,1,66.33748374769571
1357,1,1,1,41.07493973812001,1,66.13182193715987
1358,0,1,1,59.47259467635237,0,57.30364028155059
1359,0,0,0,53.73187125374331,1,64.28291653431614
1360,1,0,1,46.7169426340544,1,61.15550829611487
1361,1,1,0,41.89441412863038,1,61.2900511262259
1362,1,1,1,39.2434837253756,1,60.73866889211615
1363,0,0,1,51.42892284431167,0,56.94531738386455
1364,1,1,0,38.17183443791532,1,63.33070949949681
1365,0,0,1,61.50910169461886,0,64.28814002676381
1366,0,1,0,29.04763825069359,0,60.88055223085708
1367,0,0,1,42.36894225426351,0,59.91617364088176
1368,1,1,1,26.21014142420883,0,57.69084014306051
1369,1,1,0,55.07422465721279,1,67.49127478948159
1370,0,0,0,46.79554865221252,0,60.22910663650447
1371,1,0,1,41.16014202790082,1,63.46004582486122
1372,0,0,1,45.72376592538469,1,62.45981373938871
1373,1,1,1,51.98868655212726,1,60.59571142153991
1374,0,0,0,53.41689595369425,0,62.69044207357706
1375,1,0,0,62.2821894950393,0,61.47574785881508
1376,1,1,0,52.24428449323738,0,66.07239126123321
1377,0,0,1,48.75497818461867,1,61.16818968235563
1378,1,0,1,54.56175987877529,1,63.397731855885
1379,1,1,1,58.73490278789845,1,65.61249646909407
1380,0,0,0,66.22849161327312,0,63.63278284750218
1381,0,0,1,53.84626575874045,0,61.12662083098068
1382,1,0,0,53.86609282063189,1,65.00958977236255
1383,0,0,1,43.04174839936136,0,60.33750192717599
1384,1,1,1,54.97111727728139,1,62.13872450268311
1385,1,0,1,55.8521075770234,1,61.75417632351135
1386,1,0,0,55.19685396401231,0,64.2246408360898
1387,1,0,0,36.0715709799499,1,61.12180987708324
1388,0,0,0,52.92899516817182,0,64.0156419138287
1389,1,1,0,41.92178307346154,1,60.9953156940602
1390,0,0,1,35.49094407611432,0,60.40683621718733
1391,1,1,1,57.35826526988239,1,63.6738556756054
1392,0,0,1,54.35021456968835,0,60.79221867734057
1393,0,0,1,42.94389088364754,0,58.02741236829557
1394,0,0,0,44.81417393243745,0,59.94102659214981
1395,0,1,0,59.8173577495955,0,64.34172386201931
1396,0,1,0,50.15976343090227,0,64.49855377316415
1397,0,0,0,46.75479724838626,1,62.47248513637172
1398,1,1,0,57.99527563184662,1,65.38814461025895
1399,0,0,0,60.41791173194724,0,61.83308252319434
1400,1,1,1,60.85786954608643,1,65.31928975671667
1401,1,0,1,38.10310452967038,1,62.71112266647619
1402,1,1,0,52.01532386878635,1,65.79853599890353
1403,0,0,1,33.06876284775566,0,56.28731149946747
1404,0,0,0,48.31840994857622,0,62.74023163881054
1405,0,1,0,32.95208606090824,1,57.12109470042427
1406,1,0,0,59.32475979568798,1,65.83581117639569
1407,1,0,1,36.85233653972215,1,61.37947581062287
1408,1,1,0,42.84097709281144,1,61.8919371689928
1409,1,1,0,38.75431079942206,1,62.83895067255645
1410,0,1,0,46.56615369429953,0,58.28283594838003
1411,0,1,0,47.62864776777973,0,61.14141362901207
1412,1,0,1,48.24907404865182,1,60.92282371447902
1413,0,0,1,58.54575931172101,0,63.12041351850525
1414,0,1,0,61.99171317656226,1,65.7561732402864
1415,1,0,0,56.09400998915588,1,64.04763546457743
1416,0,0,0,55.19051523576208,0,62.36520689140016
1417,1,0,0,55.27240240517659,1,64.09033101508145
1418,0,1,0,55.87947414016809,1,63.23701609623542
1419,0,1,1,44.23591991515294,0,59.10626104103103
1420,0,1,0,41.92147326683618,0,61.67736435191301
1421,1,1,1,44.38563649744723,1,62.59101599835098
1422,0,1,0,59.1198636991806,0,63.81341125730376
1423,0,1,1,44.52623275810188,0,62.62943864061735
1424,0,0,1,45.86988811841719,0,60.12528300675459
1425,0,0,0,37.55737741852955,0,63.72193399353594
1426,0,0,0,64.95068825842084,0,67.93809156049616
1427,0,1,1,56.34360213069837,0,62.7268844565402
1428,0,0,1,35.67222908942077,0,63.60957502742345
1429,0,0,1,49.0905472396442,0,63.53512779534248
1430,1,1,0,39.77287645827083,1,61.97242611799197
1431,1,0,0,55.32988993220256,1,65.28021541160825
1432,0,1,0,50.6013061790255,0,62.040453560955
1433,1,1,0,48.46448864655904,1,65.4514258401264
1434,0,1,0,75.56276647013408,0,66.58713753044974
1435,1,0,1,41.17278347438958,1,61.42191340499691
1436,1,0,1,50.87049344677937,1,61.52045545058511
1437,0,0,0,52.1249577394555,0,61.02646319805196
1438,0,0,1,48.96859373134053,0,60.65234107462737
1439,0,1,0,55.05941114065241,0,66.25549560939382
1440,0,1,1,49.9126386962871,1,63.44817115234569
1441,0,0,0,58.75048850559813,1,64.66571953910483
1442,1,1,0,54.83480543794165,1,64.07502124800989
1443,1,0,1,38.78186999144858,1,59.51591849159187
1444,1,0,0,37.26985932540929,1,63.16068067252409
1445,1,1,1,54.25273495037587,0,60.77100587283054
1446,1,1,1,55.07966839626611,1,60.42125320334612
1447,1,1,1,41.14099821383537,1,57.85035947844835
1448,0,1,0,45.08204842313233,0,61.27397939125159
1449,0,1,1,31.66023443092342,0,55.68076750343615
1450,1,1,0,53.19282443656743,0,61.31508168609851
1451,1,0,0,72.4423628338875,1,69.18529892017833
1452,0,0,1,53.35815863369937,0,64.98939549078328
1453,1,1,1,66.06333556760728,0,66.97003948960864
1454,0,0,0,45.75513328089397,1,61.49223551302551
1455,0,0,1,53.33376893890063,1,60.2254456976741
1456,1,0,1,35.84528564060767,0,58.81474012854312
1457,0,1,1,55.15311248142801,0,64.02850140993557
1458,0,1,0,60.38223782315237,0,62.70719817477734
1459,0,1,0,58.74502818132845,0,61.5493359562879
1460,1,0,1,41.38731492672454,0,57.61338868650319
1461,1,1,1,37.77514073595727,1,60.04245027165312
1462,0,0,1,69.66689770402755,0,64.47407287176574
1463,1,1,1,64.19181709243523,0,61.66183159467502
1464,0,0,0,46.9883408064572,1,64.03230587004269
1465,0,1,1,38.45176127050557,0,57.48484024208148
1466,1,0,0,59.50976203931791,0,63.40054316716233
1467,0,0,0,47.57873238585037,0,61.54133692172852
1468,1,1,0,54.2352920597091,1,62.88670400219171
1469,0,0,1,43.53437325938594,0,59.93942522889635
1470,0,0,0,43.13105188806306,1,60.24467382641486
1471,0,0,1,38.84102782857236,0,55.49224063211339
1472,1,1,0,60.22846080155691,0,66.40513158854769
1473,0,1,1,65.8104008016246,0,64.92081113678378
1474,0,0,1,48.80828209135075,0,59.92611694301398
1475,1,1,0,54.44903888658006,0,65.59508409241862
1476,0,0,0,54.49126489176691,0,66.74467358614395
1477,1,0,1,47.46128706133366,1,61.40746963382175
1478,0,0,0,36.31363996410963,0,61.66996699638997
1479,1,0,0,36.04196774620615,0,59.17424962214268
1480,1,0,1,50.08421317611514,1,62.15507315279164
1481,1,0,1,43.09892476618344,1,60.94570253780024
1482,0,1,0,50.84756598590079,0,64.31797598639839
1483,0,0,0,59.78074927340924,0,65.01137497850212
1484,1,1,1,51.77269629208644,1,59.05026941923477
1485,0,0,1,44.86968613536038,0,60.03524035772578
1486,1,1,0,38.42635047225725,0,60.1280730771824
1487,0,0,1,43.46161134111102,0,60.65859965179772
1488,0,0,1,43.79551947283998,0,56.88779985760538
1489,0,0,1,51.0354389957181,0,60.37123668992413
1490,0,1,1,33.05194198338361,0,60.12561509839028
1491,0,0,1,45.35447362103514,0,61.31835481570646
1492,1,1,1,37.65184432155663,1,56.98841220131208
1493,0,1,1,37.68873068968186,0,61.10296360611843
1494,0,1,0,53.89016677018496,0,58.63530864610736
1495,1,0,1,37.65722130221693,1,62.45733239397759
1496,1,1,0,49.50663602429619,1,65.52612276617599
1497,0,0,1,49.90106796389295,0,60.78154225031724
1498,1,1,1,45.45163207544016,1,60.64003237643229
1499,0,0,0,43.40212512642272,0,64.40874322262198
1500,1,1,0,53.88263284729152,1,64.62554643530365
1501,1,0,1,32.02133130813777,1,59.12943942961564
1502,0,1,1,39.88017392980323,1,59.19938075204076
1503,1,1,0,55.49020518302679,1,61.94976492134388
1504,1,1,0,50.04330758759835,1,65.32952390338626
1505,0,0,0,53.55886179293758,0,61.85111225383391
1506,0,0,0,57.60345827718476,0,62.70227232005493
1507,0,1,0,53.80998297433275,0,62.6094889121384
1508,0,0,1,35.9679691481552,0,60.73512169236096
1509,1,0,1,47.2253161998199,1,62.80451233521651
1510,0,1,0,45.12608090205196,1,63.69406936504978
1511,0,1,1,53.14982503459743,0,60.93381789125119
1512,1,1,0,61.73087035046049,0,65.43018769641404
1513,1,1,0,44.68117105040898,0,62.31174705092041
1514,1,1,0,41.88253570533603,1,62.96715280579659
1515,0,0,0,60.51075714038016,1,65.37289315569973
1516,1,0,1,48.97711038865289,0,59.33773027087908
1517,0,0,1,57.68512915401998,1,62.23874351211997
1518,1,1,0,46.14505274460072,0,64.78547389346342
1519,0,1,1,56.63538048726603,0,63.94235695972836
1520,1,1,1,48.53799342607743,1,66.02659158090643
1521,1,0,0,49.81134453253811,0,60.21319506875768
1522,0,0,1,40.95149255005929,0,59.18391126553809
1523,1,1,1,50.73136856599491,0,60.15648435221011
1524,1,1,0,50.6057780042824,1,64.47657576911568
1525,1,1,0,53.51733554924214,1,65.59300883020275
1526,0,0,1,41.19049251111875,0,58.58238050768027
1527,0,1,0,56.09258878215792,0,60.28541604872723
1528,1,0,1,37.66921440984612,0,56.23959375524532
1529,0,1,1,33.95323210658389,0,58.65393833036469
1530,0,1,0,49.98529873847843,0,63.44970944648818
1531,1,1,1,62.99633412122147,1,59.97268887496286
1532,1,0,1,53.40665126598468,1,61.07603267902589
1533,1,0,1,58.4072247151705,1,62.52100949097503
1534,1,1,0,44.80278163414886,1,61.03912308962359
1535,1,1,1,58.39343391150604,1,66.02301061722385
1536,1,1,1,59.4475981106869,1,62.45626077729972
1537,1,1,0,51.16874373336903,1,61.73844198935863
1538,0,1,0,50.29848975110507,0,61.38626955813268
1539,0,1,1,57.16877716846771,0,62.13149287158115
1540,0,0,1,46.56140187684304,0,61.18059463473578
1541,0,0,1,60.31676779000639,0,60.23569858243923
1542,1,1,1,34.5474006120578,1,58.91846732737822
1543,1,0,1,53.31588846147658,1,62.70754105716406
1544,1,0,1,58.23989414903291,0,62.0233530551765
1545,0,1,1,32.67737833645327,0,61.41560505059263
1546,0,1,1,50.34333001289293,1,62.86009112764793
1547,1,0,1,63.59720851795466,1,61.07069667905365
1548,1,1,1,39.6617904204052,1,61.75365582964911
1549,1,1,1,47.24786547953698,1,61.97215567972798
1550,0,0,1,45.56006282982458,0,58.84637324722455
1551,0,1,0,29.16443347903418,0,55.82853102194529
1552,1,0,1,52.74316650723127,1,58.6438831080873
1553,0,1,0,55.93304823414861,1,66.4550701678275
1554,0,1,0,43.00039827475105,0,63.26887568806461
1555,0,0,0,47.91980147970999,0,61.36723512255639
1556,1,0,1,49.07556928764474,1,63.41547245920366
1557,1,1,1,44.74004496768586,1,62.16445595575204
1558,0,1,0,31.82328409349504,0,59.77384248164985
1559,1,1,1,49.97586505831312,1,63.22541480653565
1560,0,0,0,42.39597686461293,0,62.05255322093265
1561,1,1,0,45.23981272632041,0,62.68046221930621
1562,0,0,0,45.85573066838124,1,61.41286511127885
1563,0,1,1,77.76042932492543,0,66.451389719424
1564,1,0,1,62.06302918240101,1,66.06664248394007
1565,1,0,1,41.34383445011854,1,62.30453763398639
1566,0,1,0,67.02162437981919,0,64.74904266002369
1567,1,0,1,40.67541418683415,1,58.36348907832593
1568,1,0,0,38.60933630926026,1,62.2477748143433
1569,0,0,1,33.76152864974197,0,55.2843658524209
1570,1,1,0,63.76458676944386,0,62.4250180632171
1571,0,0,0,36.26813581360334,0,60.15333682531145
1572,0,0,1,43.54690543471221,0,58.28369274664867
1573,1,1,0,47.02917995788597,1,64.0525867035776
1574,0,0,0,46.06842229502237,0,62.31633873333783
1575,1,0,1,35.59963508357328,1,60.56894318148726
1576,0,1,1,19.75399000612169,0,61.27188601972855
1577,1,0,1,37.24080216173368,1,57.97821326423546
1578,0,1,1,45.39592810332631,1,65.26343216086168
1579,1,1,1,52.87895521230011,1,62.9262969364278
1580,1,0,0,47.76947019175593,1,61.54928325307609
1581,0,0,1,32.65372205347509,1,56.6742655901562
1582,0,1,0,36.25993752740661,0,58.23558960611294
1583,1,1,0,63.69330033457118,1,66.46172947031613
1584,1,0,1,34.178946648389,0,61.71383890533956
1585,0,0,1,38.15338996441235,0,59.39405815579968
1586,1,1,0,54.83928960790527,1,64.36088164825861
1587,1,0,1,60.80784272059942,1,64.54904284909077
1588,0,0,1,52.45031470657801,0,63.14615212155065
1589,1,0,1,40.34646893033941,1,60.56134786527176
1590,1,0,1,48.15492490460984,0,60.78621394111385
1591,1,0,0,53.71924141899571,1,67.18242109484972
1592,0,0,1,54.38348865457343,0,61.33538000327869
1593,0,0,1,39.59722099140886,1,61.6493453789673
1594,1,0,0,36.92704303106208,0,59.4814432448872
1595,0,1,0,41.25523006928753,0,60.89093694900828
1596,1,0,1,58.32691223537994,1,62.53474757255001
1597,1,0,1,31.10696140609034,0,59.35129412562983
1598,1,0,0,42.61611060303236,1,59.19905311188176
1599,0,1,0,49.48264360401917,1,64.22533400938278
1600,0,0,1,43.13032299605335,0,59.07880326208753
1601,0,1,0,55.96098018417519,0,64.4178217736641
1602,0,0,0,52.30268060502521,1,58.88736509588873
1603,0,0,1,58.38967296161342,0,62.54129207205829
1604,0,0,0,55.70621546756383,0,61.37701917814287
1605,1,0,1,60.52777201052172,1,64.92197856575412
1606,1,1,1,36.92489795199032,0,61.92343136326579
1607,0,0,0,41.12808701385148,0,60.15769866337387
1608,0,1,1,41.06939551381511,0,57.63314344876115
1609,1,1,0,58.88599732979524,1,61.84134573431151
1610,0,0,0,61.77605582626997,1,65.20019152038498
1611,0,1,0,54.80252264356882,1,67.71386690244819
1612,1,1,1,52.23239475937207,1,63.86200178977948
1613,0,0,1,45.60606244933518,0,55.89183048109052
1614,0,1,1,51.81960198650167,1,62.02490617175535
1615,1,0,1,57.52620965819438,1,62.78638025344142
1616,1,1,1,45.11842533307476,1,61.76218061079278
1617,0,1,1,58.90026433287743,0,62.06968981343611
1618,1,1,0,57.28276142722573,0,69.24355379918136
1619,1,0,0,43.10736386275803,1,62.52355604877318
1620,1,1,1,63.21756915382648,1,66.4188541966508
1621,0,1,0,55.73970858000695,0,63.67577140330937
1622,1,1,0,44.52039927615107,1,65.13495139281541
1623,0,0,1,41.4949235247275,0,60.48303190937611
1624,0,1,0,65.75618641132812,1,64.7724859131833
1625,1,0,1,37.60522318129153,1,59.25937415596258
1626,0,0,1,55.63266882809212,0,62.55797939975914
1627,0,1,0,40.2870403776415,1,64.99106506104292
1628,0,1,0,56.98676255181648,0,64.20603886210338
1629,1,0,1,52.52415586678302,1,61.30598916986476
1630,1,1,0,57.18860189862848,1,66.72180958472562
1631,1,1,1,32.99598645483017,1,58.92280645092504
1632,0,1,0,44.52359807840182,0,60.74847422786797
1633,1,1,1,48.5779648380632,0,59.99048307820952
1634,1,0,0,55.29842635346574,0,65.21571675254557
1635,0,1,1,48.78337948682194,0,62.81907357553091
1636,0,1,0,45.91059760763728,1,63.56623663953385
1637,1,1,1,39.98108060794438,1,63.52874519898424
1638,1,1,1,51.03988663088833,1,63.07706395300326
1639,0,0,0,46.55995010327402,0,61.72018173708877
1640,1,0,0,48.79748547773263,1,61.49219629344362
1641,1,1,0,50.74083788547276,1,64.68475587565982
1642,1,0,0,54.43793963178187,1,62.28056660372764
1643,0,0,1,38.89636826335069,0,57.42972977798782
1644,1,0,0,68.42808081320055,0,66.71898511918374
1645,1,1,0,33.74880924467747,0,59.97077658790143
1646,1,1,1,67.07125150582189,1,63.04414048694291
1647,1,1,0,37.11206403100205,0,61.87737886738989
1648,0,0,1,65.07905406595413,0,63.93987745978781
1649,1,1,0,58.87613052350192,1,65.3624135226609
1650,0,1,0,55.88904497819637,0,61.5741487395288
1651,1,0,0,42.83239937434254,1,60.84566615904306
1652,1,1,1,50.63677387470329,0,61.22556316440889
1653,0,0,1,31.01146489453014,0,58.16264017744189
1654,0,1,1,50.89077430863621,0,62.92282026502728
1655,0,0,0,55.53592716944637,0,65.33664049301642
1656,0,0,0,16.52717967721136,0,58.95869089465831
1657,1,0,1,40.6725246524461,1,59.9834449063456
1658,1,0,0,36.19629452869666,0,64.99052477619777
1659,1,1,0,45.09677884625867,0,63.02712131581373
1660,1,0,1,45.81597607639488,0,61.40833036160953
1661,1,0,1,25.78167568036601,0,56.64263781194654
1662,1,0,0,44.1090469966027,1,62.06390866768046
1663,0,1,0,36.30887785082065,0,61.55727670852762
1664,1,0,1,63.2977975726792,1,62.46388103458732
1665,1,0,1,48.46636269326033,0,60.64120905545342
1666,0,1,1,65.0618463869942,0,64.11602097429231
1667,1,0,1,36.60897973466268,1,58.81581851341912
1668,1,1,1,54.261412519209,1,64.28236911512994
1669,0,0,0,52.34201465515694,0,64.01392521510239
1670,0,1,0,49.84310516456586,0,63.31267464608331
1671,0,1,0,53.54784643404078,0,62.4432006050837
1672,0,1,1,50.28110260656286,0,60.20825832204689
1673,0,0,1,43.34512120429745,0,56.80039560025315
1674,1,1,1,53.13616165276177,1,63.59820749192421
1675,0,0,0,37.98399054535343,0,62.12347373857757
1676,0,0,0,60.49155799385837,0,65.90865830056632
1677,0,1,0,64.14573269057082,0,68.52033562744781
1678,0,0,0,74.62057023781517,0,68.46829251782694
1679,1,0,1,43.73704988032635,1,59.07119270586222
1680,0,1,0,61.11751597016919,1,62.4695627360698
1681,1,1,0,50.2201148894028,0,65.7214938294476
1682,1,0,1,42.14432818690831,1,60.11191152476929
1683,0,0,1,44.85671375237536,0,61.95549222331178
1684,1,1,1,46.82844864603732,1,61.90070972299115
1685,0,0,1,62.18013256102476,1,64.04189171234395
1686,1,0,0,63.27886278147277,0,61.70128990974859
1687,1,0,0,69.81298735280788,0,64.56395033817118
1688,0,0,0,53.47842595480363,1,62.82038982326506
1689,1,1,1,57.69230671734375,0,60.17976942643385
1690,0,1,0,41.84250858593883,1,61.55279406937963
1691,0,0,0,53.13630852217602,1,63.68697259924545
1692,0,1,1,38.36140359681761,0,57.73016172602888
1693,1,0,0,48.99076990713486,0,59.28383642119038
1694,1,0,0,58.52302251731054,1,64.14217384202203
1695,1,0,1,57.86484725786634,1,66.7839662077884
1696,1,1,0,51.40935654407563,1,62.98887313813513
1697,1,1,1,48.57992834397185,1,59.88489066652566
1698,1,1,1,48.36080692948499,0,63.18286555776589
1699,1,1,0,49.35111587288612,1,62.52257628586107
1700,0,0,0,50.94631514410231,0,60.03056914368388
1701,0,0,1,24.25806755831209,0,55.55850063301205
1702,1,0,0,52.72407372348536,0,63.90830304156125
1703,1,1,1,40.87165780864579,1,63.43609068404948
1704,0,1,1,48.10684723646919,0,64.22664227492135
1705,1,0,1,68.68143189726979,1,64.73279047451304
1706,0,0,0,39.11297731420612,1,58.81610875634564
1707,0,0,0,60.62459153085707,1,61.70558890087735
1708,0,1,1,37.43867173909093,0,62.12504411124289
1709,0,1,1,40.62068583978939,0,58.89544677269714
1710,0,1,0,45.7747511585181,0,60.21452961500108
1711,0,0,1,47.15300338422372,0,62.23769253504357
1712,1,0,1,46.13186647374192,1,63.09646893365794
1713,0,1,0,36.19717091555661,1,64.95438276542265
1714,1,0,0,64.10779013756161,1,64.46056885830896
1715,1,1,0,54.51309154096414,0,62.3389384878796
1716,0,1,1,41.36472397889037,0,59.80983676411735
1717,0,0,1,55.71720424367732,0,61.38582261196289
1718,1,1,1,46.56588150610281,1,61.26739801538313
1719,0,1,1,59.40627150026694,0,62.53923585987863
1720,0,1,0,67.75924563563206,0,66.2984200447687
1721,0,1,0,48.11483154957828,1,63.15394089787242
1722,1,0,1,36.21864632990426,1,61.39197984274904
1723,0,0,0,38.28309129252531,1,61.81783444114422
1724,0,0,0,58.21236037053798,0,63.75752296763444
1725,1,0,0,30.25394733528439,0,59.20331363749042
1726,0,1,1,45.92964107962329,0,58.75570769842592
1727,0,0,0,48.4999084536195,0,62.11777781309214
1728,0,0,1,53.71738391648694,0,61.64134850993982
1729,1,0,0,47.12846934318866,1,64.37023897538768
1730,1,1,1,45.74171531385033,1,62.9541017098164
1731,0,1,1,49.56231642304363,0,62.1943375365684
1732,0,0,1,54.53743947529337,0,64.03325758542593
1733,0,0,0,51.22263408258026,0,61.23689825657221
1734,1,1,0,37.56565329665243,1,60.07748703300966
1735,0,0,1,33.07514147007828,0,57.4348102147791
1736,0,1,0,54.50210866653833,0,63.79165407893472
1737,0,1,1,54.31265301698589,0,57.50595832170747
1738,0,1,1,48.28510805065213,0,61.41764684349381
1739,0,1,0,68.19194277861729,0,66.68341342200263
1740,0,0,1,50.10915333288767,0,61.26029883363747
1741,0,0,1,45.9377922042075,0,61.95226038958727
1742,1,0,0,50.49362989592567,0,63.4781812302318
1743,1,0,1,57.10512664344047,1,61.09703444481265
1744,1,0,1,26.36582934609284,0,58.56319362939634
1745,1,1,0,51.30894875794067,0,60.64674823608429
1746,1,0,0,55.11139427520424,0,63.98188905193902
1747,0,1,1,40.69079378794901,0,59.59506238302318
1748,0,0,0,59.66728878058598,0,65.53475098485805
1749,0,0,1,65.04813582429435,1,65.19803949579267
1750,0,1,1,34.69836321992595,0,54.64134436185203
1751,1,0,1,41.78784551380252,1,59.90034977716759
1752,0,1,1,41.05394894520311,1,62.3101736409295
1753,0,1,1,54.4050645552311,0,60.07816824467179
1754,1,0,0,47.5249234569136,0,61.77967641062227
1755,1,0,1,42.68011160048205,0,59.29160484882575
1756,1,1,0,43.14428425338302,1,62.85057217019976
1757,0,0,0,29.27982790011209,0,59.88208356499621
1758,1,1,1,46.10662134070201,0,63.30333489366376
1759,0,1,0,63.20777570290249,0,62.59537424539921
1760,1,0,0,55.90400214836032,0,62.97180537559065
1761,1,1,1,45.06960054429077,1,61.44490812357481
1762,0,1,1,50.89884557468761,0,62.91662288831945
1763,0,0,1,36.4394643545623,0,60.44127044221709
1764,0,1,0,47.65082812696017,1,58.2229304587171
1765,0,0,0,45.11982830686081,0,62.40863685987865
1766,0,0,1,36.18650129442845,0,58.33391847775121
1767,1,1,0,47.37652412072464,1,60.40160615997836
1768,0,1,1,45.57069884033589,0,63.47159352545894
1769,0,0,0,52.0556857023866,0,60.47067270654917
1770,0,0,1,48.23238504332031,0,63.87538451086378
1771,0,0,1,41.6896901704187,0,59.06504930462284
1772,1,0,0,50.03658047130257,1,64.92782998594299
1773,1,0,0,56.70740294383602,1,62.12132238130079
1774,1,0,1,43.49404925409201,0,57.08029601964363
1775,1,1,1,41.32152345673265,1,63.75022434457792
1776,1,0,0,57.94957448857302,1,63.57646116464388
1777,1,0,0,36.82536779549262,1,60.37182060316862
1778,1,1,1,71.82340635530966,1,65.85542912112371
1779,0,1,1,51.9174835906206,0,65.06325370197737
1780,0,1,0,60.54473267569981,0,65.18094686665727
1781,1,1,1,50.15865901525859,0,58.0330904845036
1782,0,0,0,60.02803118242215,0,63.98040602664758
1783,0,1,1,50.39069088307669,0,62.06171510936736
1784,1,0,1,29.49986348201679,1,60.51537052690448
1785,0,0,1,60.74364923774824,0,58.65929163424033
1786,0,1,1,40.05953529701844,0,59.46768076250554
1787,1,1,1,44.75924268848459,1,60.20848980656412
1788,1,1,0,46.70882665747659,0,63.28088502949264
1789,0,1,1,60.50063441160471,0,63.4264521118083
1790,0,1,0,56.97972664784776,0,65.63641504792622
1791,0,0,1,46.45381368492855,0,60.95542070671261
1792,0,0,1,55.25461187310066,0,59.98063023936905
1793,0,0,0,52.3120187501379,0,64.03146135934833
1794,0,0,1,41.37791267514435,0,59.4759960722858
1795,1,1,0,44.31412011605264,1,63.31354350335393
1796,1,0,0,56.84908360089351,1,61.90277720457759
1797,1,1,0,51.2839553822193,1,62.18771357262096
1798,0,0,0,30.486661246207,1,56.39906818208206
1799,0,1,0,56.19392923983074,0,65.04796093177305
1800,1,1,0,60.40922993804702,0,65.03813000918748
1801,0,1,1,64.00392777717919,0,61.51027343121095
1802,0,0,1,65.45747665003344,1,62.64133642141589
1803,0,1,0,64.02739425243698,0,66.05728918836977
1804,0,0,0,54.46459566503116,0,62.74352188220287
1805,1,1,0,45.04987613229775,1,64.73161513449955
1806,1,0,1,47.28448261867331,0,60.21321317091508
1807,0,0,1,73.53745843189492,0,65.60696100534338
1808,1,1,0,39.66142306283784,1,61.76760011909833
1809,1,0,0,50.9386315368903,0,62.46733131533875
1810,1,1,0,53.02634836892312,1,63.18297552847933
1811,0,1,1,34.47002710994656,0,58.01405322898103
1812,1,1,1,52.65715872107304,1,60.83807432670329
1813,1,1,0,50.33166502842661,0,59.52337348891792
1814,0,1,1,47.97321569749967,0,58.7894966409321
1815,0,0,0,37.26642400588267,0,59.23190217066911
1816,1,1,0,57.10665266488817,1,63.83375828857385
1817,0,0,1,37.27872261064498,0,59.8873826257456
1818,1,1,1,47.65512260121031,1,62.50200708003024
1819,1,1,1,45.45959720578403,1,60.31136712113219
1820,0,1,1,47.47794375541813,0,62.29269910543685
1821,0,0,0,33.66063743886718,0,60.09733452917651
1822,0,0,1,53.04351650395022,0,63.81108445056345
1823,1,1,1,52.36800837359068,1,64.3349827040025
1824,0,0,0,44.78160673893109,0,63.18601439565652
1825,1,1,1,48.90346356839056,0,60.63225927201987
1826,0,1,0,44.04600250668709,1,64.49409421286605
1827,0,1,0,53.10492978178317,0,61.01547089433238
1828,0,0,0,64.97546979380118,0,65.39848619259165
1829,1,0,1,48.9222730601158,1,58.16861739693321
1830,0,0,0,56.1349602627656,0,62.47201759404924
1831,1,0,1,54.58249921569303,1,62.80667703632426
1832,0,1,1,51.40329531472339,1,64.16420565647466
1833,0,0,0,49.45179309651846,0,63.20142846295582
1834,1,0,1,33.67324482472887,1,59.445517589122
1835,1,0,1,41.27219305732434,1,61.12500651105776
1836,0,1,0,43.99534644784276,0,63.14304517036204
1837,0,1,1,58.26411294433097,0,58.42306230960548
1838,0,1,0,60.20816716788926,0,62.72746753207333
1839,0,1,0,74.00882935351541,1,67.65810687218826
1840,0,0,1,76.12680351364959,0,64.03500965137256
1841,1,0,1,48.46915235213627,1,60.63698586316826
1842,0,0,0,47.29783437495951,0,62.37174583347048
1843,1,1,1,55.46405016846699,0,63.69185114092304
1844,1,1,0,39.2404348499584,1,60.88066610921126
1845,1,0,0,68.8749935370339,0,64.43677436743864
1846,1,0,0,43.74454985232425,1,60.82982092165834
1847,0,0,0,40.01427131256203,1,60.36538905278839
1848,1,0,1,43.61088467244824,1,62.44330863119796
1849,1,1,1,53.42849925897701,0,61.11661041811149
1850,0,0,0,41.16278046803347,0,60.84621327171549
1851,0,1,0,52.6685193380622,1,66.05276525794822
1852,0,1,0,35.37560666209844,0,60.18076643416351
1853,1,0,0,56.33110914969707,0,63.06821705005064
1854,0,0,0,50.0152076264129,0,64.39084956663514
1855,1,0,0,59.63907310042051,1,67.80676989520285
1856,1,1,0,67.03813246416284,1,63.04097493437561
1857,0,0,0,48.44730507172847,0,64.0621293037169
1858,1,0,1,34.4292624293174,0,55.94546246581839
1859,1,1,1,50.42770621014905,1,64.03409935629864
1860,1,1,0,53.06326992964208,1,67.00071421263725
1861,1,0,0,60.16258702039674,1,66.50089851842935
1862,1,1,0,50.32466710285517,0,62.39201589547039
1863,1,1,1,51.26825040490749,1,65.00317357995741
1864,0,1,1,30.29537370727109,0,55.51773273195615
1865,1,0,1,37.0459701634727,1,61.24852622234365
1866,0,1,1,60.53652027553822,0,65.26633143027807
1867,1,1,1,64.7956151442194,1,63.84086370040418
1868,0,1,1,45.02935007800974,0,65.83950650156939
1869,0,1,0,51.01596561500559,1,63.49453047210963
1870,0,0,0,46.47448778931712,0,64.86288824293618
1871,1,0,1,43.46706006239485,1,60.02380930344668
1872,0,0,0,52.52802058055904,0,62.75223284399775
1873,0,0,0,28.42511550266173,0,61.41814313045016
1874,1,0,0,41.32791951032384,0,59.42193984170336
1875,0,0,1,37.36538739957423,0,57.56190206409065
1876,0,0,0,51.31359601511067,0,65.20528281031318
1877,0,1,1,45.29399075691784,0,64.49664642483825
1878,1,1,0,74.98968397353806,0,68.28095031431224
1879,1,1,1,57.50615143678539,1,62.37756627125889
1880,0,1,0,46.69590793926245,1,63.29436110312353
1881,1,1,0,44.24743110253177,0,61.59607923642098
1882,0,0,0,48.62616063916752,0,62.80350717739579
1883,0,1,1,44.15273346040634,0,61.82843577020427
1884,1,0,0,39.45030129323303,1,65.36465788313502
1885,0,0,0,43.08436919093215,0,61.62849980017127
1886,1,1,0,47.19115391935166,1,64.2418998400677
1887,0,0,0,48.8919200312779,0,61.56731941472159
1888,1,0,0,43.3358227138798,1,64.1332530453105
1889,0,0,1,57.30600484048419,1,60.19053775206302
1890,1,1,1,51.28188126408195,1,64.16120143232274
1891,1,1,1,58.82754999585828,1,66.08721264738325
1892,0,0,0,37.56377914550998,1,60.43696144834742
1893,0,1,1,36.99934524406881,0,59.11990860745406
1894,0,1,1,42.96972074482708,0,60.49148559936823
1895,1,0,1,39.97515979276899,1,62.06246369623523
1896,0,1,1,35.29219264163842,0,56.93062057222565
1897,1,1,1,56.04396828632458,1,61.17423264218984
1898,1,0,1,43.14011820183516,1,61.51110084378163
1899,1,1,0,59.0809202954311,0,63.34012931783423
1900,1,0,1,37.60475129872599,0,61.66599501146524
1901,1,0,1,42.61850446183847,1,57.89779448906529
1902,1,1,1,28.88759531321662,1,59.90764298191998
1903,0,1,0,41.88324057456737,1,62.10229350741681
1904,1,0,1,49.07697656977652,1,58.12714249725284
1905,1,1,0,40.91838733168414,1,62.13336687197254
1906,1,0,0,40.0543951040937,1,63.05599690331492
1907,0,1,0,54.64823170126566,0,63.89020547888758
1908,1,1,1,55.44860224294067,1,61.40322083338069
1909,0,1,1,37.21610858136785,0,57.53356851760693
1910,0,1,1,50.87646612917045,0,62.97945973713513
1911,1,1,1,43.96969132128757,1,61.5637404894152
1912,1,1,1,43.71955104938822,1,61.94725385007168
1913,0,1,1,56.0740356329706,0,60.11064140661829
1914,1,0,0,44.68819922445085,1,60.73934991459221
1915,0,1,1,37.3033113088925,0,62.80279054469521
1916,0,1,1,44.98926945053589,0,60.13543258546238
1917,0,1,0,70.76844426103297,0,65.68973236806661
1918,1,0,0,43.43474777809939,0,62.31512854479647
1919,0,1,1,57.35091474665253,0,63.83009987211636
1920,0,1,0,53.38486481762396,0,68.66193903852627
1921,0,0,1,40.47584554413923,0,58.91421023892872
1922,0,0,1,41.31741654707517,0,58.94082134317344
1923,0,1,1,43.5274039587805,0,59.15955460814558
1924,0,1,0,49.58349594096526,0,62.46681383367586
1925,1,1,0,58.40786150723665,1,63.42908059087866
1926,0,1,1,49.30332080212784,0,60.02332393113413
1927,1,0,1,48.76080725797594,1,61.08806522154154
1928,1,1,0,42.44200135665537,0,61.55569615657485
1929,0,1,1,46.82687168434767,0,64.55129984756636
1930,1,1,1,34.79929550628849,1,58.22062663313805
1931,0,1,0,48.71183504259108,1,64.71771655933652
1932,1,1,1,53.84056195150844,0,61.61365740643602
1933,1,0,1,37.4422278268153,1,62.19656890716649
1934,1,1,1,45.21359399017297,1,63.08686127432478
1935,0,1,1,56.57062885160504,0,64.48779847396963
1936,1,0,0,53.52899464407538,1,67.70357208032706
1937,1,1,0,70.7356790639091,1,66.12235972708076
1938,1,1,1,43.16606144792922,1,61.74965762104636
1939,1,0,1,46.36462937167866,0,62.41402264800764
1940,0,1,1,41.72504095523423,0,59.33833521065578
1941,0,1,0,21.73055157404335,1,61.49455211131381
1942,0,1,1,36.78696219359786,0,59.06209932703982
1943,0,1,1,49.11358632888444,0,58.5540786806983
1944,0,1,0,41.44109367167384,0,62.23779748486274
1945,0,1,1,43.75241382424571,0,61.06515782489036
1946,0,0,1,39.7750543110288,1,61.19610225176196
1947,1,1,0,57.05483816455059,0,66.96226602393695
1948,0,0,1,40.3765092446511,0,60.53362040102154
1949,1,0,1,43.95824349953168,1,61.28075943444012
1950,0,0,0,59.89896703894684,0,61.83039439516678
1951,1,0,1,40.67298632688156,1,62.27786731798966
1952,0,0,0,66.55847566278058,0,65.27312685825846
1953,1,1,0,65.11879462794694,1,64.06421653907064
1954,0,1,1,53.37691582251407,1,58.00223895330819
1955,0,0,0,44.86364296286941,0,58.16064335105053
1956,0,1,1,30.35387577261524,0,57.10414916696087
1957,1,1,0,68.44834260606478,1,69.8204772090432
1958,0,0,0,40.65694287274204,1,65.48631360498761
1959,0,0,1,56.28861816346064,0,62.49188034651708
1960,1,0,0,62.33884106088554,1,64.82199323624398
1961,1,1,1,37.06173037016637,0,58.47984881684133
1962,0,0,0,55.18137754262933,0,58.71395092506808
1963,0,1,1,50.42172844585123,0,58.5933380399967
1964,0,1,0,41.45858239417045,1,62.79847936276184
1965,0,1,1,50.88548553705968,0,59.02013136063808
1966,1,0,1,53.1637134319552,1,60.24665528030031
1967,0,1,0,44.73360625622474,0,62.02527126004663
1968,1,0,0,48.11092749490382,1,64.91583382120758
1969,0,0,1,42.68556784501992,0,60.32407037801786
1970,1,1,1,35.43834677643893,1,58.84399152930636
1971,0,1,1,36.27175590516993,0,63.43927632352032
1972,0,1,0,44.22799628072055,1,61.6940362569429
1973,0,1,1,44.62363757600598,0,58.98929126331995
1974,0,0,0,51.57738897766137,1,63.2540211028338
1975,0,0,1,53.66056294621453,0,64.80914715228323
1976,1,1,0,49.88000056076611,1,64.28676578226059
1977,1,0,0,57.27391198308504,1,62.81599147131732
1978,1,0,1,46.18834931252837,1,63.70818141308427
1979,0,0,0,62.32331301055314,1,60.18287540168161
1980,1,1,0,67.02293114878631,1,65.14863224955488
1981,0,0,0,49.83185815771248,0,61.71609541421005
1982,0,0,1,54.7579797005031,1,60.11767348277828
1983,1,0,0,46.92525282485616,1,62.48190876349589
1984,0,0,0,56.09999630570649,0,68.90305582939899
1985,1,1,1,40.5410072988877,1,60.88800123280807
1986,0,0,0,46.19870382240585,1,59.74433308786311
1987,1,0,1,43.86823889721742,1,62.09900658816339
1988,0,0,0,46.74153113986981,0,61.47694423849425
1989,1,1,1,50.82357155270751,1,63.22355377121749
1990,0,0,0,55.86905279159161,0,63.49024123351568
1991,0,1,1,50.34141975458702,0,63.77854485568679
1992,1,0,1,47.00622265305329,1,60.9309631639902
1993,0,0,1,49.9034634218951,0,59.93193346313398
1994,1,1,1,46.21714072415483,1,60.9876890234226
1995,1,0,1,50.71983005577025,1,62.25302566540928
1996,1,0,0,37.27771063305456,1,60.18893919072865
1997,1,1,1,45.82729896895828,1,64.55471899890091
1998,1,1,1,24.47162781925252,1,60.24944493698935
1999,0,0,0,50.65617158287666,0,63.05196816697418
2000,0,1,0,63.87165765586631,0,67.55858744395763
2001,0,0,0,66.58706387249698,0,68.69911124877716
2002,1,1,0,54.5980382197188,1,64.26500297138418
2003,0,1,0,50.93003604883884,0,66.0317617963121
2004,1,0,1,47.33224029610144,1,63.85364715599996
2005,0,1,1,53.62602685114377,0,60.71572000132217
2006,0,1,0,49.63648000604379,0,65.39513993275648
2007,0,1,0,65.26381296747763,0,65.2902736281237
2008,0,1,1,48.67490198570034,0,60.80700674517411
2009,0,1,0,50.43560873108594,0,63.70617924123861
2010,1,0,0,56.63355132353289,1,64.82976038534451
2011,1,1,0,53.07623352405142,1,66.08579916087601
2012,1,0,0,53.8332877810773,1,61.63845778860719
2013,0,1,1,48.58657333408807,0,58.222967864719
2014,0,1,0,40.39724163399165,0,60.37736622430282
2015,1,1,0,41.417610369136,0,62.74253760420641
2016,1,1,0,60.76713872444238,0,64.40888722276507
2017,0,0,1,27.62285005108782,0,62.34618504701327
2018,0,1,1,41.29714435403996,0,58.6683209362056
2019,1,0,1,60.66405816033136,1,62.06818817871255
2020,1,1,1,58.87675954361081,1,61.55656833163254
2021,1,0,0,29.5676763796361,1,58.97574749716256
2022,1,0,0,48.32008864918291,1,64.10018388555652
2023,0,1,0,47.55812005917623,0,63.65361850691895
2024,0,0,0,42.24356751734584,1,61.57190610058849
2025,1,0,1,52.02836733803778,1,62.60659042297792
2026,1,0,0,65.13026479506942,0,66.79448062518667
2027,0,1,1,44.17611031375566,0,57.8996946825969
2028,1,1,0,62.13169579573483,1,66.36643693468838
2029,1,0,1,39.15798345417874,0,57.71974547338019
2030,0,1,0,53.18007906387521,1,63.69588774296321
2031,1,0,1,50.92555944890032,1,63.65486882614032
2032,1,0,1,52.80798025955698,0,57.83193319267653
2033,1,0,0,58.31110868627202,0,63.52428192809722
2034,0,1,1,52.95830113346255,0,62.29589381457478
2035,0,0,1,58.6932072479215,0,65.00903785986048
2036,1,1,1,57.20853697318783,1,64.51033459845273
2037,1,1,1,47.5734051793679,0,60.53969745887497
2038,0,1,0,56.12900073173746,0,62.92758825875831
2039,1,1,0,67.08115426514833,1,66.08136997185763
2040,1,1,0,63.45805360172547,1,67.58521020257784
2041,1,0,1,52.79291385610752,0,57.25562568603142
2042,1,0,0,31.30275859473436,1,60.91777139848566
2043,0,1,0,34.42057284480336,1,63.50219169253324
2044,1,0,1,52.77342496934767,1,61.72628780577002
2045,1,0,0,50.60298055644439,0,62.30400818882104
2046,1,0,1,63.06778707645399,1,66.70790691315237
2047,1,0,1,33.34645672685446,0,59.06524363472936
2048,1,1,1,49.6842200075416,1,59.99943186628256
2049,0,1,1,60.93081471936004,0,59.86650103579355
2050,0,1,0,33.07102414598054,0,60.69211818191079
2051,0,1,0,50.64316740776441,0,61.26978817361658
2052,0,1,0,50.55366702698411,0,61.80421835179681
2053,0,1,1,32.59376064206916,0,62.67418706056526
2054,0,0,1,23.78271383977392,0,56.51851375166832
2055,1,0,0,54.96937144970142,1,66.80701588947267
2056,1,0,1,45.30907450391216,1,62.18793077191321
2057,0,0,0,59.55079046934608,0,64.25595132624008
2058,0,1,1,50.51596069170304,0,61.38428131977142
2059,1,1,1,51.33315876145769,0,64.24871036082251
2060,0,0,1,41.33110133368992,1,61.4389438975786
2061,1,1,1,40.90377631176248,0,58.45272666109975
2062,0,1,1,51.55189531655151,0,62.32456601709808
2063,1,1,0,47.65771117915292,1,65.01151302872283
2064,0,0,0,35.8682009740561,0,64.07464527281518
2065,1,0,1,61.16021008927353,0,64.01210130003973
2066,1,1,0,38.93116391423658,0,60.05179614433994
2067,1,1,0,55.17688437104307,1,66.2179765482428
2068,1,0,0,64.59115138761578,1,64.0334307689799
2069,0,0,0,40.5431385513755,0,61.38976522482729
2070,1,1,1,62.28674568099974,1,62.61686805176182
2071,1,1,1,56.46233713115669,1,62.98079465755249
2072,1,0,1,49.6396024466075,1,61.78212484776009
2073,0,0,0,57.49775045482044,0,62.67888679160184
2074,1,0,1,56.10096638519793,0,61.37071150491928
2075,1,1,0,55.98368984075422,1,67.21697824165557
2076,0,0,0,41.67489634636998,0,60.93919540444308
2077,0,1,0,69.28582098988809,0,62.32611031556647
2078,1,0,1,42.08927080479997,1,63.37073703101827
2079,0,1,0,63.88607134736085,0,64.69667787720979
2080,0,0,1,50.33140743061978,0,61.51559264563717
2081,0,1,1,54.51157643087462,1,64.2450268620899
2082,1,0,0,51.83264492899552,0,62.98990582595982
2083,0,1,1,53.00065119711428,0,63.48641766094789
2084,0,1,0,59.46605290549995,0,62.24200575289684
2085,0,1,1,39.90467808911451,0,60.59255205178832
2086,0,1,0,35.6105156228605,0,58.11844381427715
2087,1,0,1,64.55072724889082,1,63.49831990582769
2088,1,1,0,38.71866452780138,1,62.51544308939824
2089,0,0,0,70.06162236620551,0,69.11292300295206
2090,1,1,1,54.46871991251166,1,62.55746595835924
2091,1,1,1,62.7539692629091,1,60.90557340473674
2092,1,0,1,33.89827335465135,1,56.37556592793936
2093,0,1,1,45.06940236129756,1,60.89634549085191
2094,0,1,1,55.50443711958529,0,63.14277897288238
2095,1,0,1,60.31396136353947,1,63.20093882654082
2096,0,1,1,30.81954266117097,0,57.96853566680892
2097,0,0,1,43.34119736980367,0,62.80529163606968
2098,1,1,1,60.05419015735644,1,60.47440400849607
2099,0,0,1,40.94093468042547,0,58.87944370004571
2100,1,1,1,45.64341089405756,1,61.13481348474058
2101,1,1,0,39.29338663935181,0,61.92341902004694
2102,1,1,0,57.5352515424341,1,64.89330373048911
2103,1,0,1,49.21153230066036,1,60.46655293030294
2104,1,0,1,55.8680676046776,0,63.28989024395035
2105,0,0,0,45.78047177456331,0,65.04477049392381
2106,0,1,1,41.75785932884067,0,61.7244677279948
2107,0,1,1,31.77315437152924,0,57.36407761093139
2108,1,1,1,25.1163797475707,1,58.79403142499391
2109,1,0,0,51.44536209014282,1,66.26850231398518
2110,1,0,0,52.64294850744179,1,64.01550102326657
2111,0,0,0,41.95832121311263,0,60.68078847772137
2112,1,1,1,51.70810902053268,1,65.75770032468118
2113,0,0,1,32.33424350079714,0,57.8047883487833
2114,1,0,1,51.12302702501545,1,63.5728022461304
2115,0,0,0,70.32090653141981,0,63.20123909158635
2116,0,0,0,43.23906778204363,0,63.36875069419344
2117,0,1,1,57.12033033618131,0,64.32900220411699
2118,0,1,0,54.68725439390604,0,66.48170588763223
2119,0,0,0,37.9163164112867,0,63.25692158648518
2120,0,0,1,37.92223730860217,0,60.69330834169001
2121,1,1,1,44.45624502613357,1,62.37300877194048
2122,0,1,0,47.51179741782216,0,60.68098707081919
2123,0,0,0,62.61293715174799,1,63.82187845361723
2124,1,1,1,39.67981918904793,1,60.83554294249698
2125,0,0,1,45.63940824008105,0,58.81900987630981
2126,1,0,1,38.14065472232781,1,60.26664973402743
2127,0,1,1,54.91706418020837,0,63.44409343183369
2128,0,1,1,53.45387661360708,0,62.21318404496467
2129,0,0,1,27.98288587142349,0,59.84249011054181
2130,1,1,1,62.17534352468032,1,66.79171696572469
2131,1,0,1,52.45122583385614,1,63.24713504728159
2132,1,0,0,47.86522211749834,1,62.98622657385441
2133,1,1,1,66.6232490317678,1,67.24284119480174
2134,1,0,1,38.89436628413761,0,56.11355420323437
2135,1,1,1,38.52112356627877,1,60.33135784766363
2136,1,1,0,42.04763805803135,1,66.71438425385314
2137,1,1,1,46.56316430456752,0,58.41944912248654
2138,1,1,1,37.86706635472138,1,59.17175151494001
2139,1,1,1,48.96685395576745,0,57.46656986030067
2140,1,0,0,63.1739074534245,1,67.63180725568238
2141,0,0,0,57.53865076199874,1,65.11128882727689
2142,1,0,1,45.30580961820802,0,60.89091969050244
2143,0,1,0,56.20173014804553,1,63.81876575787842
2144,1,1,0,28.83510488928488,1,63.80883151324095
2145,0,0,1,45.09179223558031,0,58.62202800461797
2146,1,1,0,48.75290561209843,1,62.27850002972563
2147,0,1,1,71.12045154146452,0,65.62814374858146
2148,0,1,1,39.09102559857087,0,61.69840181697828
2149,0,1,1,49.50938568507163,0,64.40748040855655
2150,1,0,1,46.96282960652171,1,63.96955313024306
2151,0,0,1,33.00012446979527,0,55.66873443446227
2152,1,0,1,36.38604748278777,1,62.54630271133124
2153,0,1,0,51.75897046587851,1,60.94743580108426
2154,1,1,1,16.20381714561331,1,60.41146425997136
2155,1,0,0,55.79822564091327,1,64.30230714912102
2156,1,1,0,49.52859365969502,0,63.15712771666931
2157,0,1,0,53.97302874166301,0,63.2268720190526
2158,1,1,1,45.8156464356782,1,61.083340802762
2159,1,1,1,62.66604817629002,1,63.64846961748903
2160,0,0,0,63.95766836044072,1,66.77843166859148
2161,0,1,0,61.03609666861512,0,62.37024942516936
2162,0,1,0,40.78894902754374,0,63.45104622982932
2163,1,0,0,61.2963015126759,1,62.7228381435369
2164,1,0,0,41.54780646845983,0,60.72488315688002
2165,1,1,1,43.81310343526449,1,62.42196157726887
2166,1,1,1,42.92875174509896,1,61.39050717592689
2167,0,1,0,52.49244346749227,0,66.1354165810812
2168,0,0,0,51.6406389831858,0,64.16232637476044
2169,1,1,1,64.97333146547531,0,65.32558629054418
2170,1,0,1,60.56932536961297,1,66.33110822337795
2171,0,0,1,39.59677096359715,1,57.47646340899135
2172,1,1,0,68.46522452820413,0,65.60175334110951
2173,0,1,1,38.93879179086099,0,57.48308504326823
2174,1,0,1,36.82253026152758,1,61.50551680706317
2175,1,1,1,36.02472125380744,1,62.47359851599658
2176,0,0,1,63.96216519894737,0,62.65936974229264
2177,0,1,0,27.92475713836184,0,57.16813500158175
2178,1,0,0,39.00084788342613,1,60.44128073773032
2179,1,0,0,38.50251913663509,0,60.66940252903079
2180,1,1,1,63.83377120059176,1,64.36665967329414
2181,0,1,1,37.75174883858818,0,56.93915166833128
2182,1,1,1,42.48092487411471,0,58.75309282283905
2183,0,1,0,32.32492111612331,0,58.40816269935988
2184,1,0,0,30.64401611492784,1,58.40492263573505
2185,1,1,1,64.45394143403419,0,63.18258501592723
2186,0,0,0,49.8604959218811,0,61.97387186618079
2187,1,1,1,51.32894019525718,1,62.58550508591556
2188,1,0,1,44.54953867409555,1,64.19273674496948
2189,1,0,1,38.65530731104613,1,58.91421041301141
2190,0,1,0,50.17032814626884,1,66.56453741062325
2191,1,0,0,59.31131568841113,1,65.5731196798382
2192,0,0,1,58.40343483898506,1,62.47404445644793
2193,0,0,0,39.67860649713105,1,61.23884863188579
2194,1,1,0,43.9311402973912,1,61.12152447110142
2195,0,1,1,57.3971368760612,0,60.99773690732417
2196,1,0,0,48.10115841789261,1,65.33069401067728
2197,1,0,0,52.31269914788052,1,64.92342510474471
2198,0,0,1,55.87412915742214,0,63.16685678270496
2199,1,1,0,59.08077427136467,1,63.89279649472721
2200,1,1,1,50.4629393320771,0,57.79057117105376
2201,0,1,1,70.4758631098529,0,64.46671205484425
2202,0,1,0,56.47953449757336,0,62.50612771026061
2203,0,0,0,59.74730040643431,0,64.85483437463003
2204,1,0,1,48.83571759974335,1,63.35961116797301
2205,1,1,0,54.06900838562769,0,62.4258132261587
2206,1,1,1,57.12787353104807,1,62.30299119927786
2207,0,0,1,39.16921786923409,0,57.30210017093393
2208,1,1,0,39.09030537230974,1,60.82321963249048
2209,1,1,0,53.1416111377048,0,63.54398574152722
2210,1,1,0,49.16484667930442,0,58.9232356872651
2211,0,0,1,49.42837376913885,1,61.04165536819215
2212,0,0,1,55.01291771435204,0,61.31167060714387
2213,0,1,0,47.30570828767004,0,64.62047530460326
2214,0,0,0,48.5517350212791,0,61.24292872816279
2215,1,1,1,53.94475144088715,1,65.1484818661157
2216,1,1,1,58.81178234890037,1,61.86348938734449
2217,1,1,0,57.89955926378909,1,62.19185032174553
2218,1,1,1,46.10638842296302,1,64.06207226356248
2219,0,0,0,53.50217440284752,0,61.86660717027213
2220,1,1,1,45.47004246484168,1,63.86185683602791
2221,1,0,0,60.05770813390164,1,66.5350372096047
2222,1,1,1,47.28425210389627,1,62.22921279346959
2223,0,0,1,48.34285202240073,0,63.7424946802703
2224,1,1,1,33.74189708628661,1,58.46022829082447
2225,0,1,0,32.18377179570571,0,59.74842005964361
2226,0,1,1,46.56612086428419,0,61.47229506112058
2227,1,0,0,38.04122074974111,0,62.98097214437971
2228,1,1,0,45.94129415529696,1,62.83870067105207
2229,1,0,1,41.47220559365111,1,60.81469968997598
2230,0,0,0,55.92486297516437,0,62.83839684891271
2231,0,0,0,35.39754600184523,0,64.02006355431023
2232,0,1,1,52.99733413748895,1,61.42054744829156
2233,0,1,1,54.67646056936471,0,62.50647061362955
2234,1,0,1,49.65491261101686,1,62.91730513213899
2235,0,0,0,35.09587724662381,1,60.46782510100206
2236,0,0,1,51.51297013038401,0,64.37850218253401
2237,0,0,1,59.17282890155131,0,65.29806469182743
2238,1,0,1,43.35222374248731,1,59.79100501281228
2239,1,1,0,49.62922773640143,1,63.78609448446002
2240,0,0,0,62.34236315563757,0,64.67984893532473
2241,0,1,1,51.07834605193796,0,60.23234374711225
2242,0,0,1,43.99677647825255,0,60.10659662849721
2243,1,1,1,39.25296258924758,0,59.56276045822501
2244,0,0,1,39.78834820494407,0,61.07229640337472
2245,0,0,0,54.58313021089295,0,63.06438503307441
2246,1,1,0,51.67273823087474,1,66.03600529214832
2247,0,1,0,63.580542664984,1,66.20082042746317
2248,0,0,0,49.36465892341931,1,65.52802972913442
2249,1,1,0,42.46164507592027,1,63.98937216002948
2250,1,0,1,35.5307104027726,1,58.65958496185152
2251,0,0,1,47.45788825150037,0,61.05813397892827
2252,0,1,0,50.36159522581863,1,60.21495273590752
2253,1,1,0,56.21174256190454,1,61.95219516028649
2254,1,0,0,41.02028768701038,1,58.83658443280966
2255,1,1,1,56.00870309161228,0,60.78527569610218
2256,0,1,0,56.77271937724872,0,61.45395129577809
2257,1,1,0,53.68170592371753,1,66.71388356440835
2258,0,1,1,40.0140424490084,0,61.89253746675635
2259,0,1,0,41.51898692371797,1,64.26828330211785
2260,0,1,0,47.99427820401274,0,63.25592606158224
2261,1,1,0,76.53136845196613,1,65.50203393081142
2262,0,0,0,59.22787187849324,0,65.6784783195921
2263,0,1,0,58.25187345058805,0,67.03536617553489
2264,1,1,0,54.84589855599764,0,65.85944342462503
2265,0,0,0,39.29525503520158,0,63.12207143427403
2266,0,1,0,36.88919370783145,0,60.6916274563882
2267,0,1,0,49.75353395865792,0,59.84453167127641
2268,0,1,1,55.6391348666002,0,63.65545562400378
2269,1,1,1,47.12872876165871,1,60.41120346089217
2270,0,1,1,41.11300834011317,0,63.11773890479376
2271,1,1,0,40.3669024389596,0,62.8193563888828
2272,0,0,0,55.80854626209308,0,63.87901012121236
2273,1,1,0,75.02110426018371,1,66.70406508176688
2274,1,1,0,44.6911002576085,1,60.67596725757371
2275,1,0,1,42.09392783367305,0,60.1812067416972
2276,1,0,0,51.4765991397617,1,63.73139776144823
2277,1,1,1,48.56910918862859,1,62.50511173459907
2278,1,0,0,36.07921711565984,0,56.80199990349787
2279,0,1,1,54.57607544762346,0,64.4299184417364
2280,1,0,1,49.05938003310544,1,62.16340277658392
2281,0,0,0,47.60693665820082,0,62.00810440290455
2282,0,1,0,66.30848048365685,0,63.7647785741362
2283,0,1,0,59.00181036870489,0,65.54195157480915
2284,1,0,1,38.74089209873706,1,60.08002346199554
2285,0,1,0,35.30641697180766,0,60.48308311002775
2286,1,0,1,45.86443655085397,0,62.21962017694321
2287,1,0,1,47.32690949697241,0,61.16144182592059
2288,0,1,0,65.3636357599912,0,66.15733834311268
2289,0,1,0,36.6242241208163,0,61.11007941209986
2290,1,0,1,49.36074134184194,1,65.45357605297228
2291,1,0,0,38.76043759906615,1,64.19674137465665
2292,1,0,1,50.13654358597022,1,63.68450208923071
2293,0,0,0,40.76647363834893,1,62.98277137623644
2294,0,0,0,43.70319622272195,0,59.87350112762704
2295,0,1,1,33.98269955124653,0,58.85833753359731
2296,0,0,1,36.80440125561324,0,60.03229942197032
2297,1,0,1,34.02948199205385,1,56.87560525034198
2298,0,1,1,44.75605046747732,0,62.36439208134459
2299,1,0,0,48.09078320492436,1,65.95570495625786
2300,0,1,1,45.39855366836613,1,60.04619739308311
2301,1,0,0,49.81943920795958,0,62.91236894821395
2302,1,1,1,35.02709102175632,1,57.88557651958686
2303,1,0,1,53.98353911181911,0,62.43024465727574
2304,1,0,1,48.98354471522108,1,64.38291261138245
2305,0,1,0,33.61988288881456,0,60.244241061802
2306,1,1,0,45.65255844981853,0,65.11195243214299
2307,0,0,1,23.56793090043247,0,58.39296020244983
2308,1,0,1,48.78713947680508,1,53.99066156370031
2309,1,0,0,63.31939838293559,1,64.8697626658245
2310,0,1,1,49.46191213817379,0,59.03854961724626
2311,0,1,1,58.36549127992178,0,61.48711006238742
2312,1,0,0,55.14229555576966,0,63.80816951028861
2313,1,1,0,44.61816002581558,1,65.48143747168989
2314,0,0,0,55.45755307331059,0,63.71502744614593
2315,0,1,1,62.47878650797138,0,62.3630718979738
2316,0,1,0,48.36327516765456,0,60.70954469889564
2317,0,0,0,75.19376649606016,0,67.88120654144146
2318,0,1,0,53.78400129775022,0,66.34551880750722
2319,0,0,1,35.72176322116636,1,61.39749626242875
2320,0,1,0,41.71256777039729,1,65.82756210376337
2321,0,1,0,59.04649607247082,0,63.92475293731034
2322,0,1,0,47.47572115956278,0,63.67156484668809
2323,0,0,1,38.78980738502755,0,61.93387534838624
2324,0,0,0,50.38455868482168,0,61.76939452842662
2325,0,1,0,34.05718630731643,0,58.23358068802911
2326,0,1,1,31.18468716117448,0,60.426833706937
2327,0,1,0,57.96464515991728,0,63.97872478079903
2328,1,1,1,33.6682295454112,1,57.97350434367275
2329,0,0,1,59.76247964434214,0,63.09277980711329
2330,1,0,0,39.99312601845126,1,61.15639655080441
2331,1,0,1,34.66401629178146,1,61.45932097486792
2332,0,0,0,54.22514549862622,0,60.55212853848767
2333,1,1,0,51.48976052807746,1,64.17737228668328
2334,0,0,0,46.46857073538105,0,64.35113001067715
2335,0,1,0,51.02638587126178,0,65.11227959797071
2336,1,0,0,54.15339598466317,0,62.36502384383444
2337,0,1,0,47.88309276545453,1,62.03388935777942
2338,0,1,1,73.06719330800736,0,65.25856168222359
2339,0,0,1,36.367999423198,0,59.95897212514331
2340,1,0,0,55.51316211936716,0,64.0125292299191
2341,1,1,1,44.17363144251443,1,63.20396686428892
2342,1,1,0,38.60974367920345,1,61.41740872666589
2343,0,1,1,30.67937361610971,0,60.4213348205358
2344,0,0,1,50.85968208288758,0,60.5155797072152
2345,0,0,0,63.03720442622171,0,64.54970394598298
2346,1,0,0,56.69754916056573,1,64.913444954277
2347,0,1,0,53.32302409254014,1,63.55216319147868
2348,1,0,1,47.90705853159756,1,62.69257105032504
2349,0,1,0,49.9801404740773,0,58.52583500733432
2350,0,0,0,45.41295459440386,0,62.53226423460871
2351,0,1,0,57.95998649462764,1,63.3560863899209
2352,1,1,1,51.92986849955192,1,60.08588622571568
2353,1,1,0,23.53152260853148,1,59.20096606280616
2354,1,1,1,43.58221612640771,1,62.52052128847502
2355,0,1,1,60.42299027775418,0,62.16156203221531
2356,0,0,1,49.10581381962224,0,62.58530213149369
2357,0,0,0,56.94791144823867,1,63.31853851965926
2358,1,0,0,65.83256535135516,1,68.6499456514063
2359,0,1,1,59.52690950858557,0,65.00680319232673
2360,1,0,1,45.50982153407588,0,62.21051639078054
2361,1,0,0,42.72424339431633,1,65.14397042157944
2362,1,0,0,50.50755651879739,1,65.11775824833767
2363,0,1,1,48.65645784905976,0,61.32609537629899
2364,0,0,1,63.64858427625859,0,60.43047969722404
2365,1,0,1,53.42649134355539,1,61.36395882309363
2366,0,0,1,39.7651408786816,1,64.16831283983774
2367,0,1,1,45.07122958406708,0,60.73924974967669
2368,1,1,0,37.31906443330023,1,64.29499808683633
2369,0,1,0,52.51962838975759,0,62.46117055649973
2370,0,1,1,55.59897596714052,1,62.86505989496715
2371,0,1,1,40.026222764306,0,58.70533393263449
2372,0,1,0,34.65330828460992,0,64.08798765188547
2373,0,0,1,46.50171813630433,0,59.41345191352088
2374,1,1,1,58.59110832549504,1,59.9452479956369
2375,1,1,0,45.91175757033261,1,65.99287970802899
2376,0,1,0,62.87663277135519,0,64.23798388383599
2377,0,0,1,51.97989582036177,1,61.20823098516116
2378,1,1,1,44.45169974275911,1,60.84257870005845
2379,1,1,1,42.75707558884464,1,56.33593881725508
2380,1,1,0,36.61651802992932,1,60.7513012473069
2381,1,1,0,56.34642367749623,1,62.82825791293414
2382,1,1,0,47.41455079663398,0,61.13037849441407
2383,0,1,0,45.09314251740767,0,60.14759218804554
2384,1,1,0,51.99401254088504,1,64.33097741349754
2385,1,1,0,55.32046546537877,1,65.88194511008916
2386,0,0,0,61.05885432793659,1,66.90802954794937
2387,0,0,1,49.27923357713046,0,59.75632053979724
2388,1,1,1,33.45917581754414,0,58.81908867830141
2389,0,1,1,43.25957849423662,0,60.10027255822275
2390,0,1,0,52.21792346008196,1,63.55958387208752
2391,0,1,1,54.35540189456439,0,63.25355776516397
2392,0,1,0,66.5745843099167,0,64.85875125764812
2393,1,1,1,51.5795356584195,1,62.47753878102679
2394,0,1,0,60.98321944319152,0,65.17819066219509
2395,1,0,0,40.81278375880603,1,59.37726640767855
2396,0,1,1,61.78469832618788,0,61.29254250398774
2397,1,0,1,38.82721962716278,0,61.30093800424194
2398,0,1,0,53.54280549392449,0,65.4955748207372
2399,0,0,0,50.52998562016616,0,63.34186399228619
2400,1,1,1,56.619088149328,1,65.34544811094733
2401,1,1,0,47.62741610919248,1,65.42387065906463
2402,1,0,0,65.64899732548413,1,68.54514317089024
2403,1,1,0,47.24974400133696,0,61.39344087360112
2404,1,1,1,50.17495446316462,1,62.7668469734113
2405,0,1,0,59.71338734376836,1,64.09066128124606
2406,0,1,1,43.59796772082156,0,60.41815874020239
2407,0,0,0,40.6193838222935,0,62.94010165182814
2408,0,1,0,56.75433804425192,0,62.72730112370428
2409,1,0,1,32.04671011744987,0,58.86282947892121
2410,0,0,0,58.69212067981942,0,61.31297638743801
2411,1,0,1,45.73411076443904,1,62.64118426853032
2412,0,1,1,43.26640322454647,0,60.92907886069671
2413,1,0,1,34.77565120965632,1,58.391358999917
2414,0,0,1,48.86914736231022,0,61.02604680316102
2415,0,1,0,52.05254914772527,0,58.44381136700623
2416,1,0,0,57.40298299446757,1,65.12634294185726
2417,1,0,1,29.59386135254238,0,56.05534177453756
2418,1,0,1,57.19453465438252,1,65.33132257408329
2419,0,0,0,54.43634024659897,0,66.99602997675878
2420,1,1,0,60.25844789855361,1,64.59763993036756
2421,0,0,1,31.30789378899744,0,56.50516670394235
2422,1,1,0,54.2734742039294,1,64.82730244583557
2423,0,1,1,68.53876523856766,0,65.22311571956723
2424,0,1,1,47.72323166470562,0,61.75029910731769
2425,0,1,0,53.87081133268076,0,64.2237349374208
2426,1,0,1,52.3248851434921,1,61.07068380087977
2427,1,1,1,52.84849905990792,1,61.06605709076299
2428,1,1,1,55.52960499016553,1,62.65249088198619
2429,1,0,0,52.64902823724909,1,65.92936839126838
2430,0,1,1,60.71784716725649,0,61.41235949527474
2431,1,0,0,44.42766100612898,1,60.64382736954107
2432,0,1,0,67.2297183594717,0,65.11908284440904
2433,1,1,0,60.68424697734532,1,64.1693203933504
2434,0,0,0,37.11665101590521,0,57.57692720117113
2435,1,0,0,54.96341275384986,1,65.11712017117723
2436,0,0,0,56.9613922817568,0,64.44651527881454
2437,1,1,1,66.88073551803632,1,64.46699398922031
2438,1,0,0,61.92568680171212,1,68.79563408992135
2439,0,1,0,55.51725023035186,0,63.9523261694724
2440,0,1,0,58.8636342808658,1,64.28054264632938
2441,0,0,1,60.56527079538102,0,62.08903399537347
2442,1,0,1,37.94033074697583,1,64.44512113142137
2443,0,1,0,43.63479183664595,1,63.25705627583019
2444,0,1,1,38.9034822815839,0,61.06106371395612
2445,1,1,0,43.59413338500373,1,61.10202634997759
2446,0,1,1,32.86041429012506,0,61.30828859094525
2447,1,1,1,52.41185696361517,1,61.79440452036026
2448,0,0,0,47.6895872975978,0,58.26550439772854
2449,1,1,1,52.22742908441931,1,59.95747733193088
2450,0,1,1,47.89717706247674,0,59.47178720743055
2451,0,1,1,50.07712559627397,0,61.03108727928903
2452,0,0,1,41.96801032317465,1,60.48632495367604
2453,0,0,0,42.94984478183839,0,59.84258979098995
2454,1,1,1,44.21960618353484,1,60.59072056473372
2455,0,1,0,43.59041155624214,0,58.65018197215865
2456,0,0,0,32.86309875654848,0,61.65849840430955
2457,1,1,1,57.56317305830226,1,61.60653280787786
2458,0,1,0,63.17460229516986,0,65.92021779408225
2459,0,0,1,43.63537211044599,1,60.75683412312969
2460,1,1,1,61.40224262081617,1,63.55530438007727
2461,1,1,0,45.69526852352843,1,65.72501163147322
2462,1,1,1,50.76029799239497,1,67.00284300222248
2463,0,0,0,46.12474084976841,0,61.34802922395858
2464,1,1,1,56.06797354272111,1,64.48313601600705
2465,0,0,1,37.071707450787,0,59.15281442775811
2466,0,1,0,54.22279280209283,0,66.29366118564752
2467,0,0,1,57.35648837464888,0,61.25490241715811
2468,1,0,0,33.43898563394251,0,60.6051832625061
2469,1,0,1,32.48342100653664,1,58.54016844470891
2470,0,0,1,61.27994623209082,0,64.73560915301977
2471,0,1,1,45.02502978337905,0,59.39086619629212
2472,0,1,0,43.66379128614442,0,61.56766743718081
2473,1,0,1,67.16527674075431,1,65.33603648820831
2474,1,0,1,57.54543746349952,0,62.84576637260857
2475,0,1,0,62.3547111145574,0,62.82492752922973
2476,1,1,1,36.15551212399855,0,58.82702414353896
2477,0,0,1,44.99179310472242,1,58.95856178433063
2478,0,1,0,56.37994806716168,0,63.05228701096483
2479,1,0,1,33.94943678721319,1,57.56102854424621
2480,0,1,1,17.64048143608876,0,56.16927619610441
2481,1,1,1,28.84239187379054,1,56.68366138584523
2482,0,0,0,41.54683416420762,0,61.49709197122307
2483,1,1,0,49.80903621086857,0,64.31144643781091
2484,0,1,1,45.14848935197367,0,62.73125884048543
2485,1,1,0,34.78669654756233,1,63.34732046070732
2486,0,1,1,36.14116480383872,0,59.2615985155367
2487,1,0,1,60.52713745990511,0,62.88604011187529
2488,0,0,1,45.36777869633801,0,59.7459821942992
2489,0,1,1,51.02129399550028,0,62.4732607555732
2490,1,1,1,53.06492359133053,1,63.44121713179523
2491,1,0,1,32.39955514334372,0,58.57073495799484
2492,0,1,0,51.70510199639319,0,62.52386851648391
2493,0,0,0,52.82331887309086,0,62.24926188498275
2494,0,1,0,59.48516008081957,0,64.47355977079522
2495,1,0,0,57.55516936302526,1,68.3164541727691
2496,0,0,1,48.70768537259583,0,57.46303569558163
2497,1,0,1,45.10859916651565,1,61.52672113877458
2498,1,0,1,42.90676640152119,1,61.22460635391029
2499,0,0,1,49.3012408028371,0,58.51451999499346
2500,0,1,0,39.00192871614255,0,60.30538234005379
2501,0,0,1,47.53839846001253,0,64.54001042836785
2502,1,1,0,60.23058563148557,1,60.77393498560323
2503,1,0,1,44.34105786382954,1,62.56222687721939
2504,1,1,1,49.63895448685309,0,62.43009495583315
2505,0,1,1,50.78109413109519,0,61.29175209627659
2506,0,0,1,58.09416456801074,0,61.08553895648752
2507,1,1,1,38.31809880800581,1,61.48848738524899
2508,1,0,0,67.78951899332118,1,65.45198141090667
2509,1,0,1,53.98409843682366,0,61.87395374473043
2510,0,1,1,39.89618330917027,0,60.66818080114272
2511,1,0,1,58.27519443928705,1,63.31312118418132
2512,1,0,0,48.93668187684428,1,60.50639570810709
2513,1,1,0,40.9998715996162,1,64.27883667423887
2514,1,0,0,42.12572510705745,1,63.27769145055703
2515,1,1,0,27.76073911999328,1,57.34277455171988
2516,1,0,1,40.31537149317378,1,64.37461168468563
2517,1,0,0,46.44348367028559,0,65.01096449919301
2518,1,1,0,34.59161012377849,1,64.66064544776678
2519,1,0,1,58.77668941265354,1,63.96968174852145
2520,0,1,0,47.80102470082085,1,62.67350520632502
2521,0,0,0,53.35549204889337,0,63.21923261657007
2522,0,0,1,46.25733954866883,0,60.49943580651809
2523,0,0,1,34.09806500310398,0,57.14039410189537
2524,1,0,1,33.17624128181502,1,58.8996976038843
2525,0,1,0,43.76218839957834,0,61.45263867698809
2526,1,0,1,69.71083471688414,1,64.00833148307058
2527,0,0,0,53.88350284319472,0,62.10886758943998
2528,0,0,1,33.62811044154172,0,59.06331130680917
2529,0,0,0,73.90683880627068,0,64.01904661378103
2530,1,1,0,44.14581874955256,1,64.81480976456186
2531,0,0,0,40.14481090889489,0,61.97284042744472
2532,0,0,1,52.91900133540852,0,60.97953674016188
2533,0,0,1,56.54834135321065,0,65.4592368938121
2534,0,1,1,33.83705334433025,0,59.24895602932752
2535,1,1,1,56.44037288790413,1,63.10334147120299
2536,0,0,0,45.81855426598367,0,63.14943927074536
2537,1,1,1,31.91076134002213,1,58.57810891470342
2538,0,1,0,53.90456603669443,1,64.04766006749264
2539,0,0,0,32.2926868234278,0,60.16580678815038
2540,0,1,1,44.14382219436897,0,60.5323757865981
2541,0,1,1,53.50607372913508,0,60.56802466739501
2542,0,1,1,35.80562029816024,0,57.48378669038298
2543,0,1,0,50.2313222676322,0,65.6063464318181
2544,0,1,0,52.19853960307695,0,64.17176906904452
2545,0,1,1,44.48644011986705,0,60.83827815563351
2546,1,1,0,30.66614941707504,1,59.15692441805587
2547,1,1,0,52.82148832271142,0,68.4248410093219
2548,1,1,1,40.03434556627854,1,61.50007073477136
2549,1,0,0,71.13392807586683,1,67.08615430932177
2550,1,1,1,64.92774102746783,0,62.56026927629495
2551,1,1,0,47.28533511052707,1,65.9107023597668
2552,1,1,1,49.41246208706719,1,64.46205865720452
2553,1,1,1,45.76349317961829,1,59.50270067577223
2554,1,1,0,50.72350423988079,1,63.40566009185805
2555,0,1,0,49.3921042589269,0,63.10531441548149
2556,0,1,1,44.28006922580777,1,61.77226694612077
2557,0,0,1,42.60010019350024,0,62.36721650464328
2558,1,1,0,72.82715883781798,1,66.34834771238198
2559,1,1,0,54.74565968851966,1,65.39246177969818
2560,0,0,0,62.56930732954,0,65.56273964482013
2561,1,0,1,49.46440278242506,1,63.95063907865062
2562,0,1,1,50.8859547471276,1,60.7662878494625
2563,0,1,0,67.88346038324576,0,62.9973779503371
2564,0,0,0,47.11144032776005,1,61.88905393844123
2565,1,0,1,42.06957951544855,1,64.23005582895196
2566,1,1,1,61.70027266290434,0,63.90771613251229
2567,1,1,0,64.69393086517158,1,67.25358047934694
2568,1,1,1,51.8350837542809,0,61.54551933807928
2569,1,1,1,47.0198363584182,1,61.45785023776268
2570,0,0,0,29.52901334068584,0,60.4237732616982
2571,1,0,0,53.4106597138928,1,64.70432369159326
2572,1,0,1,48.9858207982039,1,59.62034442532437
2573,0,1,1,52.33993017734416,1,60.53310130697827
2574,0,1,0,58.18840111274134,0,63.589245927509
2575,0,0,1,51.07723642965964,0,58.45570819071274
2576,0,0,1,41.32762562959179,0,62.18382565632758
2577,0,0,0,71.29136538731798,0,66.97879830435936
2578,1,1,1,48.24491338015699,0,60.1165166257537
2579,1,1,1,45.28405360822433,1,60.4184756813761
2580,1,0,0,40.19501525761746,1,64.05766373875205
2581,1,0,0,45.66683288109369,1,62.24988235011488
2582,1,1,1,36.5400333768351,1,62.23470061224752
2583,1,0,1,29.41114737551496,1,59.94950513964742
2584,0,0,1,51.05007574737122,1,60.64118887920569
2585,1,1,0,55.72312463267438,1,64.30520366053196
2586,0,0,1,59.73078937342725,0,64.88049221578075
2587,1,1,1,38.60682648801934,0,56.08886371438255
2588,0,1,0,56.84051416708692,0,66.57719677440306
2589,0,0,0,44.0155939870287,0,62.62643658084263
2590,1,0,0,52.03610495992294,1,60.38358844795237
2591,1,1,1,49.95337446755144,1,63.85023479121939
2592,1,1,1,33.51503562019293,1,63.10897828550481
2593,1,1,1,59.40298895306821,0,62.32029112731559
2594,0,1,0,51.68416169693209,1,65.01718649023617
2595,0,1,0,51.60233329776447,0,61.87599571093826
2596,1,1,0,67.49779479248656,1,67.75137142268656
2597,0,1,0,57.31002513904415,1,65.03430588698032
2598,1,1,0,42.28669272460115,1,63.64542595271739
2599,1,0,1,46.9697915275904,1,62.38182980935069
2600,1,1,0,45.52179151445398,1,60.15758325105327
2601,1,1,0,65.64867873781088,1,66.73114055433942
2602,0,0,0,59.16797445396208,0,64.68331666996876
2603,1,1,0,47.63043084479395,1,62.84116919606908
2604,0,1,0,48.1582716367205,0,66.06434407826735
2605,0,1,1,57.74162171404781,0,63.45640769847978
2606,0,0,0,46.52636594134002,1,64.8686320097037
2607,0,1,0,51.56032427427189,1,65.89606793451433
2608,0,0,0,49.65776698293207,0,61.16799404186856
2609,1,1,0,58.13756227646562,1,65.75288848793024
2610,1,0,0,57.5770345374012,1,62.89309260271982
2611,1,1,1,44.08153648301641,0,62.7928251912756
2612,1,1,0,52.43027421450482,1,63.6916213454773
2613,1,1,1,48.19756881700527,1,61.72157510549361
2614,0,0,0,49.04176218528216,1,63.26491234487876
2615,1,0,1,67.80578999886407,1,65.44075305197093
2616,1,1,0,55.34892888842906,0,65.16296655678178
2617,0,1,0,60.79321624474842,1,63.92550259137762
2618,1,1,0,41.19622282499169,1,64.69619795315764
2619,1,0,0,52.93658322090339,1,64.68281897781264
2620,1,1,0,49.55793323112901,0,59.85134317447179
2621,1,1,0,51.11439524929391,0,62.4027419131514
2622,0,0,0,60.11163658684954,0,62.56235641693466
2623,1,1,0,38.21112859596425,1,63.3259447170709
2624,1,0,0,54.20824044125563,1,65.02314816458737
2625,0,1,0,27.06446932498788,0,59.50972841149596
2626,0,1,0,35.47479534866572,0,57.04852918173786
2627,0,0,1,39.19947668210447,0,58.45888862996701
2628,1,1,1,47.14585600183541,1,63.60402765118046
2629,0,1,0,46.03702494942119,1,63.7333742730122
2630,0,0,1,52.50667088321037,0,60.16464974548067
2631,0,0,1,57.02746483718459,0,63.71366282768754
2632,0,0,1,45.9294635057409,0,61.19251025313473
2633,1,0,0,42.14267540808982,1,62.19118999525882
2634,0,0,1,49.02212740425531,0,62.46245833057747
2635,1,1,0,59.01752359427683,0,64.47175611254322
2636,1,0,0,49.57036316504217,1,62.84488640190907
2637,0,0,0,37.52365777909402,1,58.79639470527892
2638,1,1,1,52.72742620220396,0,63.77475608356944
2639,1,0,1,59.81401498632285,1,63.62956285096192
2640,0,0,1,36.86135907092483,0,58.88059479286858
2641,0,1,1,47.7021868313485,0,60.02864169383751
2642,0,1,0,42.76520492284534,0,60.82444707428175
2643,0,0,1,49.23174448264261,0,61.56611519225191
2644,0,0,0,55.24249133995267,0,63.93362007858096
2645,1,0,1,42.54345047306391,1,58.96182124904718
2646,0,1,1,34.55408951118814,1,59.68104908599965
2647,1,1,0,57.25505801095254,1,61.67449863768356
2648,0,0,0,37.56327286684583,0,58.90656187346914
2649,1,1,0,59.06285429170077,0,65.80755042391456
2650,1,1,1,45.62687690534135,1,61.96335407799099
2651,1,0,1,54.08335780149918,1,62.74693911869431
2652,0,1,0,64.75522852780439,1,64.21934147351435
2653,0,1,0,53.51456125056175,1,62.3923352814629
2654,1,0,1,53.32187784398504,1,63.42405566148344
2655,1,1,1,47.73286102910638,0,61.42806703900202
2656,1,1,1,43.79979631750338,1,62.01445277705601
2657,0,1,0,52.34991420300445,0,61.53245865711379
2658,1,1,0,50.12328433089639,0,63.71664984163281
2659,0,1,1,38.3310367378683,0,56.13720811994405
2660,1,1,0,50.8843599948807,0,60.19948465889509
2661,0,1,0,62.47049151675496,0,62.6325017889003
2662,1,0,1,51.18322481905599,0,60.04385510858009
2663,0,1,1,34.89307146174752,0,56.26456141880089
2664,0,1,0,43.39661823038753,0,63.54428949545463
2665,0,1,0,31.00525142982375,0,61.35617785444532
2666,0,0,1,51.61599076677781,0,61.20711211320322
2667,0,1,1,32.40856171645972,1,57.04861245155692
2668,1,1,0,29.158038607408,0,57.3477111660806
2669,1,0,0,62.57601924495954,1,64.18483817055385
2670,0,0,1,27.37115215905706,0,54.52415595833311
2671,0,0,1,50.31686785374571,0,62.89551813219536
2672,0,0,1,56.20066460885001,0,62.63595705288915
2673,0,1,1,46.29087715254547,0,62.45988378024975
2674,1,0,1,50.58284577841206,1,60.07948848989635
2675,1,1,1,46.67037703298693,0,58.02946670123636
2676,0,1,1,50.27133741084462,0,60.57282969378586
2677,1,0,0,61.16547216682193,0,63.74195485224361
2678,1,1,1,40.1154360262017,1,60.11870756566471
2679,0,0,1,57.34241247419359,0,59.63748762633537
2680,0,1,0,58.25132793013749,1,60.81540583670359
2681,1,0,1,53.22324120664033,1,63.74018494833578
2682,0,1,0,47.00400334454652,0,61.84034655819342
2683,1,1,0,52.63803575924765,1,64.4228501252889
2684,1,1,1,37.12219341696954,1,60.49257013940989
2685,1,1,0,57.97593848369333,1,62.68518308414615
2686,0,0,1,73.01045270307444,0,62.73790019253173
2687,1,1,1,69.37532419209698,1,64.76262677844709
2688,0,1,0,54.64819460746111,1,62.25542434926875
2689,0,0,0,44.43309451925728,0,60.00913043544848
2690,0,1,0,47.72435254012618,1,63.23338195640973
2691,0,0,0,44.88600554021816,1,59.67554840027919
2692,1,0,1,36.95673817671591,1,61.95679483800643
2693,0,1,0,61.5619983532178,0,64.22525998744183
2694,1,1,1,47.20603016512784,1,61.18490345187842
2695,0,1,1,39.53154338951729,0,59.20195188483967
2696,1,0,0,33.20086239891938,1,62.39972915703659
2697,0,1,0,49.03187465675529,0,64.89140631031044
2698,0,1,0,51.14210961326937,0,64.02647136012688
2699,0,0,0,47.74948742820591,0,63.59427462992909
2700,1,0,0,45.76481202460417,1,64.75544623108416
2701,0,1,1,26.29338138027501,1,57.33878927034564
2702,0,0,0,53.63949931418957,0,65.16710516917141
2703,1,0,0,45.17140182468363,0,59.47415815586645
2704,0,0,1,33.75507025953949,0,58.39156990573538
2705,1,1,0,46.33652221052392,1,63.05399461196165
2706,1,1,0,55.0201084539044,1,65.81558942212439
2707,1,1,1,42.91636518327217,1,59.49644530820721
2708,1,1,0,55.56868047486676,1,63.4240487833976
2709,1,0,0,36.07835510232991,0,63.45445073611232
2710,0,1,0,51.1225713794208,0,61.87998622190675
2711,0,1,1,52.46783442784648,0,61.96790990334464
2712,0,1,1,44.28045807260726,0,61.56376711070581
2713,0,0,0,49.20359440544269,0,64.36559641861956
2714,1,1,1,32.45749180507018,1,58.93588877818756
2715,1,0,1,37.66797779575016,1,61.82617497922519
2716,0,1,1,44.5394920020292,0,59.89197843184844
2717,1,0,0,52.47378258376758,1,66.13045347944848
2718,0,1,1,50.69421933242823,0,60.61207962215928
2719,0,0,1,43.8732904186248,0,58.66162659762963
2720,1,0,1,44.27780420237621,1,63.19452668350777
2721,0,1,1,58.94720468336841,0,63.94461087394613
2722,1,1,0,56.13404172293112,1,65.75715456853422
2723,0,0,0,51.90288757111365,1,62.43743502813751
2724,1,1,1,47.74243497774588,1,62.86176782753041
2725,0,1,1,52.52925465479011,0,63.40939091441157
2726,1,1,0,62.64015441793204,1,64.07956613699406
2727,1,0,1,47.07894342334104,1,61.1596590237912
2728,0,0,0,37.95639603866971,0,60.25759944368914
2729,1,0,0,56.4879037139625,0,62.36658942393549
2730,0,0,0,49.95690473615176,0,68.03980677112381
2731,0,0,1,49.34269975189144,0,62.32313976666754
2732,1,1,1,42.27960055220042,1,59.9245816619489
2733,0,0,1,73.16974822978339,0,63.4284040226636
2734,1,1,1,33.65614336516182,1,59.34533142836236
2735,1,1,1,39.80239000597387,1,59.54484726050993
2736,0,0,1,52.92472317033159,0,62.31603381804747
2737,0,0,0,29.38631483363402,0,60.78558301437211
2738,0,1,0,34.40200785204003,0,61.50100559533534
2739,0,1,1,67.34987349247017,0,65.86455330794824
2740,1,0,1,52.47523762536603,1,63.45179497690393
2741,1,1,1,52.78275970411536,1,67.09208768369247
2742,0,0,1,42.4964793614995,0,59.80413796895159
2743,1,1,1,49.8542126755849,1,63.9652155825585
2744,0,1,0,37.92953286948134,0,61.88317789008616
2745,0,1,0,76.43674244585488,0,65.18451652892345
2746,0,0,0,72.82064015986494,0,64.94257186279395
2747,0,1,1,40.39007199773499,0,61.09229606110728
2748,0,1,0,39.17276410879699,0,57.12978194542397
2749,0,1,1,46.77381542519402,0,63.79818666406211
2750,0,0,0,42.32714627574627,0,60.50258350962836
2751,0,1,1,52.69699233010283,0,59.37172264942028
2752,0,0,1,58.06259383980411,0,62.88138514393987
2753,1,1,0,61.56710627101436,1,63.53544544176531
2754,1,1,0,50.13995774339758,0,62.54406941357875
2755,1,0,1,74.78160489785094,0,68.00807959543368
2756,1,1,1,34.88035578855548,1,59.87821036378742
2757,1,0,1,36.34830949270166,0,60.07361846565733
2758,1,1,0,52.12191197378594,1,68.21924106836252
2759,0,1,0,81.92957392421599,0,70.22150592922283
2760,0,0,0,42.51445791726187,0,58.79240809073062
2761,1,0,0,65.99087674929417,0,67.89048125578839
2762,1,1,1,49.00246596522379,1,64.15211133376125
2763,0,1,1,55.60531010640103,0,63.44564840362959
2764,0,0,1,36.64048345771975,0,58.44098370997128
2765,0,1,0,42.22790638375317,1,60.16330593884786
2766,0,0,1,57.685824643385,0,59.9078230935484
2767,0,1,1,62.70242813316644,0,61.76055626838452
2768,1,0,1,48.79637942598293,1,59.09198406665776
2769,1,1,1,52.64488325097217,0,59.29355365410019
2770,1,0,0,35.77273053079053,0,59.17338119257393
2771,1,0,0,65.19026624487367,1,68.17004937277162
2772,1,0,0,58.02381518021544,1,63.7364159100209
2773,1,1,0,43.26470321056712,1,63.49351518583153
2774,1,1,0,55.36622587225167,1,65.15017656546469
2775,0,0,1,53.09117381643233,0,61.92498397367734
2776,1,0,1,44.07891107814865,1,61.83987410581067
2777,0,0,0,41.71465044322986,0,61.1045678496553
2778,0,0,0,44.86114174647609,0,64.17767475134045
2779,1,1,1,53.83691885494905,1,63.5438203836167
2780,1,0,0,58.08424041647053,1,64.8397459977309
2781,0,0,0,53.26757678185758,0,62.33073906898075
2782,0,1,0,57.55860166995181,1,67.24583371783083
2783,1,0,1,31.72667349598619,1,59.90124780112436
2784,1,0,0,61.66814829392509,1,63.99223736690885
2785,0,1,0,47.80141172982758,0,60.42551434260828
2786,0,0,1,53.19280115005368,0,62.05308988774988
2787,0,1,1,39.45503886592721,0,60.32105781123023
2788,1,0,0,50.07687882572008,0,61.52914991753586
2789,1,0,0,34.22674679204071,0,59.64420945833249
2790,1,0,0,48.01507086556889,1,62.08300033380723
2791,0,1,0,53.08430531100956,0,61.06646358851977
2792,1,1,1,54.63673071859746,0,60.2625043712132
2793,1,1,0,46.9575856308835,0,63.30342092192392
2794,1,1,0,63.27921777920817,1,64.73039974255909
2795,0,0,0,39.69352822226422,0,57.5074546309373
2796,1,0,1,49.72001609994675,1,63.92266967817142
2797,0,1,1,38.99102085208888,0,60.40205442696205
2798,1,1,1,30.13925777167689,1,60.77615856325519
2799,1,0,1,29.11160734584892,1,58.35827256835419
2800,0,0,0,29.93821439196142,0,59.96753724284929
2801,0,1,0,58.54962744978149,0,65.15990402640848
2802,0,1,1,41.11069943380301,0,62.70989281367483
2803,0,0,0,44.76188267927084,0,61.50188281167244
2804,0,0,1,51.67574994822144,0,59.07526676150342
2805,1,0,0,68.28539407577011,1,63.82140248281416
2806,1,0,0,63.72814856563783,1,68.16612757348776
2807,1,0,1,38.68426912842577,1,60.59422475695683
2808,1,1,1,46.2411512368572,1,65.20147852306904
2809,0,1,0,40.28920798103077,0,62.09817337627166
2810,1,0,0,40.68372985476762,1,64.00216563677324
2811,0,0,0,43.86053146749403,1,62.08806362135274
2812,1,0,1,45.6880095552681,1,60.79898609278688
2813,1,1,1,55.15912609090682,1,61.30216058835598
2814,0,0,0,36.41943900860787,0,61.68485765794684
2815,0,1,0,53.46776818642992,0,64.12690899406874
2816,0,0,1,42.99534363720688,0,59.2373748903446
2817,0,0,1,54.01730307437159,0,62.29624562522232
2818,0,0,1,48.84687515524391,0,63.34776254407593
2819,1,0,1,52.28302863943787,1,62.03166789471408
2820,1,1,1,49.91028969020594,1,62.34285575027749
2821,0,0,0,66.79664033207939,0,67.30321492603512
2822,1,0,0,59.18278020003414,0,63.883183337996
2823,0,1,0,50.57212628326852,0,60.28244637755932
2824,0,0,0,46.85788984778664,0,61.40480135344583
2825,0,1,1,40.33690158634136,0,61.20652895158077
2826,0,1,0,63.60721477198557,0,62.58850415003396
2827,0,0,1,46.95379508490649,1,59.38081154167901
2828,0,0,1,42.87045846095702,1,61.43176989511449
2829,0,0,1,74.01511921171233,0,65.05626028226172
2830,0,1,0,38.59708542622062,0,60.14868608366599
2831,0,1,1,45.8876266350666,0,57.67035709028952
2832,0,0,1,41.2454156775204,1,60.66597930053604
2833,0,1,0,42.65621148701543,0,58.62069061813173
2834,0,1,1,40.50887606449319,0,58.55506568921716
2835,1,0,1,33.62599809731947,1,58.95460827359746
2836,0,0,0,44.3644472580953,0,60.34834010286544
2837,0,0,1,47.84198675464424,0,61.53610433371922
2838,0,0,0,43.68909377743795,0,61.67971500208387
2839,1,1,0,68.63700444632286,0,67.44525819117686
2840,0,1,1,31.24670650093304,0,61.72807502917201
2841,1,0,0,47.11960834076853,1,63.60924652195532
2842,1,1,1,20.34173295763421,0,59.24987579233544
2843,0,0,0,51.86121660769123,0,62.00434842329888
2844,0,0,1,38.20748890804789,0,56.1798972717853
2845,1,0,1,53.65946773067874,0,59.94064047233604
2846,1,1,1,57.41452819334215,1,64.57484080871143
2847,0,1,1,50.8921272467379,1,62.27393903459347
2848,0,0,1,15.91388335588971,0,53.45520530565976
2849,0,1,0,48.22272994541333,0,65.49404140566243
2850,0,1,0,46.89118773606938,1,61.5642414180567
2851,0,1,1,58.87544004168848,0,61.26239616940388
2852,1,1,1,48.64395768862927,1,62.21195594790834
2853,0,0,0,40.58686985196217,1,62.5384384066929
2854,0,0,1,64.89958340286825,0,61.73429356499763
2855,0,1,0,43.85391394959591,0,61.61951382603109
2856,0,0,0,56.73006135798898,0,62.20963809449353
2857,1,1,0,56.11832277779651,1,64.646958520607
2858,1,0,0,63.261557273369,0,63.8700355294537
2859,0,1,0,47.76680976731997,0,63.28064258517122
2860,0,0,1,40.38927189199799,1,65.05700138724156
2861,1,1,0,62.7577199857816,1,68.87747556069802
2862,0,0,0,35.08991070273888,0,59.76049596318911
2863,0,0,0,44.00910181661123,0,60.20571204206467
2864,0,0,1,52.59337635500298,1,61.72527913677844
2865,1,1,1,38.3865252005621,1,63.32577470538535
2866,1,0,0,46.0343582826369,1,65.01310377925989
2867,1,1,1,40.62227258122233,0,62.74841665338849
2868,1,0,0,49.61767891468595,0,60.8857020366688
2869,1,0,0,51.94446019703106,1,61.77079818649624
2870,0,0,1,31.7830606727965,0,61.36714872172146
2871,1,1,0,40.9671657461905,1,62.61327328642378
2872,0,1,1,57.49272931895922,0,61.26554085900975
2873,1,1,1,66.17011586771555,1,65.34680390678854
2874,0,0,0,75.37330698035373,1,66.4936510220585
2875,1,0,1,26.93594037371693,0,56.03170248793027
2876,1,0,0,38.49650231157037,1,64.10967780501167
2877,1,0,1,35.81013635035005,1,58.98521956979298
2878,1,1,1,28.8235210398135,0,58.1400905566126
2879,1,0,0,49.21689992270532,1,64.36241167052411
2880,1,1,1,46.08896007327423,1,61.09460998865533
2881,0,1,0,54.96921233445505,1,65.11272812906843
2882,1,0,1,48.39677252217378,1,59.53270787799599
2883,0,0,0,36.90460172810253,0,60.92133401260015
2884,0,0,0,39.70265388038999,0,60.87197641623151
2885,1,1,0,60.87758251872071,1,63.6915800830041
2886,1,0,1,43.8154978569702,0,59.58370463179597
2887,0,1,1,49.04501779556838,0,61.4313502753113
2888,0,0,1,40.8506852222425,0,55.78734908281763
2889,0,1,1,54.28303199948917,0,64.41032185495087
2890,0,1,0,32.23078953283145,0,59.11555191768951
2891,1,0,0,44.9550245672243,0,60.58610009375468
2892,0,0,0,38.9668760896631,0,60.11407250546291
2893,1,1,1,24.50856139180116,1,58.2783303379689
2894,0,0,1,48.96533221846204,0,64.15505388259113
2895,0,1,0,73.4410563612817,1,67.01313084500697
2896,1,1,1,57.17474765269284,1,63.29322661207917
2897,1,0,1,60.65126713745486,1,62.72854197381596
2898,0,0,0,60.96045773793549,1,68.34671261395091
2899,1,0,0,57.43109264928378,1,64.85250975536199
2900,1,1,1,58.3728701625019,0,64.41323996203857
2901,0,0,0,74.04005517894555,0,66.50413903630238
2902,0,0,0,53.71775523482003,0,62.23840280160604
2903,0,1,1,54.41041543434403,0,60.86560455314373
2904,0,0,1,28.31291178269271,0,59.84202403236394
2905,0,1,1,51.88162741569933,1,59.61659161435518
2906,1,0,1,46.17629278686571,1,59.14089120790896
2907,1,1,1,48.24697252878257,1,60.2239461281447
2908,1,1,1,41.91160031243427,1,62.47523802598394
2909,0,0,0,45.74716057911795,0,58.42120386566862
2910,1,1,1,59.46095678200562,0,62.68019752355271
2911,0,1,0,42.66748623744216,0,60.58684332826937
2912,0,0,0,53.22738280498974,1,63.76593840627849
2913,1,1,1,37.5600837541169,1,63.44293836342052
2914,0,1,0,50.88514316045864,0,64.9840311899663
2915,0,0,1,30.28835839102573,0,57.11808864505695
2916,0,1,1,49.98077682934894,0,61.35976825687204
2917,0,1,0,57.77538196360389,1,65.49557758930983
2918,0,0,1,43.12580366718217,0,60.46940018416196
2919,1,1,0,57.0950762325996,0,63.05999346347912
2920,0,0,0,66.55174694724926,0,65.83249323199422
2921,1,1,0,51.87477918472459,1,66.22873404315872
2922,0,0,1,50.46839121669401,0,63.24491897794388
2923,0,0,0,56.13781119804183,0,59.15559842820354
2924,0,1,1,62.96443703533888,0,64.50430804427877
2925,1,1,1,44.50874045466402,1,59.36523477707955
2926,1,0,0,54.63849783624553,0,66.1303090401978
2927,0,1,0,65.48778668694315,0,67.13178113272103
2928,1,1,1,52.7522215179365,1,62.28264553338097
2929,1,0,0,39.62974489420311,1,60.76388230233332
2930,0,1,1,45.70847961393491,0,60.30875156998572
2931,0,0,0,48.0339409831194,1,63.62814000743962
2932,0,0,1,58.93738442268548,0,61.63070858276839
2933,1,0,1,49.7234108846517,1,60.28621826470739
2934,0,1,0,41.0304315134329,0,64.68869867835031
2935,1,0,0,53.2166490363291,1,62.06642327030568
2936,1,1,1,65.67152532759393,1,65.41989551275431
2937,1,0,0,51.63031309286188,1,63.82275612010103
2938,0,0,1,35.42183590286785,0,60.9620055257896
2939,0,0,0,52.15056519169929,0,62.45922148149953
2940,0,1,0,56.6871753706685,1,67.24784896467003
2941,1,0,0,48.06089434583706,1,65.72484768893605
2942,1,1,0,45.15133507609719,1,60.67074493880934
2943,1,1,1,57.17705396947066,1,63.24539782864061
2944,0,1,1,35.64876772239153,0,57.40618610076523
2945,0,0,1,47.73493756709141,0,61.13223172255751
2946,0,1,1,49.47658732635436,0,58.56517795265037
2947,1,1,1,44.23357040399816,1,65.14316709335168
2948,1,0,1,41.40774727070957,1,60.24865438410137
2949,1,1,0,54.99473173612777,1,64.64030622402225
2950,0,0,0,32.15309182864701,0,62.0581382600929
2951,0,1,1,47.76627032064537,1,59.49163317002674
2952,0,0,1,56.10656409599243,0,61.96757417648019
2953,0,1,0,48.68247819447534,0,65.5932627814246
2954,0,1,1,41.14835124510836,1,63.91723615477652
2955,0,1,1,62.23020027991222,0,61.84392600798081
2956,1,0,1,46.1820691717594,1,62.05266367682164
2957,1,0,1,48.1105412109028,1,62.5974618238173
2958,0,0,0,59.09492629988373,1,65.46789519405635
2959,0,0,1,39.05063064552996,0,54.69515708313101
2960,0,0,0,37.56549721409858,0,62.2578014648791
2961,0,0,0,71.78686333746677,0,63.92400421084356
2962,0,1,1,44.98186300704852,1,62.32398943177989
2963,0,1,0,51.68792354147828,0,64.08780662826234
2964,1,0,1,34.08969024461422,0,60.73074878160264
2965,1,0,0,37.31522287195313,1,62.80113587884172
2966,1,1,1,43.11091383669027,1,61.72750096470679
2967,0,0,0,41.31658876194065,1,58.0669917754713
2968,0,1,0,56.87542155076225,0,64.18254594964286
2969,1,0,1,38.96510795185525,1,60.53706534668927
2970,1,1,0,53.88454854487281,0,66.0002554316811
2971,0,0,0,42.96926297290489,0,62.12197346210615
2972,1,0,1,44.27145342624276,1,60.01821177253123
2973,1,0,1,43.5585754962509,1,62.17658125999913
2974,0,1,0,44.81516252873214,0,62.948585123148
2975,1,0,0,47.90574360800017,1,62.46891474544676
2976,1,0,0,48.13122544948386,1,65.07018273361139
2977,1,0,0,31.76001559153444,0,58.89564267084395
2978,1,1,1,31.50644601079986,1,58.65822602844339
2979,0,1,0,59.86290636467312,0,65.62349786637188
2980,1,0,1,43.03958033211389,1,63.28136420849797
2981,0,0,0,57.51638760387223,0,60.26428604310047
2982,1,1,0,63.33507537225445,0,65.89896269212774
2983,1,0,1,47.20369803192981,1,60.48470040562863
2984,1,0,1,43.51488377264463,1,60.60353847103601
2985,0,1,1,45.67869774576491,0,61.10084863134605
2986,1,0,1,35.91822520162113,1,57.07207230467831
2987,0,0,0,39.39411352201994,1,60.096697134731
2988,0,1,1,43.2249046082943,0,62.63700445382518
2989,0,1,0,48.04985840454145,0,62.80074481424271
2990,1,0,0,49.63750953128135,1,64.93610344926934
2991,0,1,0,46.03639513694897,0,62.42451103718452
2992,1,1,0,27.7204598713444,0,62.0897276324388
2993,1,0,0,39.36413480741054,1,61.89157547161981
2994,1,0,0,48.90232160108513,1,65.24227280065871
2995,1,1,0,69.84956902163611,1,69.98476346799316
2996,0,0,1,38.38555858940566,0,57.61889222944927
2997,1,0,1,24.86958235232022,0,58.79588788689856
2998,0,0,0,43.14557271890356,0,61.64114920161131
2999,1,1,1,32.08719555724223,1,59.82073103777589
3000,1,0,1,45.66473694935434,1,63.82332180073761
3001,0,1,0,66.98563230007382,0,64.48340574908511
3002,0,1,1,39.30770027416109,0,57.37486246499768
3003,1,1,0,63.83710997534014,0,64.72389071423233
3004,1,1,1,42.94600697262109,1,62.83181494693835
3005,0,0,0,66.91176169076144,0,66.64448227901484
3006,0,1,1,37.91383590938923,0,61.75066239966505
3007,0,1,1,68.17595221008305,0,65.0096782393243
3008,1,1,1,55.02077406563933,1,62.40944811131986
3009,1,1,1,49.70743965385309,1,61.91604547826845
3010,1,1,0,41.7731439838458,1,62.98460543957258
3011,1,0,0,62.89745449887768,1,64.40865750314506
3012,0,0,1,50.16456150778291,1,61.44308075174902
3013,0,1,1,63.96032292850491,0,63.6270134451382
3014,1,1,0,52.54974766778388,1,66.16847282941418
3015,1,0,1,52.34666411267509,0,60.17197013868302
3016,1,1,1,49.29480522653257,1,60.26717379259562
3017,0,0,1,32.67684922980821,1,61.46094781301003
3018,0,0,0,42.51530466677824,1,60.80608390687647
3019,1,1,1,54.09812291548972,1,64.61139009753713
3020,0,0,1,44.55302661010121,0,62.03996396253067
3021,1,1,0,35.82291718244708,0,61.48260360822358
3022,1,1,0,47.24523931997603,1,63.03608371090409
3023,0,1,1,50.33355479358799,0,62.50766469279749
3024,1,0,0,52.75002284846246,1,61.46799890191073
3025,1,1,0,59.4664276379975,1,64.95430152442697
3026,0,1,0,58.52389407727205,0,67.35726577771224
3027,0,1,1,58.02713043809636,0,65.29016434824437
3028,1,1,0,69.59933199147721,0,62.84213433040753
3029,0,1,1,52.38632875513578,0,60.89540900929543
3030,1,0,1,55.9553509625871,0,60.78895896327469
3031,1,0,1,46.56641572389477,1,59.24682537879524
3032,1,0,0,52.4466427593028,1,64.05659816816447
3033,1,0,1,49.69561611549583,0,58.8486846007188
3034,0,0,0,51.51111812138539,0,66.26581887919501
3035,1,0,1,42.82576479167825,1,61.39007347006603
3036,1,0,1,42.5582653304285,1,63.35918668886375
3037,0,1,0,66.20703573113488,0,66.28662217300769
3038,0,1,1,57.77744807031074,0,64.36283960524368
3039,1,1,1,59.92468583016705,0,63.32456072798622
3040,0,1,1,61.41253707033491,0,62.05536710334174
3041,1,0,1,56.90292607387362,1,63.45913342327822
3042,0,0,1,41.56500088973791,0,59.94009858860932
3043,1,1,1,41.63923904770347,0,63.74408315418958
3044,0,1,0,51.49481280963253,0,63.09490845322686
3045,0,1,0,46.52436081242794,0,64.34723505042055
3046,1,1,0,66.07917785264161,1,63.54317892232904
3047,1,0,0,34.67916379893501,1,62.51534592814754
3048,0,0,0,55.12157132632186,0,66.4409848224572
3049,1,1,0,59.23950921557357,1,65.06593033623039
3050,0,1,0,59.80228387530634,0,66.32278879514134
3051,1,0,1,43.00650547517481,1,64.90716560232873
3052,0,1,0,50.47550785933902,0,64.16994532914134
3053,1,0,0,44.15084289708852,1,64.31312551204465
3054,0,1,1,39.90244245506534,0,58.33351369185598
3055,0,0,1,48.15377745576313,1,60.0918343410229
3056,1,1,0,52.11362602671825,1,63.32751560610312
3057,1,0,1,50.78939866402467,0,61.24385938306414
3058,1,1,1,52.35850436657699,1,63.77996597520699
3059,1,0,1,52.30467724147397,1,66.98569268152499
3060,1,1,1,57.17267152800462,1,62.27886252229965
3061,0,1,0,52.97950394329229,1,63.09307928031996
3062,1,1,0,68.6667821619148,1,66.12950766662672
3063,1,0,1,53.35040669279697,0,61.91564173736307
3064,0,1,1,26.21169730323616,0,56.37282868527623
3065,1,0,0,44.48102701813053,1,57.9224696822703
3066,0,1,0,47.29825875522965,0,60.31218371816296
3067,0,0,1,52.40907806457546,1,64.80076704056893
3068,0,1,0,62.4078248095355,1,65.32417702945304
3069,0,1,1,46.64432283197275,0,61.2068038114403
3070,0,0,1,50.26335821135429,0,59.83328077760168
3071,0,0,0,31.4097637733712,0,60.04029828123397
3072,1,0,0,51.90446669179363,1,67.66263110268122
3073,1,1,1,52.77642115709579,0,60.80717027662416
3074,1,1,1,74.60188281368241,0,64.57137595705181
3075,1,1,1,35.38098712526637,1,61.32797750560471
3076,1,0,0,31.57753640535806,1,58.53046746780876
3077,0,1,0,40.59927504316192,0,61.27089191506808
3078,1,1,1,41.2701262699733,1,59.15564348071253
3079,1,1,1,27.50379544889661,1,60.18650583740315
3080,0,1,1,38.40768767603116,0,61.9561998452844
3081,0,0,1,50.8408672837542,0,61.09087586865898
3082,0,0,1,58.02627069507767,0,60.73743254965463
3083,0,1,1,31.07213299260162,0,57.13118764663923
3084,0,1,1,56.93326211862836,0,65.819519238721
3085,1,1,0,30.30646174080164,0,62.75040666432832
3086,0,1,1,55.49760616455828,0,62.11743670627795
3087,0,0,0,61.66218314285119,0,64.76446917090163
3088,1,1,0,24.86322011705499,1,62.01209585510463
3089,1,0,0,67.77600894457785,1,63.99419799921922
3090,0,1,0,54.45051541069351,1,64.37257742010053
3091,1,0,1,24.27072750746918,0,55.74057442496145
3092,0,1,0,55.27476795052059,0,65.75379556126568
3093,0,0,1,33.93519101825802,0,55.69863312600579
3094,0,1,0,41.9866876145749,0,66.27574065111925
3095,1,1,1,49.22901486486227,1,62.82331166144375
3096,1,0,1,44.30581235802249,1,60.70517637216346
3097,0,1,0,48.97269622868832,1,63.80910348349669
3098,0,0,0,50.75525329204066,0,62.30064977216284
3099,0,1,0,49.60960330269334,0,59.65627525562633
3100,0,1,1,57.37719579989769,0,61.4658057143531
3101,0,1,1,33.13671338168884,0,58.32628300651026
3102,0,0,0,58.47403267960814,0,63.91341152979118
3103,0,1,0,51.02355056713934,1,63.75174274427679
3104,0,0,1,34.53569675984346,0,59.36620537937316
3105,1,0,1,38.9688390268682,1,61.36327175547368
3106,0,1,0,61.98921461566838,0,64.15053879853868
3107,0,1,1,57.78731529164931,0,65.71559428762031
3108,1,1,1,50.24608504799378,1,59.81192790717568
3109,0,1,1,47.36676530757973,0,62.94706429003935
3110,0,1,1,43.24893572503732,0,61.06105614979094
3111,1,1,0,40.7467611285322,1,60.08586160967186
3112,0,1,1,34.26290469179025,0,58.61752343734544
3113,0,1,0,34.43650097348502,1,64.40617030666955
3114,0,1,0,53.46103048563096,0,60.88601685632539
3115,0,0,1,46.3586474208763,0,59.25881891890203
3116,0,1,1,38.77585184750158,0,59.33740840108027
3117,1,0,0,59.5527821114594,0,60.94807103610064
3118,0,1,0,44.23139310234723,0,61.94066322326049
3119,1,1,1,54.99285630512352,1,62.3531952255973
3120,1,0,0,27.97093753789564,1,52.12922253800743
3121,1,1,1,30.75992400005474,1,62.88272051256324
3122,1,1,1,39.11162122688157,1,64.91524647005913
3123,0,1,1,47.29363651600785,1,61.0943922514023
3124,1,0,0,48.5057153093286,1,63.22508865409487
3125,0,1,1,48.22786814098666,1,59.99977946059512
3126,0,1,1,45.66546385197135,0,62.11953536313157
3127,0,1,0,45.51042569787344,0,63.19383033836525
3128,0,0,0,48.96261740840136,1,63.52555149950489
3129,1,1,0,62.22953451745208,1,67.03813282548268
3130,0,1,0,41.45523798154119,1,64.44545745524543
3131,1,0,1,47.17895909863422,0,60.91224477450225
3132,1,0,0,38.6726554260046,1,62.83472076317929
3133,0,1,0,53.02090992320725,1,63.94082259785954
3134,1,1,0,52.52699195735389,0,63.82249013030962
3135,1,1,0,60.50401629931065,0,66.65726322449733
3136,1,0,0,61.09067028479949,0,64.2388252240293
3137,0,1,1,49.67041014636789,0,59.1453340439294
3138,1,0,0,72.97229344909729,0,67.05064560637774
3139,1,0,1,55.94636785406509,1,62.3284427984855
3140,0,0,1,51.8425428228339,0,61.81033577388501
3141,1,0,0,36.15990224421886,0,62.84556455023073
3142,0,1,1,61.46751220493096,0,63.89318186398398
3143,1,0,1,66.72293911563904,1,63.34645558169976
3144,0,1,0,35.15024477069453,1,61.00905663564566
3145,1,0,1,51.27065345206205,1,58.59909770549803
3146,0,0,1,38.29440898864654,0,59.55133643308285
3147,1,0,0,44.71208464081687,0,60.42889554073469
3148,1,1,0,53.37986112867941,1,62.1646884291221
3149,1,0,1,45.33561380444258,1,63.17121373860845
3150,1,1,1,45.50320591206649,1,62.58319104533196
3151,1,1,0,55.10312781672553,0,62.44730130910244
3152,1,1,0,43.68555138741102,1,66.67702432753163
3153,1,1,0,45.17069092405264,1,61.63441121845883
3154,1,0,1,47.14573510662519,1,59.05335700382432
3155,1,0,1,49.55843734895622,1,61.24087652600485
3156,1,1,0,51.14250423727797,0,63.34814173384831
3157,0,1,0,77.09882559445686,1,66.18771180493248
3158,0,1,0,58.0119341656545,1,65.24023531836737
3159,0,0,0,49.27073766658202,0,63.51476931636815
3160,1,0,1,39.97520617440009,0,59.50632826989759
3161,0,1,1,60.99768432956381,1,61.35635534159488
3162,1,1,1,41.25631377863039,1,59.5690913286699
3163,0,0,0,31.17364345956506,1,60.33434372671299
3164,0,0,0,37.19016557490406,0,61.70334800173683
3165,0,1,0,30.63672470430582,1,60.1874014947941
3166,0,0,1,30.56710765477898,1,63.36137344792256
3167,0,0,1,55.82125818174533,0,63.34493135673706
3168,1,0,0,53.06261374220392,1,65.11919794368025
3169,1,1,0,42.97536012843074,1,64.22406673196051
3170,1,1,1,37.2484624643773,1,60.80016720635783
3171,1,0,1,43.01936099356477,1,61.34420871537993
3172,1,1,1,56.49850901882325,1,62.978508046547
3173,0,0,0,53.07648664203743,1,62.53244197484855
3174,0,0,1,37.66965129021609,1,63.12115160789136
3175,0,1,1,44.36838349976963,1,59.22760247458373
3176,0,1,1,37.86491316514307,0,60.16958410384615
3177,1,1,1,48.71079208318568,0,64.73874681866143
3178,0,1,1,45.22128303398334,0,61.53837231595484
3179,1,0,1,44.15346903581205,0,61.42590307259336
3180,1,1,1,34.85589909777056,0,60.56162193722662
3181,0,0,1,46.88770664466071,0,60.91276638532783
3182,0,0,0,35.42512236346519,0,59.77402585046831
3183,0,1,0,58.01576899591983,1,63.96591045587258
3184,0,0,1,56.97889905774844,0,60.26971927563306
3185,1,0,0,35.83001087610239,1,62.43618693731213
3186,0,0,0,41.36482359675602,0,62.35848983974158
3187,0,1,0,72.02185382162199,1,66.39120253989208
3188,0,1,1,56.2536667219597,0,61.98826975452156
3189,0,1,1,45.35350465434558,0,63.24363841529581
3190,1,0,0,33.59124049251648,0,59.6068283564131
3191,0,1,1,42.91537680263994,0,59.81139319772014
3192,1,0,0,49.38294388746516,1,66.5147934925881
3193,1,0,0,56.762454796683,0,64.2068491053157
3194,1,1,1,52.63721238421914,1,63.08092867206459
3195,1,0,1,38.82723622592003,1,61.40623456301903
3196,0,0,0,42.83593733795669,0,62.09389892625573
3197,0,1,0,35.38524591620471,1,56.43469807009075
3198,1,1,0,60.73313417610274,1,66.33228721501688
3199,1,0,0,45.19394970523665,1,60.32553934414918
3200,0,0,0,44.8382368249206,0,65.14660268173853
3201,0,0,0,47.54224074446176,0,61.72838920747175
3202,0,0,0,63.07343782561371,0,65.69654652615928
3203,1,1,1,43.28079817454304,1,65.5311397188887
3204,1,1,0,53.40186509555858,1,64.57728041362988
3205,1,0,0,47.98372166346592,1,63.41492377785429
3206,0,1,1,56.1327678269691,0,63.78289391034249
3207,0,0,1,47.58777245467251,0,59.95856607371795
3208,1,0,1,59.97897717183637,1,63.20177452686637
3209,0,1,1,46.72857712119533,0,63.9099925554702
3210,0,1,1,49.34557829375856,0,61.76109191799359
3211,1,1,0,49.81396626490325,1,61.9740811025883
3212,0,0,1,43.39638755190932,0,59.54088947540413
3213,1,0,0,39.59990268223012,1,62.24599867277841
3214,0,0,1,12.16067909576558,0,56.20833965461916
3215,0,0,1,56.7838381923326,0,57.64808781507588
3216,1,1,1,29.60516693437221,1,60.3930664462058
3217,0,0,0,51.64027511157485,0,61.97609740428778
3218,1,1,0,57.27775210283636,0,64.90949899089448
3219,1,0,1,48.3632166767116,1,61.90849646389771
3220,0,1,1,45.14726812584834,0,59.50791513060079
3221,0,1,1,51.50599386592187,0,63.88215447042413
3222,1,0,0,50.5869918168319,0,63.92936725247152
3223,0,0,1,48.42370887877738,0,58.67522437547749
3224,0,0,0,51.69967495078009,0,64.28704582396776
3225,0,0,1,39.1240451471495,0,58.43617632847645
3226,1,1,1,36.77634495126529,1,58.64494344171156
3227,1,1,0,49.73678505482258,1,65.97042880710622
3228,0,1,0,50.63748720931353,0,64.34376075283953
3229,1,0,1,28.40406921844232,1,59.44211614804117
3230,1,0,1,49.19323443984002,1,62.09914378852162
3231,1,0,0,57.45157158463907,1,65.97941808956629
3232,0,0,1,70.83334302292039,0,66.73582583116186
3233,0,1,0,63.06457250358555,0,62.88121721409354
3234,1,1,0,58.75185571087787,0,61.72571138161299
3235,1,1,1,51.22988028738781,1,60.97917900494419
3236,0,0,1,54.26653698199849,0,60.87368296784388
3237,0,1,1,48.7059024642594,1,62.29548640874432
3238,1,0,1,36.85543179841309,0,60.15894546428056
3239,0,1,1,43.45949616504468,0,60.6680345310796
3240,0,1,0,57.30962717531438,0,65.2240210928933
3241,1,0,1,34.49931489085328,0,58.36108603808913
3242,1,1,0,44.39590012772625,1,64.48734929435705
3243,1,0,1,71.39107224359466,1,64.80889350405461
3244,0,1,0,51.11211912074515,1,63.70484485322338
3245,0,1,1,50.05878587279068,0,64.00784467312873
3246,1,0,0,75.14362070455731,1,65.71066474912111
3247,1,1,1,60.39188211659395,1,63.52486313173309
3248,0,0,0,57.36918870390721,1,62.59562374111776
3249,0,0,0,58.50262371422563,1,64.94064556812975
3250,0,1,0,51.46098043987857,0,66.15453142782356
3251,1,0,0,53.05968948669581,1,67.1674651368121
3252,1,0,1,54.34542601904101,1,66.19855199676131
3253,0,0,0,41.89000065270136,0,59.4634774148167
3254,1,0,0,57.20378303916588,1,63.95717217597764
3255,0,1,0,36.51123744935398,0,60.53351330357009
3256,1,0,0,49.32759462156978,0,63.21970040629311
3257,0,0,0,60.51296064240088,0,64.89276251262585
3258,0,0,0,49.57648370309926,1,61.58220491916563
3259,1,1,1,49.9481751024593,1,66.13359476082164
3260,1,1,0,58.94279984522141,1,63.94075332452179
3261,1,0,0,54.65365418934633,1,67.47214487905823
3262,1,0,0,62.11381468492282,0,62.44943789794551
3263,1,0,0,35.46554543518205,1,62.54436943934942
3264,0,1,1,49.58086276711917,0,60.0467658750276
3265,1,1,1,33.63026585532177,1,60.59443104964775
3266,0,0,0,41.21800372148952,1,60.74033956558397
3267,1,1,1,34.17943447699767,1,59.50064280563226
3268,1,1,1,46.43649876925235,1,62.31531918876709
3269,0,1,0,46.9727889707231,0,61.16035135138049
3270,0,1,0,61.0221159700968,0,64.7326313137319
3271,1,1,0,70.07794155300523,0,69.18649182668554
3272,1,0,1,45.12859137894694,0,59.57124900528301
3273,1,1,1,52.05936029152727,0,62.70764020324926
3274,1,0,0,69.92018782264779,1,65.30404265024187
3275,0,0,1,48.74647215837978,0,62.50904361337201
3276,1,1,1,39.9935475363613,1,57.80476248674199
3277,0,0,0,62.35900836056288,0,65.51216830601479
3278,1,0,1,53.84937408177788,0,60.73998726885156
3279,0,1,0,60.6891754199677,0,63.29654816191499
3280,1,0,0,64.87094721134196,1,69.73834208870683
3281,1,1,0,57.51744140988906,0,67.08521674869814
3282,1,1,1,45.19165745417409,0,60.99627156851129
3283,1,1,0,47.36186253465435,0,61.96350270245577
3284,1,1,1,34.61617707696745,1,59.67626007615353
3285,1,1,0,56.09324972536991,1,67.48570623934962
3286,1,1,1,52.90203574846652,1,62.2625348714212
3287,0,1,0,64.13720121197264,0,67.85326583228864
3288,0,1,0,58.89822519341629,1,67.87037718727258
3289,0,0,1,23.77458746764587,0,54.35885389882885
3290,0,1,0,48.37224380119564,1,65.1917781843663
3291,1,1,1,49.2803272420676,1,61.08042056139285
3292,1,1,1,39.62760457899932,0,62.07973917922853
3293,0,1,1,40.5801025487654,0,59.15085301202241
3294,0,0,0,52.34862644329193,1,64.41729263927789
3295,0,0,1,54.68092429604107,0,62.27281662208734
3296,1,0,0,55.3268401963518,1,64.13728203798628
3297,1,0,1,42.01479912804053,0,59.87671508273554
3298,1,1,0,34.73491688292797,1,63.14735337643627
3299,1,0,0,47.54134499896611,1,61.04035286278056
3300,0,0,1,57.25960029575863,0,61.0514161137458
3301,0,0,0,47.82704264494463,0,57.72038301313045
3302,0,0,1,40.78534769438254,0,60.84020309335678
3303,0,0,1,57.26918853312031,0,58.94960480814888
3304,0,0,1,62.59865655246119,0,61.82606678391295
3305,0,1,0,40.76560058973431,1,60.90463839147656
3306,1,1,0,56.74254734230845,1,65.76993309046742
3307,0,1,0,55.74156638876937,1,65.24851443070446
3308,0,1,0,65.7776071525515,0,66.59338366210426
3309,0,1,0,73.58472227343165,0,63.60590745385899
3310,0,1,1,59.15093274571237,0,64.99292888274964
3311,0,1,1,41.48423025689937,0,62.45077710707022
3312,0,0,0,58.49044859725637,0,61.2543455793343
3313,0,1,1,43.15686949412591,0,60.70590563893756
3314,1,0,0,35.26463203391268,1,61.87548514276799
3315,1,1,1,61.13938614210343,1,62.67952913885394
3316,0,1,1,33.97673370535957,0,57.92765800988826
3317,0,1,1,48.31313113886787,0,61.11116180036328
3318,0,0,1,27.99405844255904,0,57.3781416483512
3319,1,1,1,43.955083459565,1,61.56226068270487
3320,0,1,0,56.6914358207036,0,65.13470208532014
3321,0,1,1,55.2912474473301,1,64.21143045996162
3322,0,0,1,46.3339267030164,0,62.9828325182355
3323,0,0,1,54.80034780747306,0,59.12824720567299
3324,0,0,0,49.51830265710571,0,62.3515737207603
3325,1,1,1,30.61997099848977,1,60.78193616310016
3326,0,1,1,41.1255004066558,0,59.70772068497782
3327,0,1,0,45.97071888178224,1,63.31262033109048
3328,0,0,0,39.55996977112687,0,59.91126737219023
3329,0,0,0,40.92966656220297,0,61.64173482927752
3330,1,1,0,43.7890319761449,1,65.29792213128486
3331,0,1,1,44.19003813446648,0,63.66516199583831
3332,0,1,1,47.60620065405902,0,62.7419195818992
3333,1,0,1,50.57911977696099,0,65.48300005270305
3334,0,1,0,21.49619157677323,0,58.43462399401861
3335,0,0,0,35.83807495666679,0,63.22965189324432
3336,0,0,1,57.67270951679902,0,60.68353480556769
3337,1,1,0,66.18295480419204,0,66.18698344506699
3338,0,0,1,38.63715286601228,0,56.24812919350086
3339,0,1,1,32.85688137610556,0,57.00241047276374
3340,0,1,0,50.18803333402711,0,67.34525705663559
3341,0,1,1,68.99136625997764,0,63.59496692186574
3342,0,1,0,48.59857739280576,0,66.15940384455392
3343,1,0,0,64.5867001358683,1,68.40344232286924
3344,1,0,1,29.71435059546068,0,54.37477085483722
3345,0,1,1,37.38126702692402,0,56.98315022641701
3346,0,1,1,49.87417558376373,0,58.00314689399475
3347,1,1,1,37.20506767921866,0,60.99028490475285
3348,0,0,0,63.31767945202906,0,64.19141175435556
3349,0,0,1,48.69557525713302,0,62.54028341624817
3350,1,0,0,49.29260726942007,0,62.71347320435533
3351,0,1,1,40.66413050789082,1,58.75442207571565
3352,0,0,1,58.10039823329719,0,63.27968895367562
3353,1,0,0,47.7249502261277,1,61.43688476344882
3354,1,0,1,42.65452356634133,1,60.53701185467706
3355,1,1,0,46.97220944129826,0,62.67354920547692
3356,1,0,1,42.35869329261418,1,58.05343346387669
3357,1,0,1,33.74566225715529,1,62.17348796892362
3358,0,1,0,35.76381847140172,0,61.563208529054
3359,1,0,1,44.27346275702841,0,58.93542264635562
3360,1,0,0,35.15023318870187,1,60.47168256115294
3361,1,1,0,56.84699725118813,0,62.46442270285511
3362,1,1,1,57.1477997524111,1,62.66511576245866
3363,1,1,1,56.50262243524677,1,63.03192487168072
3364,0,0,1,49.94399427635064,0,59.0284978801921
3365,1,0,0,43.12532251192017,0,58.73027495008125
3366,0,1,0,43.91069057892502,0,60.88600042881124
3367,1,0,1,38.46438563487064,0,57.73092995952482
3368,0,0,0,56.04177737879893,0,62.60243815203788
3369,0,0,1,39.2970088926075,0,60.00276745417501
3370,1,1,1,31.41095274902917,1,58.40858735884836
3371,0,0,1,54.00912935464606,0,64.26468621295126
3372,1,0,1,53.05860626699428,1,65.05835784164252
3373,0,1,1,44.20795775315726,1,62.20303901880996
3374,0,0,1,38.21459246084707,0,61.56893993684943
3375,1,0,0,53.7470778526173,1,65.71309733613118
3376,0,1,1,53.25805905954654,0,62.02738414405145
3377,0,1,1,45.92549658064337,0,60.83585623281334
3378,0,0,1,40.6644982281008,0,56.09100785938542
3379,0,0,1,48.01955273993568,0,64.58428875210949
3380,1,1,0,55.74905896062801,1,65.64717747717611
3381,1,1,1,28.12262057897427,1,58.74319022665045
3382,1,0,0,39.79658148637473,0,59.83976682676601
3383,0,1,0,46.62773382089442,1,62.37049357398384
3384,0,1,0,50.36402546706763,0,66.06322705523759
3385,1,1,1,37.7317020193385,1,61.5962330373119
3386,0,0,0,57.18287858222946,1,63.37685004253601
3387,1,0,0,37.74309503467333,0,61.32265614616388
3388,0,1,1,49.73560250084767,0,62.22005948766254
3389,1,0,0,52.50088546812918,1,64.89333031065277
3390,1,1,1,55.3829937446214,0,62.85432719759101
3391,0,1,0,42.49198263400704,0,62.8368755315585
3392,0,0,1,28.53169734226797,0,56.40717234835894
3393,1,0,0,52.59707663901589,1,64.42358530835119
3394,1,1,0,57.34076813543294,1,65.32746162143384
3395,0,0,0,37.19645806538203,0,61.72978386643168
3396,1,0,1,55.99116856660543,1,64.3209345831952
3397,1,1,0,53.34115774712299,0,65.29120875179775
3398,0,1,1,50.88425468456605,1,61.85669503478185
3399,1,1,1,44.34242705742827,1,61.04249447925429
3400,0,1,0,55.26286490420821,0,66.88736913131412
3401,0,1,0,29.07806023413054,0,60.43721006829112
3402,0,0,0,54.04105922285269,0,61.85020983473755
3403,0,1,0,41.16275287826403,0,64.11977800191788
3404,1,0,1,54.84512521079105,1,64.0501568391192
3405,1,0,0,53.80665014434839,0,63.19788127145787
3406,1,1,1,63.41840964545394,1,68.28027980053831
3407,1,0,0,53.21287269677996,1,61.04064893427765
3408,1,0,1,41.55441226308078,0,61.69096751797304
3409,0,0,1,42.13840455902627,0,60.16660001592361
3410,1,0,1,54.88831126855766,1,65.75247781376139
3411,0,1,1,44.17386400183542,0,63.13004737527494
3412,0,0,1,37.15090993313989,0,57.59793072807756
3413,0,1,1,58.4341946952354,0,64.94675420255537
3414,1,0,1,43.56379908417361,0,61.12301223152678
3415,1,0,1,46.23627121810837,0,60.52674933003693
3416,0,0,0,45.18327282378654,0,63.17810503283576
3417,1,0,0,50.33566248523554,0,60.40365271350872
3418,0,0,1,38.25138692718865,0,59.57361455590141
3419,0,0,0,37.28118193377429,1,60.65301504571751
3420,1,1,1,47.50355130830612,1,63.30038909056505
3421,1,0,1,38.24976001892819,1,61.08994225450318
3422,1,0,0,61.9175448977972,1,62.55312624913458
3423,1,0,0,39.60802011787427,1,65.76905641882695
3424,0,0,0,52.33041137154905,1,59.328839792545
3425,1,1,0,35.19082525782958,1,63.94575663603553
3426,1,1,0,40.64725710258377,1,62.05914174073258
3427,0,1,1,32.98758455883417,0,61.02977510735446
3428,1,0,1,49.26894159829588,1,61.39886684768096
3429,1,0,1,45.53776255173878,1,60.24545682332143
3430,1,1,0,45.54211628032203,0,61.19417690115414
3431,0,0,1,56.15630731434433,0,61.57495700689353
3432,0,0,0,53.03901958526475,1,63.5938531426827
3433,0,0,0,55.16949186956929,0,64.04313949960371
3434,0,0,1,42.09360689529947,0,59.71132646412715
3435,1,0,1,24.95527667949418,1,59.20190756154349
3436,1,0,0,53.10203293120831,1,61.83427581885044
3437,0,0,1,52.07882808250346,0,60.45081240071267
3438,1,0,1,35.33875842261439,0,58.36254327341801
3439,1,0,0,46.47345652463888,1,64.67312518058691
3440,0,0,0,48.604594547677,1,66.31490978556616
3441,0,1,1,42.89440103430915,0,59.72576318897755
3442,0,0,0,53.0447152441626,0,63.71683650070497
3443,0,0,1,53.83849493113972,0,58.48129783461626
3444,0,1,0,44.81614868807525,1,63.88084267996793
3445,0,1,0,47.5891291189027,0,63.3461976319639
3446,1,0,0,56.35971704109117,1,65.32457701287724
3447,1,1,1,44.24924121965765,0,58.93356607970122
3448,0,1,1,50.58071737898351,0,60.33895619030828
3449,0,0,0,54.49993182646428,0,64.11495144317128
3450,0,0,0,71.68863411920232,0,67.24649637291004
3451,1,0,0,33.56800938883192,1,61.49707344213547
3452,0,0,1,49.44238480592865,0,60.13768564137047
3453,1,0,0,43.63298903616375,0,61.69161300988809
3454,1,1,1,46.983977447228,0,60.81283376967761
3455,1,0,0,37.45613156169829,1,59.84049425357163
3456,1,0,1,49.88849558017343,1,64.6177215940145
3457,0,1,0,70.34368087791482,1,64.42805001037131
3458,1,1,1,46.35028419659628,0,60.25152018215678
3459,0,0,1,50.24830577298161,0,61.7414198112268
3460,0,0,1,59.92127183602929,0,62.78483758205648
3461,0,1,1,59.64491437379878,0,64.58207453492977
3462,1,0,1,44.12992210001676,0,61.51340639830535
3463,1,0,1,36.78564723333015,0,59.10847759220655
3464,0,1,0,48.4679918827736,1,63.04611426141699
3465,0,0,1,43.40327366202152,0,59.01757703703075
3466,1,1,0,54.08378801042119,0,63.41955708875481
3467,1,1,0,44.64750138226653,0,62.54016764023705
3468,1,1,1,59.26584332561109,0,61.62359610031341
3469,0,0,0,49.66556070313639,1,61.07405410245283
3470,0,0,1,43.31688636138529,0,60.67452092600224
3471,1,1,0,58.63530853269792,0,64.8436620706116
3472,1,1,0,66.57380456668236,0,65.63441014439701
3473,1,0,1,48.41142631628214,1,62.97345903701461
3474,1,0,1,57.3427782905212,1,64.54679969888728
3475,0,1,1,48.48338603945657,0,59.1030222933615
3476,0,1,0,45.22847792439261,0,61.54647701059348
3477,1,1,0,57.04133205011767,1,63.49011706822474
3478,0,0,1,51.95161106336649,0,61.04164218588397
3479,0,1,0,52.15283868181216,0,62.33229557406628
3480,1,0,0,57.83583627105263,1,64.61728127498721
3481,0,1,1,39.57789945646491,0,62.25868781579778
3482,0,1,1,27.55256201993082,0,57.69912444516054
3483,1,1,1,62.25386484166503,1,62.91472925539694
3484,1,0,1,41.89828235201598,1,61.91344511351395
3485,0,0,1,43.28404866412819,0,59.909477521647
3486,0,1,0,54.5270068867897,0,64.9760096325591
3487,0,1,1,59.20564227644364,0,66.07671920658188
3488,0,0,0,41.31992446769708,0,57.76772559713268
3489,0,1,1,45.13871917898857,0,60.85716535430296
3490,0,1,1,73.31749305287362,0,67.26008589991402
3491,1,0,0,62.07443716682815,0,65.16352803259063
3492,0,1,1,50.48910272950577,0,58.06206469094771
3493,1,1,1,33.49117949697904,0,60.3121354807469
3494,1,1,1,47.80963144897985,1,59.03189960083202
3495,1,0,0,46.70464451650125,1,61.90794282974093
3496,0,0,1,38.69864429424892,1,54.24177447843677
3497,0,0,0,57.92916898480195,1,64.09361499071237
3498,1,0,1,46.28457828004736,1,62.11305102842442
3499,0,1,0,43.65208499152141,0,62.38097440531232
3500,0,0,1,71.91262637419388,0,63.17119894406927
3501,0,1,1,52.23272473039582,0,60.92536415721707
3502,0,0,1,39.9763908244549,0,60.17298642881238
3503,0,1,1,15.72243623368766,0,54.71483441166512
3504,0,0,1,65.14790632318601,0,63.5371368250544
3505,1,1,0,43.30562810338535,0,66.17919323943853
3506,1,1,0,56.1277165692188,1,63.39589637803043
3507,1,1,0,63.86840896556087,0,65.92187911714059
3508,0,1,1,61.61783011166577,1,62.66464494580195
3509,1,0,0,52.52127204139068,0,60.10299934753983
3510,1,0,1,41.40994954098667,1,61.73717819148582
3511,1,0,0,32.07268738480917,1,62.23040294765547
3512,1,1,0,38.7603180171012,0,63.40367631398062
3513,1,1,0,44.81681435774563,1,62.15242797553469
3514,1,0,1,54.79303808415848,1,64.05811157376586
3515,1,0,1,43.11276995621976,1,61.5082109724985
3516,1,0,1,37.37332152606797,1,59.5544939175101
3517,1,0,1,45.15624539908278,1,61.82982842505231
3518,1,0,1,16.83570110680902,1,58.26346388219455
3519,0,0,1,45.60034907674986,0,62.86325129064065
3520,0,1,1,40.56570549632858,1,58.91758819952035
3521,1,1,0,53.7472153900039,1,63.45411801113315
3522,1,0,0,50.71062673134497,1,63.92636311608653
3523,1,1,1,60.46122901434046,0,62.69427651602113
3524,0,1,1,44.31658047433356,0,59.72415780006721
3525,1,0,1,49.15733539925554,1,60.90496207185573
3526,1,1,1,61.06498918477693,1,64.70961171941131
3527,1,0,1,32.11524490906388,1,60.9049729556551
3528,1,1,1,63.85083270432912,1,62.88474900682866
3529,0,0,0,58.58511940737475,1,65.09963778346989
3530,0,0,1,41.7009747539175,0,59.03857503965234
3531,1,1,0,37.36556961091658,1,61.19006293568153
3532,0,0,0,45.99809972996436,0,61.93778983584234
3533,0,1,0,53.91244623270021,1,60.32107125257038
3534,1,0,0,42.98059080641266,0,60.22139432662878
3535,0,0,0,42.54335596354456,1,63.69546039436879
3536,0,1,0,38.56416346171634,0,60.2213661052175
3537,0,0,0,68.72736702270036,0,64.33209872238086
3538,0,1,0,57.88848137577436,1,64.75393996698254
3539,1,0,0,41.27211430621782,1,63.16306191454323
3540,1,0,1,56.15511556565023,0,62.82462030788218
3541,1,0,0,45.46796450389936,1,61.60476313587107
3542,0,1,1,38.36463574771493,1,57.69580743187136
3543,1,1,0,55.87485208061376,1,63.19866526787374
3544,1,1,1,52.67397125914997,1,62.80842865814223
3545,1,0,0,53.915213465882,1,65.05778767887007
3546,1,1,0,61.88172534185851,1,69.16086980878556
3547,1,0,1,43.88811459921043,1,61.76200893700086
3548,1,1,0,49.76563012731358,1,64.85282775524668
3549,0,1,1,48.09697362317424,0,63.28642476370351
3550,0,1,0,75.61617470386054,0,65.09154839753324
3551,0,0,1,47.67315908765661,0,62.14253608946807
3552,0,1,0,36.86301052872909,0,60.55814469837799
3553,1,0,1,31.48936834926174,0,60.1240341019486
3554,1,1,1,43.7288751156045,1,61.60876740631088
3555,0,0,1,51.01920071270875,1,63.1029447328699
3556,0,1,1,44.14236607262085,0,59.62875688119722
3557,1,1,1,46.23468447131726,1,62.60304151420173
3558,1,0,1,61.94982226670054,1,61.82861962334302
3559,0,1,1,29.99829788149643,1,59.99587702042447
3560,1,0,1,39.21994555022335,1,57.54156560345822
3561,1,1,0,42.49239934881057,1,62.66782958915284
3562,0,0,0,42.3497811126512,0,60.54408515868595
3563,0,1,1,45.9823946396118,0,62.58878394848823
3564,0,0,0,65.85894267172104,0,65.25966637221951
3565,0,0,1,56.39982530358812,0,63.49875292097614
3566,1,0,0,47.48205276943801,0,62.77917796714219
3567,0,0,1,49.47592054049095,1,60.41657845598983
3568,1,1,1,43.0496455373969,0,58.01445024116847
3569,1,1,1,42.58045593615217,1,63.53839005496782
3570,0,1,0,55.16311934323575,1,60.89545531614659
3571,1,0,1,45.20854327501364,1,61.64313410316841
3572,1,0,1,59.04625231644398,1,65.15980999726784
3573,0,1,0,58.65715404847739,1,61.23929635843224
3574,0,0,1,51.26537709212852,1,60.4615223450569
3575,1,0,1,47.85923128697034,1,59.57827503706737
3576,0,0,0,37.13574931213032,0,56.54022936129657
3577,1,1,1,51.27263727508922,1,64.67136340528377
3578,1,1,1,63.73451593290667,0,63.37480415326006
3579,1,0,0,50.93904923047676,0,64.43527868411147
3580,1,1,0,54.90001847400436,1,66.30086028876636
3581,0,0,1,58.69433900092744,1,65.12731137171242
3582,1,0,0,44.31539844913696,0,58.59678408185734
3583,1,1,0,46.39073480788251,1,65.59131799955594
3584,1,0,1,51.34461892329852,1,63.98302727620594
3585,1,0,0,62.03646142820577,0,62.7230157224661
3586,0,1,0,50.07056561333305,0,63.72350460373467
3587,0,0,1,61.23783756293713,1,64.08128390702161
3588,1,0,1,44.95097072104847,0,59.38610268110863
3589,1,0,0,38.95235733441792,0,61.26360658185014
3590,0,1,0,43.18500305523337,0,57.92242560813666
3591,1,0,1,48.77666348058999,1,62.8762254614395
3592,1,1,1,37.80012665305342,1,60.53896165801947
3593,1,0,1,55.89053081547464,1,59.37746362655383
3594,1,1,1,49.53459372862462,1,64.14124702214619
3595,0,0,1,37.78694421048124,0,57.4816028519484
3596,0,1,0,44.09388895825992,0,59.17352778929779
3597,1,0,1,47.18276628926057,1,60.75998806625369
3598,1,0,1,40.19815735159711,0,60.34689199322045
3599,1,1,0,37.12207902088558,1,64.28097503788521
3600,0,0,0,40.94702571056484,1,60.04826135257162
3601,1,0,1,34.49357444839969,1,59.51660884997244
3602,0,1,1,60.12684393133343,0,59.87262855344508
3603,0,0,1,38.53470223680028,0,58.39877451684062
3604,1,0,0,57.40328159655927,0,70.29183470101742
3605,1,1,1,39.29241579867411,1,57.82201071796497
3606,0,0,0,44.93280622490229,0,60.1908761028968
3607,0,1,1,30.58651055089928,0,58.69152212277903
3608,1,1,1,59.65764210365143,1,60.84185304444161
3609,0,0,1,48.48753648015653,0,62.8864943978417
3610,1,0,1,42.26723850220875,1,59.07567725999078
3611,1,0,1,45.21214278149951,1,59.54819557778008
3612,0,0,1,61.56025328316775,0,60.81240137921483
3613,0,0,1,45.2478219240179,0,61.79162014036892
3614,0,1,0,64.83530013008689,0,66.02086752160942
3615,0,1,0,46.78922826623565,0,62.11241764951759
3616,1,1,0,45.26276198646458,1,63.50000640584018
3617,0,1,0,46.23558314033288,0,61.46450609984839
3618,1,0,0,55.39960994194016,1,62.03436598735426
3619,1,0,0,54.20753350129068,1,63.07352889507519
3620,1,1,0,70.54473599216678,1,63.60166687032223
3621,1,1,1,24.4507859199003,1,60.77962941597817
3622,0,0,0,56.5577301198196,0,66.12895867684705
3623,0,0,1,31.85513193213869,1,59.26175726891617
3624,1,1,1,50.12181689082286,0,63.63612376992421
3625,1,1,1,45.14473149489168,1,60.75689031073268
3626,0,0,1,24.16758799057034,0,54.56435069245188
3627,1,1,0,56.74308318160335,1,62.76258632673736
3628,1,1,0,50.18476467739085,0,61.31372410601038
3629,1,1,0,60.7652682907823,1,69.00715431536769
3630,0,0,1,48.98061812656898,1,61.68000013013499
3631,0,0,1,63.00941777766817,0,66.41454776660669
3632,0,1,1,53.69024162861061,0,60.309311884972
3633,1,0,1,50.73585871044022,1,63.72675234531163
3634,1,0,0,47.42495760258559,1,65.38602748156032
3635,1,0,0,51.22055556565933,0,59.88214907721954
3636,0,1,1,39.0336126254518,0,61.95469159112886
3637,1,1,0,31.32786989828983,1,62.73200223310319
3638,1,1,1,54.36025582191468,1,63.48172999799775
3639,0,1,1,47.63274605206862,1,61.42290651500457
3640,1,1,0,54.10090288157388,1,67.73350086421809
3641,1,0,0,77.15989512863578,1,66.15873675062616
3642,1,0,1,56.71345585690231,1,65.88331325528685
3643,1,0,0,60.33278138959151,1,65.21981177760327
3644,0,0,0,42.35235232449197,0,59.91352091000653
3645,1,0,0,52.62161711454297,1,67.73902267686479
3646,1,0,0,53.66193221025856,1,62.29451753807155
3647,0,0,1,46.49458163043011,0,63.81973144815964
3648,0,0,1,61.58494027480987,0,61.61727641435832
3649,1,1,0,58.20642479477448,1,67.3132864547138
3650,1,0,1,31.64050363144172,1,58.73959042239503
3651,1,0,0,53.77040856712058,1,63.37785543127306
3652,0,1,1,40.69100137385391,0,57.72476672067855
3653,0,0,0,28.08688395114048,0,61.85868959990329
3654,1,0,1,49.74078090861386,0,62.06714853147304
3655,0,0,0,70.9237958990567,1,63.27725609606713
3656,0,0,1,46.88529920412757,0,59.83057270972827
3657,0,1,1,51.37013669922767,0,64.63116039854643
3658,1,0,1,55.87813371988075,1,61.66065485644626
3659,1,1,1,63.76677160516455,1,67.38744781714277
3660,1,0,1,52.86271020610935,0,61.92010895142198
3661,1,0,1,39.98710836132269,0,59.94232189935314
3662,0,1,1,68.72462629068121,0,64.86862332205099
3663,0,0,1,40.95801167303544,0,59.96608612179688
3664,1,1,0,58.15142526893347,1,63.55918005778481
3665,1,1,0,62.73104477410136,0,63.22539094843902
3666,0,1,1,49.15225077395858,0,61.20484525815584
3667,0,1,0,66.4387141875054,0,64.37244955274352
3668,0,1,0,51.72219481444532,1,63.05369068687056
3669,0,0,1,50.56021090063658,0,62.27364791754196
3670,1,1,0,63.06384535751933,1,65.72261946222029
3671,1,1,1,66.16190528477381,1,65.79906937666897
3672,1,1,1,42.32973753489158,1,59.61537886017927
3673,1,0,0,42.05903307515993,1,60.15794626201713
3674,1,0,0,37.58378726324953,1,64.46585366204185
3675,0,1,0,39.68263428010649,0,61.50680147488632
3676,0,1,1,55.98294837072196,0,63.52033116022342
3677,1,0,0,43.91909821451794,0,63.98016189927536
3678,1,1,0,58.70241883751974,1,67.11101299951069
3679,0,1,0,45.57243032595448,0,62.34002339252815
3680,0,0,1,49.0200505486109,0,59.34437479476475
3681,0,1,0,68.61507971795777,0,68.79118664151819
3682,0,0,1,44.52812909966046,0,62.17158663743504
3683,1,0,0,62.6555029950655,1,66.20342303278332
3684,0,1,0,46.78323492637192,0,63.93264115524013
3685,1,0,0,62.13679402481098,1,64.39416408566446
3686,1,0,0,62.60555314609537,1,63.79081036489569
3687,0,0,1,43.3324184815276,0,58.423833714978
3688,1,1,0,52.09756817227463,1,63.5363445727763
3689,0,0,1,31.61082244189601,0,59.84904032543063
3690,0,1,0,63.88490862754713,1,64.95135280399504
3691,1,1,0,61.48336539950945,0,64.45311021058505
3692,0,0,1,34.69141786383648,0,55.35425816180717
3693,0,1,0,55.86008899413294,0,66.41530464625856
3694,1,0,0,63.21442807329476,1,65.51098958855539
3695,0,1,0,38.14226540611935,0,63.27774192169592
3696,1,1,1,60.00995136926538,1,63.84257936899906
3697,0,0,0,35.79035071989888,0,59.66096509588792
3698,1,1,0,44.58879609456967,1,60.34203070154408
3699,1,0,0,59.4466698047291,1,67.69853247661091
3700,1,1,1,34.52609325369572,1,62.36604403823981
3701,1,0,1,27.45205695989827,1,58.18215515954044
3702,0,0,0,40.19122340759685,1,63.45796331487411
3703,1,0,1,48.59561342786671,1,60.51930032128058
3704,0,0,0,49.62431009843304,1,61.07823299012921
3705,0,1,0,50.21676413415474,0,62.56158783633337
3706,1,0,0,62.66000400597757,1,67.23169500599981
3707,1,0,1,32.06123464710932,1,57.49786787512264
3708,1,1,0,46.02802298626935,1,59.71550764911569
3709,0,0,0,53.94427793330317,0,60.70136802070952
3710,0,1,1,48.24435907546179,0,61.69413697080251
3711,1,1,0,46.23670554887212,1,64.23413554751454
3712,1,0,0,47.22414696865516,0,63.24325585146156
3713,1,0,0,54.13017128627932,0,63.30047489575123
3714,1,1,1,47.02620093416926,1,62.96806619431835
3715,1,0,1,59.53323055190795,1,63.01666127721165
3716,0,1,0,49.755694870853,0,60.64395717535469
3717,1,0,0,74.31561128198021,0,65.68933762419084
3718,0,1,0,51.95305984335493,0,64.232939798884
3719,0,1,1,41.04388849359455,0,60.57208536216167
3720,0,0,1,54.08426421068064,1,62.57701830110392
3721,1,1,1,45.79535089740151,0,59.54577423964748
3722,0,1,1,64.90912252606043,0,62.85568358257288
3723,0,0,1,63.40982538631196,0,62.28141635350815
3724,1,1,1,40.75630182962788,1,63.28379075519221
3725,1,1,1,56.46466698784234,1,62.22728777728748
3726,1,1,1,45.26749369285992,1,63.59162986449462
3727,1,0,1,43.14398536885341,0,59.56570890310465
3728,1,1,0,45.89537642843182,1,62.06157652583186
3729,0,1,0,47.97433446017154,0,63.81069971667205
3730,1,1,1,41.7580732130163,1,63.72001572959246
3731,0,1,1,60.86909984350024,0,65.28585359563959
3732,1,1,0,49.07441271104422,1,63.76881514711528
3733,0,0,1,67.16654044579023,0,65.99399745821923
3734,0,0,1,44.85639777527269,0,58.65356393993572
3735,1,1,0,57.12023428380621,1,66.66174624813752
3736,0,0,1,40.75586927644773,0,59.30719601474497
3737,1,1,1,29.66895738113855,1,60.60110282898184
3738,0,1,0,33.62645966151801,0,58.20300297335898
3739,0,0,0,45.70887137095609,1,60.68831877684036
3740,0,1,0,44.2543707256619,0,62.81359448138901
3741,1,1,0,46.88634034815236,1,64.61911265482335
3742,0,0,0,69.32155699862818,0,66.08304531296365
3743,1,0,1,39.98457310292189,1,58.39584949874913
3744,1,0,1,51.73125974282163,1,61.58240840031446
3745,1,1,0,47.81682381765974,1,64.16050876708161
3746,1,0,0,55.01937455478699,1,63.76328103645938
3747,0,1,1,60.09331098736134,0,61.36132059638955
3748,0,1,1,46.15050440921536,0,59.1174971860535
3749,0,1,0,51.79081202750972,0,65.92493649690122
3750,1,0,1,63.93086952202557,1,65.21403410783016
3751,1,0,1,43.05240811223028,1,61.47983008068195
3752,1,0,0,51.06525298091627,1,63.30544283675489
3753,1,1,1,36.44359952835917,1,54.72547480690055
3754,0,1,1,46.12173161661782,0,65.36228102309713
3755,1,1,1,65.00129176161198,1,62.49953363923868
3756,0,0,1,37.4945373752982,1,58.49479815962314
3757,1,0,1,36.19551515297409,0,57.71083938784517
3758,0,1,1,45.10812999605563,0,64.21898289889879
3759,1,0,0,42.59197837997858,1,60.73526822178466
3760,0,1,0,54.12123976801784,0,63.5334069830453
3761,0,1,0,51.34295997249264,0,63.43911790482336
3762,1,1,0,48.32219208704556,0,63.33228621523541
3763,0,1,0,65.98926248938267,0,65.37119116709817
3764,1,0,0,43.55650533190714,1,64.1711216492085
3765,1,0,1,46.96201035153073,1,64.28357816939278
3766,1,1,0,52.47175338523046,1,67.10732200030098
3767,0,1,1,44.13410336878627,1,58.48197387134798
3768,0,1,0,51.36732924209286,0,65.26403924430296
3769,1,1,0,47.14498977614267,1,61.07569761297564
3770,1,1,0,42.75875285479159,0,57.73078681285654
3771,0,1,1,43.39259175435515,0,56.3725555568347
3772,1,1,1,31.44614228768745,1,61.13543730330145
3773,1,1,1,54.96335549803909,0,66.10866677307786
3774,1,0,1,35.63662213402531,1,60.2889072534779
3775,0,0,0,38.956828186992,0,60.77596834391807
3776,0,1,0,70.06240924717943,0,65.77903241718721
3777,1,0,0,41.57964374900341,1,62.94530655907428
3778,0,1,1,51.41671334910803,0,63.75211029725681
3779,1,1,0,46.28367826403817,0,64.30869888676247
3780,1,1,0,63.76350619419586,1,63.43476597850758
3781,1,0,0,70.0755136905216,1,61.30501446361224
3782,0,0,0,63.71180065865683,0,65.04171434956244
3783,1,0,1,58.29948121534085,1,65.04864570093667
3784,1,1,1,51.83611824315544,1,63.87655557548629
3785,1,0,0,44.00930420270337,1,60.44452521915224
3786,0,0,1,43.09411828886915,0,57.81750909044052
3787,0,1,1,41.61540529636238,1,58.54184950463194
3788,0,0,0,42.88819534524954,1,62.66293456510327
3789,1,1,0,41.12941479902486,1,61.57288922075978
3790,0,0,0,40.92553033096848,0,63.89263967358158
3791,0,0,1,56.57444546023945,0,65.10831872909858
3792,1,1,0,34.35397056255871,1,61.49592926840171
3793,0,0,0,49.11812033905584,0,63.5752495049453
3794,1,1,0,48.53178380336068,1,64.3508444237533
3795,1,1,0,59.82538989692661,0,68.46655904374381
3796,0,0,0,43.75563308159366,0,60.23184679216089
3797,1,0,1,38.97226668379081,1,61.50462883678849
3798,1,0,1,50.51316078620524,1,66.28026385431053
3799,0,0,0,57.71280250940472,0,62.75280853157312
3800,0,1,0,35.60859863952128,0,57.20948849134052
3801,1,1,0,64.03084570714221,0,65.08378211106726
3802,1,1,1,48.36847064393383,0,61.38030771188799
3803,0,0,0,53.3973376496862,0,61.6401939891193
3804,0,0,0,55.88354156072469,0,61.729517418836
3805,1,1,0,40.06947728415304,1,62.7097670663326
3806,0,0,0,54.2065644846662,0,62.86340922835913
3807,1,1,0,47.61105208774033,1,61.97922728337997
3808,1,1,0,60.73096394789444,1,63.71904704796462
3809,0,1,0,22.77055084082373,0,56.01339552070456
3810,0,1,0,30.93826510544291,0,61.86537978084353
3811,0,0,1,41.62237560513163,0,59.27030992974983
3812,0,1,1,48.50894667777285,0,63.55738772724695
3813,0,0,1,48.33170184833202,0,63.19616716453551
3814,0,1,0,52.14448735662261,0,62.86095456747894
3815,0,0,1,59.72050500775492,1,62.96842513586008
3816,0,1,0,47.57910955934726,1,61.1464040828419
3817,1,0,0,58.0377050352251,0,63.21412567608846
3818,0,1,0,42.49420459369319,0,64.47733698611987
3819,0,0,0,50.26561964983492,0,58.63902882414016
3820,0,0,1,46.78363335045342,1,60.63169982891538
3821,1,1,0,50.31198348890845,0,64.19727280492921
3822,1,1,0,57.37051656484188,1,66.74751694509754
3823,0,1,1,41.9830176824763,0,60.53743367571585
3824,1,1,0,33.44713513500328,0,64.46655532723706
3825,1,1,1,55.07254014990234,0,61.70701496539642
3826,0,0,0,53.73105321304841,1,61.08002314624599
3827,0,0,0,48.79320424908412,0,62.42064980094895
3828,1,0,0,47.39880818538928,1,63.14268606770268
3829,0,1,0,56.44880429534035,0,63.22726146351152
3830,1,1,0,60.13196867181918,1,63.44325198460884
3831,0,1,1,64.53787663123882,0,63.2462544762056
3832,1,1,1,39.14375277464072,1,60.80475884626333
3833,1,1,0,39.10909901795113,1,64.45637108112533
3834,1,1,0,53.79695474490786,0,65.41133490706335
3835,0,1,0,41.8680061322367,0,61.03412530446886
3836,0,0,1,31.73530130640755,0,56.60870514129672
3837,0,0,1,32.16858279460804,0,57.99233854801374
3838,1,0,1,56.23066465115296,1,63.7678080099469
3839,0,1,1,41.36819378800553,0,58.77168156842201
3840,0,1,0,52.45952395368443,1,63.87236978068071
3841,1,1,0,54.52646578635566,0,63.70895056518524
3842,0,0,0,35.21023643563969,0,62.60628358804252
3843,1,1,0,54.33572343820799,0,64.0925223748042
3844,0,0,0,31.04912451553631,0,59.18995564646166
3845,1,0,0,59.2744522279912,1,66.3137315425747
3846,1,1,1,32.45257765196696,1,60.62798577733643
3847,1,1,0,45.22155974409804,0,61.18238582412349
3848,1,1,0,59.76633975800503,0,66.00722449538064
3849,1,0,0,26.88765488891291,1,60.07071925917725
3850,0,0,0,38.76041511962788,0,61.01465099441322
3851,1,1,1,39.44912682249938,1,63.07073257366842
3852,0,0,1,33.90564738138418,0,58.11218128410906
3853,1,0,1,51.14064278542627,1,65.36360540937912
3854,0,1,1,43.86924730813287,0,58.88881456940324
3855,1,0,0,50.16341720161554,1,63.75136752307453
3856,0,0,1,48.74078082276937,0,59.52070602483546
3857,0,0,1,44.33504186392581,0,57.13488668987691
3858,1,0,1,43.05055503592487,0,62.79157761965644
3859,1,0,0,42.89658698667041,1,61.173180134845
3860,1,1,0,53.23107117665501,0,63.3960705088416
3861,0,1,0,42.36340618359441,1,58.8360576140093
3862,0,1,1,42.7910264552429,0,56.57192825776192
3863,0,1,0,62.8022184793152,0,65.63153599285668
3864,1,0,0,49.11996773816821,1,64.04258432094618
3865,0,0,0,49.25004833749647,0,64.945162779512
3866,0,0,1,44.17635165354139,0,59.44828771451879
3867,1,1,0,48.67164645847953,1,62.93238242066279
3868,1,1,0,55.2519340502033,1,64.41455612080668
3869,1,0,0,50.5127981569904,1,65.52923933900676
3870,0,1,0,51.78531499418742,0,63.09891648767569
3871,0,0,0,53.46524294413203,0,61.94562774915523
3872,1,0,1,58.48885062233093,1,64.74741157541986
3873,0,0,1,30.75655443964452,1,58.46442746197379
3874,0,1,0,44.11946541095156,0,62.29405692025522
3875,1,0,1,45.4376436245383,1,59.49564811989234
3876,0,1,1,63.00728272574979,1,63.61891356215686
3877,1,1,0,52.49438167927033,0,63.19617052672876
3878,0,0,1,39.17919372203961,0,58.3220312900588
3879,1,1,0,62.30731104794192,1,65.88006016682741
3880,0,0,1,26.49805521614987,0,56.79069550149901
3881,0,1,1,37.82085210326867,0,59.57745567893453
3882,0,0,0,49.79166197688171,1,61.32809899868315
3883,0,1,1,41.36821329433567,0,60.97185762593502
3884,1,1,0,41.11113595506493,1,61.37350274594874
3885,1,0,1,54.67066191364496,1,61.64317475994768
3886,0,0,0,46.44254871240675,1,64.29591595124637
3887,0,1,0,42.25857343697712,1,60.21607435154118
3888,1,0,0,61.6412086591443,1,66.58995718500152
3889,1,0,0,54.08976292941787,0,62.79867599988479
3890,1,0,0,60.21860323059498,1,65.83362590570304
3891,1,1,0,59.40628098072518,1,64.03695237281767
3892,1,0,1,62.5096725497635,0,63.83256885442372
3893,0,1,0,56.7524022706089,0,66.1643169022166
3894,1,1,0,30.95984729246035,0,61.18414205074833
3895,1,1,0,47.05241372894371,1,58.69722556978711
3896,1,1,0,52.91573431003744,1,64.96859256669704
3897,1,0,1,53.24234568368718,1,63.47290468929955
3898,0,0,1,42.76731677879323,0,60.11496906960473
3899,1,0,1,43.348423089882,1,60.94474608103864
3900,0,0,1,57.54915812428732,0,62.2712233981722
3901,1,0,1,39.95375701123115,1,61.51092285706833
3902,0,1,1,38.57943698680494,0,61.86056422872524
3903,0,1,1,50.57800688489937,0,59.5778771807832
3904,0,0,1,28.68573908094041,0,56.23653284875134
3905,0,1,1,50.76284504557329,1,65.47889320122589
3906,0,1,0,52.01706346118211,0,62.36623715518859
3907,0,0,1,60.82047125653848,0,65.28016798353619
3908,1,1,1,35.634790862184,1,63.53551926559111
3909,1,1,1,54.25421371796865,1,65.86143193688572
3910,1,1,0,51.99055870892362,1,65.46350370108961
3911,0,1,1,41.53631637338636,0,61.33324653373929
3912,1,1,1,53.67451144143396,1,65.94689477290193
3913,1,1,1,30.4148714891716,1,56.72412126599378
3914,0,0,0,47.46630641638511,0,60.53441626677844
3915,0,1,0,59.51030448202146,0,61.27508224645523
3916,0,0,0,47.633911778227,0,62.61757319344806
3917,1,1,0,55.78461311469839,1,64.27492319668025
3918,0,0,1,56.32835966315737,0,62.86062572894874
3919,0,1,1,53.56283807425793,0,58.68007448255437
3920,1,1,1,57.43538727235807,1,66.11577836249477
3921,1,0,1,46.60163742746958,1,62.41694234357196
3922,1,1,1,45.10600629444883,1,61.58058413975754
3923,0,1,1,49.99925262686425,0,60.33691539185445
3924,1,1,1,46.54103918936406,1,63.94071248733689
3925,0,1,1,47.10260590675684,0,62.64134992618795
3926,0,0,1,46.64353239036476,0,58.61021612314686
3927,1,1,0,48.96193252298089,1,63.13684394633281
3928,0,0,0,41.09189667167129,1,61.53456930707683
3929,1,0,1,60.82995640327232,0,61.25793336744022
3930,0,1,0,34.38645246948096,0,61.05412259586699
3931,0,0,1,31.38414581114532,0,56.38022326764255
3932,0,0,1,53.20021096029652,1,57.09316573396836
3933,1,0,1,39.1338938326013,1,59.8065052612582
3934,0,0,0,48.85317550364751,0,61.37570114290014
3935,0,1,1,58.59689020003268,0,63.17481499056222
3936,0,0,1,49.09611342157015,0,62.03826935191731
3937,0,0,1,41.56899528064892,0,61.09942135979852
3938,1,0,1,44.78866698027092,1,64.69209543966672
3939,1,1,0,56.98451198161158,0,64.30591201091626
3940,1,0,0,50.04752296178401,1,62.78570388269567
3941,1,0,1,50.51073307434987,1,61.18175562409295
3942,0,0,1,30.85655665994645,0,56.05607293080526
3943,0,0,0,46.82449445418534,1,65.61517959400126
3944,0,1,1,51.7540746549079,0,59.87552801061112
3945,1,1,0,52.67104427307923,1,63.42920407155384
3946,0,0,1,36.69198270178594,0,62.86271411284876
3947,1,1,0,40.4170191969047,1,62.54538526513805
3948,1,1,0,55.1514526082012,0,62.7102242064068
3949,0,0,0,66.58324665767864,1,65.72677095898348
3950,1,1,1,37.41722685780316,1,62.52844483399067
3951,0,1,0,63.09351997647647,0,63.81581504483793
3952,1,1,1,52.73513640329227,0,64.16471449477277
3953,1,1,1,46.12686225491786,1,61.983529636957
3954,1,1,1,74.0041435282364,1,66.77388600385329
3955,0,1,0,61.6704366491707,0,63.65232798923225
3956,0,1,1,39.71941496392684,0,59.35623541031065
3957,0,1,0,49.47179386442561,1,61.76549111601926
3958,1,0,1,39.90134577106492,1,60.97047565677594
3959,0,1,0,55.42814864002961,0,65.22673042767394
3960,0,1,1,58.18428446836234,0,62.61916261701813
3961,1,0,1,56.68611265664251,1,61.40742322548456
3962,0,0,0,45.1533938327051,1,58.9343715206013
3963,1,0,1,43.05992707556971,0,62.98621447302195
3964,1,1,0,49.26804581911438,0,64.84447842779407
3965,1,0,1,44.26992688774152,1,60.68388539507274
3966,0,1,1,31.65677217953088,1,60.45663421914023
3967,1,1,0,44.23140225098724,0,62.6098075124119
3968,1,0,0,40.11069504771039,1,62.84216453309057
3969,0,0,0,67.71752144261916,0,64.39078055992215
3970,0,0,1,49.37985590169876,0,59.74682930154236
3971,1,1,1,57.30683975471379,1,64.58888885632585
3972,1,1,1,38.97715652092049,0,60.61681510439055
3973,1,1,1,45.5397872448436,1,64.92628839687765
3974,1,0,1,32.92134860202824,1,63.54004536778365
3975,0,0,1,34.15883341628356,0,57.19859793507663
3976,1,0,0,55.82370337042879,1,60.74675135286981
3977,1,0,1,43.82533673559529,1,61.37540796693752
3978,1,0,1,61.3510811106561,0,60.00020415974806
3979,0,1,1,39.38824041755502,0,56.30923300726202
3980,1,0,1,46.60384437186105,1,61.76233077645759
3981,0,1,1,43.2979492011746,1,60.12497758208839
3982,0,0,0,47.40808647287615,0,65.09305514607927
3983,1,1,0,42.8112271404013,1,60.79033178062858
3984,1,1,0,66.21014151827941,0,67.45025703524179
3985,1,0,0,48.12284981145436,0,57.52922345924627
3986,1,0,1,49.25942622288346,1,60.54017156115182
3987,0,0,0,56.68609454290151,1,62.93520010813623
3988,1,0,0,54.93825901803349,1,63.05328227234453
3989,1,1,1,41.86869384784348,1,60.85137473297866
3990,1,0,1,23.0434935073469,1,59.67562667634208
3991,0,1,0,33.45565977328577,0,58.88820417249057
3992,1,1,0,63.07621899139447,0,66.8961356285116
3993,1,0,0,38.75786192059656,1,62.6240450785909
3994,1,0,1,64.86669368108772,1,63.16685275973438
3995,1,1,0,47.96657787858172,1,63.29894381142367
3996,1,0,1,42.4146819233839,1,62.59297828524992
3997,0,0,1,36.15892155808189,0,61.29898935219975
3998,1,1,0,44.71870755108874,0,64.5327999308344
3999,1,1,1,50.82311164528515,1,60.37952127671608
4000,1,1,1,65.176359139319,1,68.82530678502188
4001,0,0,0,45.74881334658115,1,62.94827357322093
4002,1,1,1,39.16265810527321,1,60.61026527748611
4003,0,0,1,57.15139407460883,0,62.18921885068148
4004,1,1,1,51.45689948781622,1,63.53366854523654
4005,0,1,0,54.88117784813952,0,66.34594053092422
4006,0,1,1,41.92005565282804,0,61.66424261544688
4007,1,1,1,47.66084461461221,1,63.21631562676991
4008,1,0,1,35.19739658183229,0,57.26760888351759
4009,1,0,0,44.56448944710271,1,61.66106603443068
4010,1,1,1,33.36728721601875,1,58.16703363672264
4011,1,0,1,52.58347934438855,0,59.86041048191171
4012,0,1,0,60.69583748237269,0,65.21389402488911
4013,0,1,1,52.89908006065989,0,60.12043905481284
4014,0,1,0,30.33293034680474,0,57.24125162229113
4015,1,1,0,44.80782760552439,1,63.53571881775518
4016,1,0,1,47.44826048388525,1,65.04368753487752
4017,0,1,1,37.13342614144842,0,62.68680460704607
4018,1,0,1,41.34162782146889,1,58.46198893356081
4019,0,1,0,49.47684881137753,1,63.70026109885417
4020,1,1,0,56.35631993029579,1,66.57574103043596
4021,1,1,0,56.19587829473566,0,64.27618804769058
4022,1,0,1,41.44309385267263,1,61.46599967603957
4023,1,1,1,44.88965431724914,1,62.13500153122756
4024,1,1,1,48.94544790905456,1,61.93551211326019
4025,1,1,0,46.451049037086,0,62.56251530031327
4026,1,1,0,47.23410115094879,0,62.14421425314895
4027,0,0,1,57.07593284871834,0,60.51783653676559
4028,1,1,1,62.01343334837728,0,65.33318973972301
4029,1,1,0,46.51982665298173,0,62.98853911907592
4030,0,1,1,38.12249537006544,0,56.80906380864278
4031,1,1,1,52.70083308354545,1,59.13975259309315
4032,0,1,0,54.2103238055381,0,64.26090693179815
4033,1,1,1,30.51900224219971,1,59.34560159588973
4034,0,0,1,55.43624746930188,0,59.94530856326822
4035,1,0,1,67.50839161620428,1,65.21034227346198
4036,1,1,1,52.84525868706747,1,61.21707685781706
4037,0,1,1,53.35392631136587,0,60.94746256431289
4038,0,0,0,41.35291170700937,0,63.29728184370793
4039,1,1,0,53.14248296206102,1,64.88796053930433
4040,1,1,1,63.87938808541605,0,60.71402541109939
4041,0,0,1,53.88094049528216,0,62.28063715881217
4042,1,0,0,47.39979281948617,0,62.80595404061435
4043,1,1,0,54.95285129334523,1,67.13281569010346
4044,1,0,1,40.180111225978,1,58.75494940280665
4045,1,1,0,50.31624750012614,1,63.30836482251291
4046,1,0,0,63.24405163292543,1,64.75967826145903
4047,0,0,0,54.70206842487539,1,62.74434108210969
4048,1,0,0,50.26133899015807,0,63.13497746897396
4049,1,0,1,49.83048846992914,1,63.86603168729704
4050,1,0,0,27.01556694590452,0,56.94250810175334
4051,0,0,0,49.66601536984691,0,62.0236962502503
4052,0,1,1,58.57988789704894,0,64.49066948615068
4053,1,0,0,34.04355876075648,1,61.25835956152832
4054,0,0,1,40.07599265242008,1,58.61566151652155
4055,0,1,1,44.04856704956622,0,59.22087779002529
4056,1,1,1,41.44800073283704,0,62.00504375962225
4057,0,0,0,45.8004983409994,0,63.20188488766251
4058,1,0,0,48.68779386696842,1,64.09808472698543
4059,0,0,1,44.31884621946423,0,61.62100772063424
4060,0,1,0,52.96289777842999,0,63.43899284627538
4061,1,0,0,46.28581824447792,1,66.54086121140547
4062,0,0,0,32.40602419557581,0,59.35532355017891
4063,1,1,1,48.20355655327399,0,63.82402060628095
4064,0,1,0,40.4488219469083,1,59.96588863709604
4065,1,1,0,68.27255843340265,0,66.02919505475984
4066,1,1,1,40.88761208928725,1,59.34826648926504
4067,0,1,0,51.4842015083178,0,63.11430088609639
4068,0,1,0,47.569212131641,1,61.05784841272104
4069,1,0,1,39.96068999014989,1,62.12607049541137
4070,1,1,1,61.20077847814116,1,65.51753762031335
4071,0,1,1,45.42312256379053,0,62.14281304477897
4072,1,1,1,38.20530747545422,0,60.91121384929534
4073,0,1,1,45.38342970160066,1,60.83843440245867
4074,0,0,1,41.08370677740705,0,60.89851157786659
4075,1,0,1,50.42514653423283,1,63.48432569869885
4076,1,0,0,52.70567449257155,1,64.05839430431224
4077,0,1,1,75.56085396863165,1,65.0100145791847
4078,0,1,1,47.447825948539,1,60.59428041446021
4079,0,0,1,46.92649167892007,0,58.39323354017808
4080,0,1,0,37.58881987766084,0,60.10989543628704
4081,1,0,1,47.43377975694546,1,65.14598456714639
4082,1,1,0,58.7422428762844,1,64.78899325895169
4083,0,0,1,45.1411386109393,1,61.27797830493036
4084,0,1,1,40.91419032044953,0,60.53756425056229
4085,1,0,1,61.52676137572668,1,61.9080493637953
4086,1,0,0,42.78455224210583,0,62.0883031337469
4087,0,0,1,46.24148294646115,0,60.75443741436416
4088,0,0,0,49.60903308132776,0,65.32292132058396
4089,1,1,1,54.33673901634118,1,63.64227449428213
4090,1,1,1,36.80380662198981,1,61.2866909963734
4091,0,0,0,49.62141868334204,1,64.12530974379337
4092,1,1,1,25.87857735000106,1,58.20390362805473
4093,1,1,1,66.63596941257404,1,63.76459821487637
4094,1,1,0,30.71014909901103,0,56.73193328457997
4095,1,1,0,50.4843093929769,1,65.83387987538801
4096,1,0,1,45.74203210649964,1,59.88156858032853
4097,1,0,1,53.51852462536776,1,61.40592515668506
4098,1,0,0,68.90076747375171,1,67.14168255203559
4099,1,1,1,35.83501609552664,0,59.02392576253801
4100,1,0,1,38.76392986018546,1,64.41259545798604
4101,0,1,1,61.75156827969404,0,63.09070267851968
4102,1,0,1,30.7488219402846,1,58.6456722932049
4103,0,0,1,52.58871316819269,0,60.92354975087953
4104,1,1,0,63.35035263532596,0,65.34211319532137
4105,0,1,1,58.25926216631522,0,62.41289884008329
4106,1,1,0,43.23022663675523,1,64.13789213000322
4107,0,0,0,44.80291274814311,0,58.83873263790875
4108,1,1,1,48.04113950078528,0,62.59798782964593
4109,0,0,1,34.55379952557392,0,57.55687180450307
4110,0,0,1,54.25061234394462,0,61.68932360561642
4111,0,0,1,64.92320156461228,0,60.05254995711646
4112,1,0,0,35.66997833048818,1,64.47041318277435
4113,0,1,0,46.33739486847779,1,65.18739325461097
4114,0,1,0,57.37095154752347,0,62.96641606025666
4115,0,1,0,48.93740778775604,0,61.92436407292335
4116,1,1,1,49.76100671467192,1,64.38984494182857
4117,1,1,0,39.93908765533447,0,61.00190420285186
4118,1,1,1,46.79824686688495,0,57.24120995842056
4119,1,0,0,43.91812208462673,1,62.31225663084064
4120,1,0,1,58.92955079622956,1,62.48244403177666
4121,1,1,1,38.9685978041868,1,61.21888847716063
4122,1,0,0,50.66167546720079,1,64.16865657918895
4123,0,1,1,49.44676210215958,0,63.58787452491671
4124,0,0,1,32.10206478674207,0,57.26497886727233
4125,1,0,1,63.66781908613104,1,66.68905343156702
4126,0,0,1,44.05329125781208,1,60.58208615579274
4127,1,0,1,51.32497148010026,0,59.48620911530698
4128,0,0,1,43.52184681519351,0,60.53274604169982
4129,0,1,0,61.0682727424659,0,65.74598214116948
4130,0,1,0,41.10537824965488,1,62.84844873256853
4131,0,1,0,55.37126242207564,0,64.10487744200802
4132,0,0,1,46.19746919065686,0,64.01307676352761
4133,0,1,1,45.22156740185259,0,64.18411411154736
4134,1,0,1,42.76353593282906,1,58.66451853968644
4135,1,0,1,42.76524517224604,1,60.26376830956711
4136,0,0,1,47.14725428111522,0,60.65857010627765
4137,0,0,0,45.98426087672826,1,61.66985241351838
4138,0,1,0,53.14519031691925,1,64.33835942772511
4139,0,1,0,41.51980541249799,1,64.51179786170016
4140,0,0,0,40.30653469922755,1,55.19870714689603
4141,1,1,1,68.25776051203331,1,66.08560968359151
4142,1,1,0,65.72141821946292,0,63.69670629949803
4143,0,0,0,62.98787698760813,0,60.54907592494531
4144,0,1,1,39.89629793794251,0,62.71819548072757
4145,1,0,0,71.45126309880624,1,64.25342821678136
4146,0,1,1,20.96748468762802,0,59.60259949168553
4147,1,1,1,58.79049456728463,1,63.60198255377023
4148,1,1,1,32.59570198796909,0,57.83830383242807
4149,0,1,0,31.48424985103964,0,57.74548156190429
4150,1,1,1,53.47626773226632,1,64.04236085114896
4151,1,1,1,46.02872948747105,0,59.42080632966854
4152,0,0,1,45.67326983234486,0,57.48547193810731
4153,0,1,1,41.92205827376342,0,62.2198065704172
4154,1,1,0,52.47500670910003,1,68.50789833836291
4155,1,0,0,60.89546305347351,0,62.62584359693431
4156,0,1,1,37.31694897131855,0,60.85080505650133
4157,0,1,1,41.62813746449127,0,61.11557154600663
4158,1,1,1,51.32844684820483,1,61.9799701707238
4159,1,0,1,52.84578448058182,1,62.67119287478874
4160,0,0,1,32.38792768456953,1,58.65009930156183
4161,1,0,1,47.95100089492377,1,59.08448863140358
4162,0,1,0,37.0093489470994,1,63.97170464804765
4163,0,1,0,53.53156895751971,0,61.99525114496264
4164,0,1,1,36.06656749771867,0,59.38486155881097
4165,1,0,1,55.61224075126925,0,60.88081216538161
4166,1,0,1,48.85421524313097,1,62.17819898425087
4167,1,0,1,57.50232044993918,0,65.11153791264528
4168,0,0,0,57.11085096388221,1,62.5883904338179
4169,0,0,1,40.84618629058246,0,59.52973362300006
4170,0,1,0,53.37790052543966,1,63.09271894458335
4171,1,0,0,48.65329438857851,0,67.41320864711136
4172,1,0,1,37.40941480803352,1,61.09321423182103
4173,0,0,0,54.97345804127868,1,62.54599428988459
4174,1,0,0,56.92588381926836,1,64.19875898917618
4175,1,0,1,55.20492149564286,1,60.71396750645576
4176,0,1,0,54.95873657910137,0,63.569916298513
4177,1,0,1,47.4269694551942,0,62.17578189308891
4178,1,1,1,60.06718680391297,0,63.51567413041773
4179,1,0,1,57.80092722065442,1,63.45687546695894
4180,1,1,0,50.61496806123109,1,61.68631801718433
4181,1,1,1,22.56776614509498,0,57.76349384840946
4182,0,0,0,67.06428507060633,0,63.09188440179882
4183,0,0,0,66.89026287211085,0,68.52093812948033
4184,0,0,0,50.60410371033621,0,61.42672994122678
4185,0,0,1,19.76602002124322,0,56.16429239742186
4186,1,0,1,75.42330472614839,1,64.19883295604241
4187,0,0,1,60.76261284586213,0,61.18302142047638
4188,0,0,0,65.16164758856742,1,65.49772435522897
4189,1,1,0,47.49492039949068,1,62.4725341559322
4190,1,0,1,49.54237347853387,1,63.69355272963102
4191,1,0,1,57.05558378312523,0,62.54244274977439
4192,1,0,1,40.27940881684965,1,56.18701968583371
4193,1,1,0,34.23142786332784,1,60.61347798470894
4194,0,0,1,56.88470177318899,0,65.30728306819687
4195,1,0,1,41.76980097017881,1,60.63260593770088
4196,1,1,1,54.10916344242032,0,61.98627215969456
4197,0,0,1,62.89176163857633,1,62.36765108845771
4198,0,0,0,46.25013539879617,0,63.22982257962501
4199,0,0,0,57.45000973372395,1,62.88765914953489
4200,0,1,0,42.48681477298718,0,57.98463916493724
4201,1,0,1,52.94238247205955,1,65.46410335063105
4202,0,1,0,53.09864910932853,1,65.10232821365577
4203,0,0,1,35.45878742045383,0,59.646005013085
4204,1,1,1,55.23265334180989,1,65.89087238648057
4205,1,0,0,47.25981535193598,0,59.74882344061101
4206,0,0,0,48.48113241668801,0,65.76214384105712
4207,0,1,1,46.92158524501091,0,57.47575722932683
4208,1,0,0,71.28299006818114,1,65.84902806307858
4209,1,1,0,42.88828212491027,0,60.51333330914564
4210,0,1,1,43.08346651723605,0,59.41637185599727
4211,1,0,1,48.58221725430656,1,61.37705824824936
4212,0,0,1,34.93350528169547,0,58.67328736540926
4213,1,0,1,37.51878529150398,1,59.25178428192925
4214,1,1,0,55.00277943404003,1,64.47181447104072
4215,0,0,1,48.4922772835161,1,61.68587410417453
4216,0,0,1,42.80234232648427,0,59.75469199078508
4217,1,1,1,40.96940770574859,1,60.14479677406435
4218,0,1,1,46.02646418193052,0,63.19367925534478
4219,0,1,1,37.77260638830331,0,60.94428201193298
4220,1,1,0,51.23032045020184,1,63.76610180108045
4221,1,1,1,42.73688383901582,0,55.63970776391489
4222,0,0,1,37.09037518038127,1,58.76671404815653
4223,1,1,1,50.34111267377609,1,62.50182058862063
4224,1,1,1,52.88931438808064,1,61.55016526716499
4225,1,0,0,30.92811145998677,1,60.51318627675761
4226,0,0,1,52.63512366743056,0,59.12836570743177
4227,1,1,1,47.93476346758096,1,62.80779972945229
4228,0,1,0,60.34280643865987,0,63.77904757888055
4229,1,0,0,40.81877023785883,1,63.60399096425999
4230,0,1,1,54.68106988136269,1,65.39945632595544
4231,0,1,0,45.21976429943762,0,61.32256785411325
4232,1,0,1,47.29235008977601,0,62.19438400422993
4233,1,0,1,44.67612944189569,1,59.97924180508508
4234,1,0,1,57.84642539590339,1,63.45369577509638
4235,1,0,1,29.98314975207445,1,58.76975106451642
4236,1,1,1,46.40535145009907,1,60.87100897914726
4237,0,1,1,47.35588337719374,0,62.30514211516247
4238,0,0,1,21.26329095504057,0,55.79362478766485
4239,0,0,1,33.11690723287072,1,57.44021279528093
4240,0,1,1,28.15173717168158,1,57.55004123724509
4241,1,1,0,48.00388578762952,1,63.69733626137566
4242,0,1,0,52.64698590561942,0,63.15136880772282
4243,0,0,0,58.16932024629929,0,63.08161900821113
4244,1,0,1,39.49325160397792,0,60.27964101916175
4245,1,0,1,31.49534528520888,0,56.11764991642767
4246,0,0,1,48.82559745336674,0,60.12860922906723
4247,0,0,1,32.11353502845222,0,60.66772277261003
4248,1,1,0,36.6284012533756,1,61.72104728814062
4249,1,1,0,50.95803761490757,1,62.77182193653724
4250,1,1,1,43.68744537126605,0,63.37339984647853
4251,1,1,0,51.28074306664134,1,64.83473496921829
4252,0,1,0,36.82548826472329,0,60.31389423861456
4253,1,1,0,57.54612172494101,0,61.91124261076469
4254,1,1,0,53.22986095741772,1,64.48905475533725
4255,0,0,1,50.33722034755095,0,62.30066060333088
4256,0,0,1,35.80667355303084,0,57.25878642871814
4257,1,0,0,54.24718357376676,1,63.35576862994962
4258,0,1,0,57.46454758868615,0,60.97205300399618
4259,1,0,1,40.36941733867891,1,60.50338795176749
4260,0,0,1,36.81545422503798,0,58.81397353332502
4261,0,1,0,48.0423194184331,1,59.12020061652571
4262,0,0,1,43.57924918644058,1,60.76241752937141
4263,0,0,1,32.71395115259836,0,59.93132217872805
4264,0,0,0,42.66082326473447,0,60.62139019967871
4265,0,0,0,60.26792905359871,0,64.63910041421806
4266,0,0,0,57.63746884116625,0,64.04744324149152
4267,0,1,1,52.79268686821189,0,60.9926664292982
4268,0,0,1,62.67784969395731,0,63.8223488812938
4269,1,0,0,52.03758564032866,1,62.98758737284729
4270,1,1,0,61.8339896820119,1,66.48997177449722
4271,0,0,0,61.22969330093731,1,64.20743335945109
4272,0,0,0,58.12234626335151,0,63.19252791248184
4273,0,0,1,31.9971215580513,1,58.13064084790935
4274,1,1,0,40.17590116309945,0,60.36578088327626
4275,1,0,1,50.40984469176326,1,63.15995501609789
4276,1,1,1,38.57561639828504,1,61.65217790356265
4277,0,0,0,75.34926583877431,0,69.64423939671271
4278,1,1,1,46.69671297879255,1,58.88124170854025
4279,0,1,0,50.91042549505099,0,63.6384459205302
4280,1,1,0,35.72719964938466,0,61.77010786913872
4281,1,0,1,39.55967395204829,1,65.1810703001114
4282,0,1,1,37.78079668875912,0,59.16346277674527
4283,0,0,1,58.58200761950528,0,64.06714407716716
4284,1,0,0,46.95026733983214,1,60.49285147278801
4285,0,0,0,60.8580172790321,0,62.84848009652362
4286,0,0,1,51.21483861755492,0,61.27062691254903
4287,1,0,0,44.24360462497331,1,66.51735629240547
4288,0,0,0,48.78053418584192,0,63.85427996583145
4289,0,0,1,33.80950503302326,0,57.42864966034782
4290,0,0,1,42.54464901983123,0,61.4143440328035
4291,0,0,1,59.69176849419726,0,63.0818886061757
4292,0,1,1,46.95440098596985,0,61.352412421507
4293,1,0,0,50.05872782265183,1,61.77089027700593
4294,0,1,1,44.54499943054292,0,62.72859632972358
4295,1,0,1,61.81497297570733,0,59.08242377765959
4296,0,1,1,38.33800378652597,0,61.85920958219156
4297,1,1,1,39.95464847321308,0,59.27699080771063
4298,0,1,0,44.17090235485637,0,60.93483726711343
4299,0,1,0,53.54289087656472,0,63.33544893242514
4300,0,0,1,36.97606493888836,0,59.30420086740941
4301,0,1,0,42.25721729636025,0,60.36704056487493
4302,0,1,1,43.44168158031286,0,62.92638528164213
4303,0,1,1,50.64036288292349,0,59.87692269931585
4304,0,1,0,57.95001593951092,0,64.3990935477413
4305,1,0,0,51.84180587537829,1,63.83980763423091
4306,0,1,1,37.5106025668726,1,63.48389301762845
4307,0,1,0,60.58680691589058,0,66.22514417890672
4308,0,1,1,29.86644340560929,0,57.94073025961274
4309,0,1,0,64.41239774319482,0,63.97251345424927
4310,1,0,0,47.92134079093857,0,63.83487852072783
4311,0,1,1,61.12215683855332,0,64.07201543940782
4312,1,0,0,31.53557084907031,1,62.54210423367753
4313,0,0,1,33.46839829105264,0,58.11117252569542
4314,0,1,0,69.85612709220943,0,63.18614148790792
4315,0,0,0,47.76092055138229,0,62.0326250010151
4316,1,1,0,59.00103555568677,1,65.56464355285766
4317,0,0,0,52.02737814066695,0,61.10490884820955
4318,0,0,1,48.43022955113581,1,60.18310855657041
4319,1,0,0,47.15927028769851,1,63.08983519247078
4320,1,0,0,40.31307207794896,1,63.47920565226622
4321,1,0,0,44.3585504454385,1,66.39319555926353
4322,0,1,0,57.28830919558574,0,63.41430654794777
4323,1,0,0,56.29447959816814,1,64.34445519129311
4324,1,0,0,76.65030913629005,1,64.06725751826876
4325,0,1,1,50.79069667022105,0,62.00913331462397
4326,1,0,1,43.93700201174556,0,64.03205901655626
4327,1,1,0,48.6821712075676,0,63.20054654847215
4328,0,0,0,40.39214557455915,0,63.784635534432
4329,1,0,1,46.41964009095911,1,59.36477184488379
4330,0,1,0,56.17607942555546,1,63.79738390932613
4331,1,1,1,43.85320153365655,1,62.83769718989807
4332,1,0,1,34.14442091303154,0,58.28216308953542
4333,1,1,1,51.71178395326217,1,63.07890499967653
4334,1,0,0,52.10427010587804,1,63.00524082727167
4335,1,1,0,39.85349527867348,1,61.86040999061002
4336,1,0,0,51.74682166910054,1,63.65872384999223
4337,1,1,0,55.9351352597746,1,63.39258951742649
4338,1,0,1,46.326445218876,0,59.84738144693274
4339,1,1,1,52.22143201873715,0,62.44004916234345
4340,0,1,0,40.66382704850348,0,59.91677339130116
4341,1,1,1,58.62711536001915,1,61.6914152717873
4342,0,1,1,47.64517451497385,0,61.0396219607029
4343,0,1,0,30.3026417886015,0,60.72149027316855
4344,1,1,1,43.95440682914396,0,58.39321555370216
4345,1,1,1,37.32185793987351,0,60.07966159052314
4346,1,0,0,65.0791614094675,1,65.61519290737549
4347,0,1,0,52.55597164779148,0,60.42812677767684
4348,0,1,1,46.77629856181793,0,61.95697651243108
4349,1,0,1,37.03722101601765,1,59.0051089715443
4350,1,1,1,25.64746259592292,1,60.0997555972884
4351,0,0,0,61.10390971631527,0,63.57526352951206
4352,0,0,0,60.5304422937199,0,63.82229093967064
4353,0,0,0,54.64256448375311,0,62.00190752472547
4354,1,0,1,50.82333008290723,1,63.06196491878335
4355,1,0,0,69.45349269263933,0,64.10451396793691
4356,1,0,1,59.34773191261395,1,65.23323427290956
4357,0,0,0,37.8271874055434,0,61.0649623007299
4358,1,1,0,64.43575637813726,0,65.72429463018351
4359,1,0,0,46.90054877883965,1,61.66750170985498
4360,0,0,1,52.55239318091143,0,62.77819070012711
4361,0,1,1,46.05517540822694,0,59.71789663741815
4362,1,1,0,62.2877397971715,1,63.32832878040237
4363,1,1,0,57.15503853808718,1,64.18982374614318
4364,0,1,1,59.56698322022574,0,62.80353585904009
4365,1,1,1,43.4422545860171,1,62.85337935466682
4366,1,0,0,35.4197503440701,0,65.12090064798554
4367,0,0,1,46.53653276819998,0,63.54477019376496
4368,1,0,1,42.9656104908908,0,58.54857725454025
4369,1,0,0,54.07121433831774,1,61.59677901115624
4370,0,0,0,49.73898383449966,1,60.92450873522732
4371,0,1,1,60.84984485731021,0,63.98811816360245
4372,0,0,1,33.84560799745125,0,58.13144873752518
4373,1,0,0,51.93284774987507,0,59.15153496094315
4374,0,1,0,63.17416503108635,1,65.05381152932689
4375,1,0,1,59.91984935326925,0,63.53847493326287
4376,1,1,0,75.1897956309098,1,65.4776836617059
4377,1,0,1,39.03827319936745,0,59.09418176729488
4378,0,1,0,36.68131480929284,0,61.62654937261082
4379,0,0,0,52.81066821938713,0,63.86869516379284
4380,0,1,0,67.41431059130028,1,65.89190708782097
4381,1,1,0,55.32586312670031,0,64.96778920386711
4382,1,1,0,48.39110044905718,0,63.49686764927257
4383,1,1,0,47.61377891176758,1,62.99355964224243
4384,1,0,0,28.74405451380165,1,62.5389853127166
4385,0,0,0,43.35021646639868,0,59.0460632819066
4386,0,0,0,52.45687314383928,0,61.31119132407265
4387,1,1,1,41.13615307139878,0,62.04843868768985
4388,0,0,1,43.91610558787792,0,60.85446133777015
4389,0,1,0,71.66545331313614,1,64.35913623052403
4390,1,0,1,46.28088471681455,1,65.16800466285989
4391,0,1,0,60.22973832672199,1,65.35649573763403
4392,1,0,1,48.71943007215947,1,63.73061945885997
4393,0,0,1,37.03084540948151,1,61.06559660573635
4394,0,0,1,48.61284541364881,0,58.93029344714565
4395,1,1,1,32.80373883343684,1,60.6670220588906
4396,1,1,0,47.80019440020565,1,64.22663966900318
4397,1,0,1,42.23661534771234,0,61.18716496603128
4398,1,1,1,43.52466281353281,1,58.57490631657005
4399,1,0,1,60.72764645891355,1,66.20114894107741
4400,1,0,1,41.49389762171712,1,61.86132102413269
4401,1,0,1,34.60161282134169,1,59.90198589907985
4402,1,0,1,26.02942223900283,1,59.34525952137199
4403,0,1,1,29.24684930737758,0,57.56290941945959
4404,1,0,1,38.07228342222318,0,55.94796015246584
4405,1,1,0,56.2505160152081,1,65.39844391314874
4406,0,1,0,48.05309587002525,0,61.93869456352903
4407,1,0,1,35.23470094220944,1,59.94577941574357
4408,0,1,1,56.20560398942754,0,62.51503333406553
4409,1,1,1,48.8931748093511,0,64.28970057324918
4410,1,0,1,60.48160202089195,1,63.69052463527345
4411,0,0,1,41.83497961269065,1,64.09877458488275
4412,1,1,0,35.93242653626924,0,60.50003249889643
4413,0,0,0,41.76818268221353,0,63.48792187323104
4414,1,0,0,41.08747765466194,1,57.62949318644144
4415,0,0,1,41.86674370427926,0,58.20311733624916
4416,0,1,0,60.48021491197812,0,64.12157960606264
4417,1,1,1,55.23393607236234,0,64.71838107911256
4418,1,0,1,38.88954649640824,1,60.09609073005282
4419,1,1,1,38.53662621640122,1,60.49786749725224
4420,0,1,0,39.38372498574049,1,61.60057394872377
4421,1,0,0,31.35090792337372,0,59.24445060352262
4422,1,1,1,41.60839347355927,1,63.32386696725113
4423,0,0,0,60.34649289986528,1,63.83683494550613
4424,0,1,1,45.33943675212781,0,57.37448488678598
4425,0,0,1,61.31029032943275,0,62.5480195258836
4426,1,0,0,51.59789064981007,0,62.52045493740159
4427,1,0,1,58.4188425951989,1,64.27423017092764
4428,1,1,1,23.99434412731217,1,57.13445476108041
4429,1,0,0,37.09914610478556,0,60.13374601158132
4430,1,0,1,43.00016493688665,1,61.3987761792836
4431,1,1,0,76.29402457926035,0,67.18745041417645
4432,0,1,0,55.57310786985036,0,64.21718330356673
4433,0,0,0,47.18580568974256,1,64.87532004398713
4434,0,0,1,64.74253239159599,0,64.50908219305151
4435,0,1,0,36.26350747983703,0,61.48797772183644
4436,0,0,1,49.34180893673809,0,59.69941545410619
4437,0,0,0,78.43960267002214,0,65.86243275130802
4438,0,1,1,42.31111888674823,0,59.48220157824749
4439,1,0,0,48.979245557048,0,65.27688555882895
4440,1,1,1,47.40447125000298,1,60.4304231061654
4441,0,1,1,43.11283313343179,0,62.50581456396091
4442,1,0,1,41.15330166136275,1,60.12377899409783
4443,0,1,1,40.3564117711415,0,63.0811133604512
4444,0,1,0,29.51591798036385,1,61.01898774785574
4445,1,0,0,35.53512763648907,0,57.70281654886524
4446,0,0,1,62.85239834837078,0,62.52378147106375
4447,0,1,1,50.95875926667151,0,60.18355147424644
4448,1,1,0,57.54728645244253,1,67.33780149477676
4449,0,0,1,38.36182222682672,0,60.28924947308109
4450,0,0,0,54.1413220506979,0,64.1982213801155
4451,1,0,1,50.41845933045848,1,61.85061853779724
4452,0,1,0,60.04754917058838,0,62.06001316755037
4453,1,0,1,54.09629147126724,1,60.78772682678507
4454,1,0,0,51.58358306837724,0,59.76741779898156
4455,1,0,1,41.92874612713148,1,61.14966293150253
4456,0,0,0,54.36218444552981,0,63.21864191836687
4457,1,1,0,52.29042462767314,1,65.87779694485161
4458,1,0,0,46.17419767708809,1,64.57820810247833
4459,0,0,0,65.09375916107575,1,63.24442802800368
4460,0,0,1,53.16182252189964,1,58.8950880609687
4461,1,0,1,42.76163447082544,1,61.27153538557879
4462,0,1,1,48.52434446931496,0,63.48506898426174
4463,0,1,1,58.77976501510345,0,60.72145979931153
4464,1,1,0,54.60394495327485,1,67.8595675166562
4465,0,1,0,52.96749839046039,0,63.56615298521772
4466,0,0,1,43.44289520842754,0,62.16969087737181
4467,0,0,0,60.37872413012396,0,60.88243250705083
4468,0,1,0,63.40007830886688,0,65.09163874419082
4469,0,0,1,39.14724885729824,0,55.33745161433239
4470,0,0,0,44.1732468371576,1,64.31826683345696
4471,0,1,1,50.32389252788616,0,62.45376621058553
4472,0,1,0,57.82672443731565,0,63.08736161957155
4473,1,1,1,44.24398319705401,0,58.14126835923934
4474,1,1,0,48.94506216416478,1,67.42931157150444
4475,0,0,1,45.96928465600294,0,60.08975239110857
4476,1,1,1,52.24987760579076,1,66.18003091999091
4477,0,0,1,40.8244735122824,0,60.45794450055425
4478,0,0,1,54.3280987060685,0,59.518184614556
4479,1,1,0,53.66746509892576,1,63.5782094944505
4480,0,1,0,50.29992930271124,0,62.30017214491376
4481,1,1,1,41.36011896669161,0,60.13563675806606
4482,0,1,0,48.14795538563714,1,62.18399721506164
4483,1,0,0,49.4146104071081,0,62.8394786855919
4484,1,0,1,49.97061874346178,1,61.46861913022947
4485,1,1,0,53.49056657560545,1,67.48576984864654
4486,0,0,0,57.41014759043121,0,62.36711520368682
4487,0,0,1,47.55891239230083,0,62.73394798132929
4488,0,1,0,73.28868591883231,1,65.36307032778375
4489,1,1,1,51.70568280427769,0,62.66653193534646
4490,1,0,1,61.65220321449812,1,63.57737569148939
4491,0,1,1,53.22837185488483,0,65.76182577223234
4492,1,1,0,66.03616806314923,1,70.47806408073968
4493,1,0,1,51.94837309626449,1,57.95802418044406
4494,1,0,1,50.31196234389787,1,62.47805844211778
4495,1,0,1,38.4214286232301,0,56.98975999890774
4496,0,1,0,40.94845292979971,0,62.81047758675324
4497,1,0,1,32.69092003008689,0,57.33051784305446
4498,0,0,1,37.17541291438513,0,60.68859219653135
4499,0,1,1,32.49498274885118,0,60.73961970556626
4500,0,0,0,69.63278073482303,1,62.45806389666771
4501,1,0,1,60.0453700127205,1,63.00554049917235
4502,0,1,1,30.77564725154079,1,58.81839742389508
4503,0,0,1,43.19416697156414,0,57.86766912983689
4504,1,1,0,28.82531004610676,1,60.9756161015128
4505,1,0,0,37.27902441405386,1,60.43631151331208
4506,0,0,0,43.20951859587582,0,59.54706524613455
4507,1,1,0,60.75893013476392,1,67.8001151848275
4508,1,1,0,51.73355707237376,1,65.24902424561489
4509,0,1,1,47.23563858112297,0,57.91884245523723
4510,1,1,1,50.19863101884714,1,63.13461383936569
4511,0,0,1,40.58815839996995,0,61.52232639435408
4512,0,1,1,32.88659507421127,0,59.31991425006051
4513,0,0,1,36.90718355266793,0,60.65957764152618
4514,1,1,1,52.84304067223052,0,62.7052662581541
4515,0,1,1,41.47874224378535,0,55.51399377913231
4516,1,1,0,31.7036163837637,1,59.71347368994213
4517,0,1,0,46.29557770501474,0,63.95184041435197
4518,1,0,1,48.81672200258841,1,66.28924678653587
4519,0,0,1,35.0944255904154,0,62.72822963843799
4520,1,1,0,65.2801016583642,0,66.3187482872229
4521,0,0,1,51.81907955176517,0,59.41020311045275
4522,0,0,1,52.92265156899187,0,60.74316885387701
4523,1,1,1,45.42650285560956,1,64.38519800136956
4524,1,0,0,51.62516125549811,1,62.06433756343895
4525,1,1,1,52.49858751969415,0,60.12867871894601
4526,0,1,0,41.67929185231024,0,62.17073497413595
4527,1,1,0,53.06803094479249,1,64.11907227418683
4528,0,0,0,62.27513995511806,1,65.11456200832004
4529,1,0,0,51.31651182377732,1,62.05458433478785
4530,1,0,1,41.81724596623992,0,64.50544815366797
4531,0,0,1,50.87352047484461,0,59.24518233429594
4532,0,0,1,50.89274183209197,0,61.81627989014721
4533,1,1,1,39.20772407844763,1,64.78184464384526
4534,1,0,0,40.63392549830586,0,61.30845605464486
4535,0,0,0,38.5218343368736,0,64.14638011639802
4536,0,0,0,41.29642590911787,0,61.04661158574575
4537,1,1,1,38.79305539370455,1,60.57278376279231
4538,0,1,1,50.92683986608725,1,61.52106912418127
4539,0,0,0,53.30185643066913,0,62.52471335223343
4540,1,0,0,53.5491810756786,1,61.58125562751959
4541,1,0,1,44.57982267233313,1,64.57193708930502
4542,0,0,0,52.98172628741469,0,66.59960009272596
4543,0,1,0,53.78945575432888,0,62.93124041683487
4544,0,0,0,39.44911324603927,0,59.36360085306415
4545,0,0,1,59.16265986910079,0,62.43299128213918
4546,1,1,0,56.31238762174413,1,64.06350620629792
4547,1,1,1,47.3831128989337,1,62.19317250730269
4548,1,0,0,53.04329533977398,1,62.18735588714595
4549,1,1,1,38.57698153417784,1,62.15781547210446
4550,1,0,1,42.0979052935387,1,57.91345968685022
4551,0,0,1,41.53409687179195,0,61.47821048965558
4552,1,0,1,34.33383238649034,1,60.45523468798002
4553,1,0,1,31.3116394625061,1,62.59946516431351
4554,0,1,1,40.53940365172058,0,59.52542697953155
4555,1,1,1,56.72611080021167,0,65.00624943756782
4556,0,1,1,50.16876217107039,1,65.40338981714693
4557,0,1,1,27.54864460639479,0,58.32797148716394
4558,0,0,1,49.92334170257641,0,59.87968545169322
4559,1,1,0,43.82135380155938,0,59.72084415393724
4560,0,0,0,59.35836782362914,0,63.01124929904643
4561,0,1,0,50.75877007762804,0,61.3892398058552
4562,0,1,1,53.22132728657758,0,64.68045915671789
4563,0,1,1,44.91065995756975,0,62.15038131687198
4564,1,1,1,50.44420703715016,1,63.61570525595963
4565,1,0,1,42.36453158718091,1,61.75306566195789
4566,0,1,1,36.98953198382188,1,60.60459592861883
4567,1,0,1,49.60480491114139,0,62.09684342488814
4568,0,0,0,55.68721546525876,0,62.91726399070521
4569,1,0,1,54.74106693321836,1,65.00310983211349
4570,0,0,0,47.95961903530818,1,62.5021053728159
4571,1,1,0,43.35383468956198,0,59.57588345995269
4572,0,0,1,37.82486636664241,0,55.4301383672756
4573,1,0,0,43.28909571206691,1,62.34838994895448
4574,0,1,0,51.59034631188794,1,63.5838774673586
4575,1,1,0,39.09991587696697,1,61.9244396873432
4576,1,0,0,48.87167665626572,1,61.3950934147204
4577,1,1,1,36.85407800808404,1,61.41653453140201
4578,0,1,0,42.94245169307435,0,63.70900774859631
4579,0,1,0,45.37847416851462,1,63.152939779503
4580,1,0,1,47.9125537068895,1,61.34486879775012
4581,1,0,0,51.84810492460025,1,61.61840549353966
4582,0,1,0,27.43481807088354,0,62.72300666628117
4583,0,1,1,34.01347628906727,1,58.88115969221615
4584,1,1,0,57.19635536030454,1,64.28636393836456
4585,0,1,1,46.08873941490763,0,60.9503571820084
4586,1,1,1,35.92240864096446,1,62.22619750846395
4587,0,0,1,45.47638430765794,0,62.51015767432462
4588,1,1,0,47.90953638762588,0,61.84718476355806
4589,0,1,0,39.27842725111692,0,60.95269002401458
4590,1,1,1,70.88364401904333,1,66.39040440608655
4591,1,1,0,63.17370512207263,1,64.78763021390462
4592,0,1,1,46.87105535840942,0,62.7310351502412
4593,1,0,1,47.38220055911358,1,57.62645886162621
4594,0,0,0,62.64816801132355,0,63.07103673239462
4595,0,0,1,40.24612043442424,0,58.57760144724703
4596,1,1,0,36.61888328846773,1,64.86142610303656
4597,0,0,0,55.43815220875481,0,61.02643520836511
4598,0,0,1,45.91975231236599,0,63.27626034270935
4599,1,1,0,31.10078948478881,1,60.97768636267624
4600,1,0,1,62.39491834827143,1,63.48056043802045
4601,0,0,0,54.37824137240205,1,66.99498251659598
4602,1,1,1,40.07366335741106,1,64.51564557450514
4603,0,0,0,65.36272203123544,0,60.77001259439637
4604,0,1,0,46.33821338397532,1,63.28086374370799
4605,0,0,1,27.06877309006896,0,58.23513029020799
4606,0,1,0,41.16371531511371,0,62.66271405188866
4607,1,1,1,36.33304860734768,1,62.34558216598113
4608,0,1,0,50.25795398039422,0,61.96857739036699
4609,1,0,1,20.93262557585556,1,58.10649310325491
4610,0,1,1,51.00170036452241,0,61.73045051334436
4611,0,1,0,43.67534163235572,1,61.56600155244655
4612,0,0,1,52.62593631766593,0,60.3415155768278
4613,0,1,1,56.48422017129729,0,61.01232534379238
4614,1,1,0,39.80064850704063,1,61.4936949433345
4615,1,0,0,48.73607027958557,0,64.26018489210192
4616,1,1,0,38.61940975192839,1,61.12049181873898
4617,0,0,0,60.41316018850804,0,64.36210016445047
4618,0,0,0,58.72844417971272,0,65.86707334625909
4619,0,1,1,44.66170478363931,0,63.44140387466349
4620,0,0,0,48.05734196042881,0,62.48837768395175
4621,0,1,0,70.70540891679285,0,68.04958106206394
4622,1,0,1,29.13488990771491,1,64.44459832619151
4623,1,1,1,53.69301933342611,1,62.58327213228661
4624,1,1,0,46.9199460605204,0,60.42339221134739
4625,0,1,1,66.0313404688159,1,63.48494354838626
4626,0,1,0,49.65361280384675,0,62.30319577558401
4627,1,1,1,37.07115871460257,1,62.709521102563
4628,0,0,1,60.23860796006714,0,64.01784941384726
4629,0,0,0,55.8639674303398,0,66.84528371202632
4630,0,0,0,46.16800967944087,1,61.12460442562755
4631,0,1,0,71.05560151704989,0,65.24132798397753
4632,1,0,1,40.24559502308063,1,62.3868866459236
4633,0,0,1,49.96380173523486,0,60.02390516634546
4634,0,1,0,55.28243242523191,0,60.52519697096778
4635,0,0,0,50.30538858551579,0,63.01416162771472
4636,0,0,0,45.92730139674843,0,61.89654657531907
4637,0,0,1,54.97913459527345,0,63.07534665873834
4638,1,1,1,33.97168243568784,1,58.45026995675491
4639,0,1,0,53.55162007499879,1,62.94732276686092
4640,0,0,1,60.3758189237581,0,63.99391636848193
4641,0,0,0,46.10514580166076,1,62.45003376653298
4642,1,1,0,29.91647775839649,1,61.73447660043051
4643,1,0,1,51.23925596835571,1,62.36703951025194
4644,0,0,0,43.9973136641668,0,63.12005287431298
4645,1,0,1,64.16465228668659,0,64.88683333188327
4646,0,1,1,42.85495999841859,0,62.78431201192652
4647,0,1,0,51.53195137191006,1,60.02148948215669
4648,0,1,0,53.57912702267134,0,65.51202881071714
4649,1,1,1,46.73915344095726,0,60.78663274110662
4650,0,1,0,59.11468073256156,1,65.99611589562134
4651,0,0,1,55.44070757530737,1,64.0196666391391
4652,0,0,0,59.45971012535429,0,66.72822962377137
4653,1,0,0,52.22746538097555,1,62.74487349357917
4654,1,0,1,35.15185785147943,1,61.2971822378065
4655,1,1,0,47.72022960264194,1,61.81949502322676
4656,0,0,1,46.23617282658303,0,59.84312502366356
4657,0,1,1,42.79199080496245,0,59.7782663734204
4658,0,1,1,59.7287190219436,0,64.43964132156202
4659,0,1,0,41.49938730286566,1,60.9678213404271
4660,0,0,0,55.15608985627598,0,65.11616962617249
4661,0,0,1,50.62352608231925,0,59.84856547296184
4662,1,0,0,45.51829204641403,1,64.09896965265254
4663,0,0,0,60.26620312983628,1,64.67677518275637
4664,0,0,1,49.84074741179811,1,62.38374796273928
4665,0,0,0,48.4000589216442,0,60.81192435116939
4666,1,1,1,53.76432315362825,1,62.12111847972689
4667,1,1,1,61.77280534211961,1,65.04936933849663
4668,0,0,1,58.9450523983778,0,62.97478994940217
4669,1,0,1,53.85971953384183,1,58.97382056814596
4670,1,0,1,38.58402205427957,0,59.19067832336428
4671,0,0,0,46.87728603225661,0,59.31957659777402
4672,1,0,1,62.60792756432637,1,62.64918255812232
4673,0,0,1,34.95012140001401,0,59.37104231452567
4674,1,1,0,49.35380082479732,1,62.0575624758075
4675,0,1,0,39.50588692430164,0,62.25549099104586
4676,0,1,0,46.26845620324902,0,62.07396182776434
4677,0,1,1,39.86867624022045,0,62.46193049016026
4678,1,0,0,49.65276850458962,1,59.51294579749046
4679,0,0,0,56.50867778691414,0,64.92737998623726
4680,0,1,1,34.73922640399071,0,61.29209624266922
4681,1,0,0,60.7666829603106,1,66.10384601538172
4682,1,1,0,74.18035770338102,0,64.80846252526905
4683,1,1,0,54.71823743735231,1,67.14303847669839
4684,1,1,1,56.66438878558319,1,63.06222239388625
4685,1,1,0,52.2653701794795,0,64.44654163409422
4686,0,1,0,69.93190748518262,0,64.84695674273222
4687,0,1,1,24.36617877279799,1,56.65277366294163
4688,1,1,0,63.60520523173408,1,64.75734545521922
4689,1,1,0,38.94923355471847,1,61.2973669835729
4690,0,1,1,45.41173974235088,0,62.60940418395202
4691,1,0,1,42.01684295970718,0,57.23756965574531
4692,1,1,0,33.715982117316,1,61.4077779879018
4693,1,1,1,47.3024661299873,1,63.77867538001638
4694,1,1,1,40.7212860134812,1,62.19718840703957
4695,0,1,0,44.45924294235755,0,63.54300702472165
4696,1,1,1,37.77863782779598,1,60.65609023478964
4697,0,1,0,44.83953968361352,1,63.93393594546684
4698,1,1,0,54.89962361369551,1,67.18688221970419
4699,1,1,0,58.94040302257992,0,65.5285728113942
4700,0,1,1,62.56063151510232,0,63.87570165314533
4701,0,0,0,41.57029202974688,0,59.18043367494009
4702,1,1,1,64.37969620501934,0,63.67699991869367
4703,1,1,0,42.08084938403166,0,62.12999795299337
4704,0,1,1,49.34858309519419,0,58.86113904571198
4705,0,0,1,43.38248613520742,0,56.88135375311918
4706,0,0,0,42.15349557012968,0,59.37635995328762
4707,1,0,1,43.17174941604394,1,62.87707786359562
4708,0,1,0,44.09645320404972,0,63.87129253182211
4709,1,0,0,47.91385468683294,0,60.63338395395615
4710,1,0,0,49.22935661742127,1,65.88211696607937
4711,0,0,1,26.09908796215177,0,56.62794366913096
4712,1,1,1,35.32686706254704,1,60.40242684087021
4713,1,1,0,44.22890971084357,0,63.49496408563832
4714,0,1,1,41.02998767492195,0,59.50944215752914
4715,1,0,1,49.97025254739883,1,62.59538649761807
4716,0,0,0,53.42873813179087,0,60.38012889102929
4717,1,0,0,50.5855781264028,0,62.65574584429807
4718,1,0,1,48.73399383002046,1,63.80053420896736
4719,1,0,0,26.7374511295869,1,62.12201438850757
4720,1,0,1,62.45720835860723,1,63.08306120751852
4721,1,1,1,59.43192482478251,1,65.5426460954845
4722,0,1,0,51.41491737467658,0,63.32484883640982
4723,1,0,0,56.47891771101768,1,61.72636264151659
4724,1,0,0,56.75452205360754,1,65.44766601088018
4725,0,0,1,61.53311204780587,0,61.53481502918105
4726,0,0,1,51.29466915706997,0,62.85677611232855
4727,1,0,0,53.71382807055516,1,60.62247438481419
4728,1,1,0,52.02303126632757,1,63.89002013023401
4729,1,0,0,40.88168865808549,1,60.13074287811107
4730,0,0,0,49.39691321448778,1,61.7734932977549
4731,0,1,1,60.81598490942153,0,61.02197027857581
4732,1,1,1,53.49900308113143,1,60.3367334789754
4733,1,1,0,43.52124055271812,1,61.94874400352295
4734,0,1,0,84.26647439788542,0,67.792433924196
4735,1,1,0,65.16425931560754,0,66.93486221237299
4736,1,1,1,56.99298452001453,0,60.85659043076675
4737,1,1,0,46.65594257913511,1,65.67705680996113
4738,1,0,1,29.86186133248297,1,59.25555376935812
4739,1,1,0,43.85274088237047,1,61.70569540779536
4740,1,1,1,32.28996659468773,1,60.26359459181232
4741,1,1,0,49.18209247504399,0,60.26943212742207
4742,1,1,1,55.94669368108807,1,63.62608117371757
4743,0,1,0,43.95990862427087,0,61.32930142773058
4744,1,1,1,63.93367102457984,1,63.24729028803843
4745,1,0,0,25.20111624778092,0,60.37498321550677
4746,1,0,0,43.77793335361286,0,61.19920994202713
4747,0,1,1,45.12015175204132,0,62.34884612295409
4748,0,1,1,55.9582336232337,0,62.71417304540276
4749,1,1,0,35.87961949575256,0,59.53035787322727
4750,1,1,0,56.06220708275916,0,65.07406272865725
4751,1,1,0,52.82878253902464,1,63.8922289536875
4752,0,0,1,64.37961303570312,0,63.10419676156371
4753,1,0,1,50.05488616164006,0,62.34750455937794
4754,0,1,1,46.96110210437492,0,60.72796854652904
4755,0,1,1,37.1823009416824,1,62.8537111149966
4756,0,1,0,34.04292996354091,0,62.37062068786813
4757,0,0,1,48.63415145254652,0,65.11138533376472
4758,0,1,0,54.62041175355672,0,60.15652065551276
4759,1,1,1,48.54514994070846,1,61.86446581501756
4760,0,1,1,59.93320733690847,0,61.22841004022913
4761,0,0,0,63.61954749132367,1,62.00116231307215
4762,0,0,1,54.07772665770344,0,60.38505458903286
4763,0,0,1,29.55237301250519,0,59.4723905589543
4764,0,1,1,46.56653635014423,0,61.27287634803168
4765,1,1,0,52.26332501778938,1,61.19155974637209
4766,1,1,0,62.72177006652902,0,62.50980614036204
4767,1,1,1,41.161811421287,0,62.88876138503594
4768,0,1,1,52.95341071140376,0,61.3369356612931
4769,0,0,1,37.68587938898953,0,56.31958503408751
4770,1,1,1,52.78919827607366,1,65.17543737732312
4771,0,0,0,58.2654058161758,1,67.57682085991632
4772,1,0,1,53.04170280337564,1,62.23353270671625
4773,1,0,0,50.21553164213385,1,68.14853402856168
4774,1,0,1,37.59089476073307,1,60.45455710519813
4775,0,0,0,48.18499380156108,0,62.27998093530267
4776,0,0,0,31.46507213095795,0,60.84715066838238
4777,0,1,1,46.31231462682887,0,60.84341760487625
4778,1,1,0,52.88729415106237,1,62.0453533099509
4779,0,1,0,36.47053270029831,0,61.37602930942624
4780,0,0,0,64.11480583435656,1,65.55661549049474
4781,0,1,1,54.16555213967142,0,58.02162381961474
4782,0,0,1,51.37464722082402,1,58.42916051117406
4783,1,0,0,37.18258513025565,1,63.91659234628691
4784,1,0,0,48.60872511815341,1,67.61911472154627
4785,1,0,1,45.20291228256998,1,62.04529939264432
4786,0,0,1,48.29755521759643,1,62.4403991845449
4787,0,1,0,68.35967264457489,0,68.26443154310817
4788,1,1,1,49.63591911837498,0,60.26692647684362
4789,1,1,0,57.83924523594194,1,64.76750522688354
4790,1,1,0,46.7624480071444,1,68.44593778464279
4791,1,0,0,51.15222430818177,0,60.26545095746072
4792,0,1,0,41.49303879166893,0,59.14159601234127
4793,1,1,0,69.7361678530598,1,66.69416234950911
4794,1,1,1,43.62027035809861,0,60.81268581773587
4795,1,1,1,50.26712963331691,1,62.55324383492921
4796,1,0,0,68.44676007828535,1,65.62224928283594
4797,0,0,1,30.70397234474402,0,58.96743472516334
4798,1,1,1,50.62815583749391,1,63.63319190447977
4799,0,0,1,44.31321222062195,0,61.21047691756876
4800,1,1,1,49.95243072010034,1,62.60790187607365
4801,1,0,0,60.87059272235605,1,63.95550719745128
4802,1,0,1,52.30823105958755,1,64.33601286114161
4803,1,1,1,56.92763083149165,1,65.20607137348343
4804,0,0,1,43.26710307548024,0,60.36976506942096
4805,1,0,1,44.56961229044647,0,59.46597445519725
4806,1,1,0,37.21400826406511,0,60.44768536795608
4807,1,0,0,50.21485956644153,1,59.93200336230561
4808,1,1,1,52.21910048172329,1,62.20273294347999
4809,1,0,1,31.95114320050996,1,59.19218809615584
4810,0,1,0,57.58505519520355,0,59.34785177889109
4811,0,0,0,42.60325463443368,0,57.39242935393761
4812,0,0,1,48.06890064080346,0,63.0688514236018
4813,1,1,1,55.35958629441564,1,62.37986430298471
4814,0,1,1,30.6456202379633,0,56.66159995733182
4815,0,1,1,48.13950726923292,0,64.59057336527967
4816,1,1,0,56.81987002740088,1,61.45832355479669
4817,1,1,1,42.96605934112872,1,61.42161756384584
4818,1,1,0,64.47197287102563,0,64.38099638956471
4819,1,0,0,50.57334105817531,0,59.48265545597786
4820,1,0,0,58.64631239014087,1,64.71946429377199
4821,1,0,1,45.47400727588276,0,58.62046375767994
4822,0,1,1,68.71568281980035,0,63.11974827945327
4823,1,0,1,38.76237625678706,1,59.09823538384919
4824,0,1,1,66.32955328919613,0,65.62148809512688
4825,0,0,1,52.06086068588264,0,64.63110225483484
4826,0,1,0,54.86888608123679,1,62.63986104744164
4827,0,0,1,41.68677850314381,0,61.22612421557929
4828,0,1,0,54.98319243895003,1,65.56873620968832
4829,1,0,1,45.50128592184493,1,58.55073342631115
4830,0,1,1,41.82248480382262,0,57.3925331986279
4831,1,1,0,48.04416011327582,1,64.52789664051845
4832,1,1,1,63.55571423308389,1,64.44483036127329
4833,0,1,0,35.53878018139653,0,59.18482593766793
4834,0,1,1,46.5736917289839,0,63.28898381326062
4835,1,1,0,39.97361544155978,1,62.78212615487537
4836,1,1,0,50.97663797318788,0,64.71395810466926
4837,1,0,0,65.95389278765447,0,61.74174622422522
4838,0,0,1,39.1169139584464,0,59.09449316298483
4839,0,0,0,62.99021426961652,0,62.78800876012109
4840,0,0,1,46.33376320697408,0,57.59697665314396
4841,0,0,0,46.72414701257043,0,62.26213649671132
4842,1,0,1,28.60166621899518,0,59.08288036889778
4843,0,0,1,44.54311535893262,1,61.51987984964504
4844,0,0,1,50.52092718501989,1,61.59168573499429
4845,1,0,1,34.53028968385121,1,61.22098649237542
4846,1,1,1,56.41797224761682,0,61.36998556712965
4847,0,0,0,32.75591327594721,0,59.77596111361039
4848,1,1,0,51.77987333024924,1,62.97495357992452
4849,1,0,0,29.24683403478431,0,56.5509165471759
4850,0,0,0,49.5649351660376,1,61.14157713896599
4851,0,0,1,48.80806814368943,0,55.28199783122814
4852,1,0,0,60.55021220645811,1,65.7751605488418
4853,1,1,0,34.50467799654002,1,60.96746367814681
4854,0,0,1,56.58793820313726,0,63.75834222750611
4855,1,1,1,27.53906578698028,0,62.83669416982359
4856,1,1,0,58.92369293828168,1,63.52459711033892
4857,1,1,1,37.4706725403173,1,60.51926766546303
4858,1,1,0,59.78579381061835,1,67.816517270541
4859,1,1,1,45.43254036950024,1,61.68686710643894
4860,0,1,0,54.77794780656595,0,62.59289034591826
4861,0,0,1,45.70459902887724,0,58.08383269280643
4862,0,1,1,48.4481705203158,1,59.01687655683055
4863,0,0,0,49.02078199107491,0,63.47099782727396
4864,1,1,1,60.14798662571119,0,62.82264878764627
4865,1,0,0,51.63132914044801,1,63.4696112466936
4866,0,1,1,39.97422006378262,0,60.13919451490167
4867,1,0,1,68.55012422738045,1,63.59756117808028
4868,0,1,0,41.37706481775012,0,61.47607826770274
4869,0,0,0,76.05489815649128,0,69.21871312240106
4870,0,1,1,34.81547381302914,0,61.12212929930875
4871,0,1,1,46.16484507108895,0,60.95085521826612
4872,1,1,1,46.72776993539884,1,62.76995706049663
4873,1,1,1,47.30065328493679,1,63.77501852829887
4874,0,1,1,43.48844978248648,0,59.9446149137544
4875,0,0,0,44.99919073697021,0,57.16136922258678
4876,1,0,0,66.78381353976214,1,63.68868611752966
4877,0,0,0,55.8849749302338,0,64.63510698862562
4878,0,0,1,57.45466982539109,0,62.84933308971402
4879,1,1,1,53.75825044348175,1,66.047114148232
4880,1,0,0,39.53505361633286,1,63.31568865490102
4881,0,1,0,52.81061706844332,0,61.30997321420799
4882,1,0,1,34.06262287878717,0,62.65931119522745
4883,0,1,0,49.57255512341603,0,62.13515769460459
4884,1,0,1,48.31994997542697,1,63.29676321445685
4885,1,0,1,48.78663957749725,1,65.00882950445147
4886,1,0,0,54.08381435953932,0,61.32331534572649
4887,0,0,0,61.10964937000815,0,66.25787710805115
4888,1,0,0,40.02993278619468,1,61.53284551610886
4889,0,0,1,38.42072771137599,0,61.82574753752115
4890,0,1,1,60.24846491046257,0,64.57223492126221
4891,0,0,1,65.79327567995485,0,68.02735332293743
4892,0,1,0,60.45931186984303,1,66.39473974528545
4893,0,1,0,39.12638173745461,0,62.60600651646951
4894,1,1,1,41.50854009149081,0,57.89669986624882
4895,1,0,1,46.36848860429262,1,61.73660132253359
4896,0,1,1,29.77487553225151,0,60.50344927473165
4897,1,0,1,44.83626932916181,1,62.77185184747028
4898,0,1,0,73.6860367349832,0,63.14981967625177
4899,1,1,1,54.70857896724761,0,65.07244068200745
4900,1,1,1,46.72765066505519,1,60.62992099246208
4901,1,1,0,50.68241067501367,1,64.2331534979875
4902,0,1,0,37.86936460034867,1,60.12996642872665
4903,0,1,0,63.78915880847218,0,63.53930079799002
4904,0,0,0,49.07124206722625,0,62.26817333814201
4905,1,0,0,78.54911958612911,1,64.17109366987876
4906,1,0,0,48.79194183279736,0,60.65103461981627
4907,1,1,0,49.71741561740123,1,62.99154027161759
4908,1,0,0,47.78680090371944,1,63.86129300380718
4909,0,1,1,37.60923208455647,0,62.3790710302499
4910,0,0,0,38.20932696698892,0,61.61887713857033
4911,1,1,0,34.08116867040258,1,63.01003018703189
4912,1,1,1,38.54973491861517,1,60.15349484913918
4913,1,1,1,50.18897614780285,0,62.62738685054691
4914,0,0,0,53.0297268821443,0,65.12491262514121
4915,1,0,0,33.32721484503536,1,60.97782007793136
4916,1,1,1,53.99211125852057,1,66.09746856986331
4917,0,1,1,30.23938222128064,0,59.6658633988373
4918,1,1,0,38.41220499379087,1,61.85291346264628
4919,1,1,1,41.14541624927484,1,62.91231287542338
4920,0,1,0,57.94612913238809,1,65.71903874279262
4921,1,0,1,41.15528124813964,1,56.14955387795883
4922,0,1,1,37.54895546212173,0,60.43299196295466
4923,0,1,0,65.22474252861635,0,69.44074345473835
4924,0,0,0,34.77586555868776,0,61.46717649151338
4925,0,1,1,66.69146964572701,0,65.76192507744534
4926,0,1,0,67.56233791347904,0,66.96720270621525
4927,1,0,1,37.255272180516,0,61.84763335188232
4928,0,0,1,38.0681690462237,0,58.01051898191648
4929,0,1,0,54.72148698058029,1,63.30886911054117
4930,1,1,0,41.43216871358344,1,61.84978080963339
4931,1,1,0,56.48270167933329,1,64.80933534763201
4932,1,0,0,44.52856400134209,0,60.7299393136362
4933,1,0,1,55.85480663565832,1,64.94735346359326
4934,0,0,0,55.07506340340839,0,62.05954177606413
4935,1,0,0,44.024573963514,1,62.68722104980408
4936,1,0,1,54.21837877278111,0,61.5769989038611
4937,0,1,1,69.56751523193769,0,64.1443672930284
4938,1,1,0,62.20453387159402,1,66.78917680236228
4939,0,1,0,59.77826283086956,1,69.23486502370146
4940,1,0,1,54.00144239229854,1,62.93060095186609
4941,0,0,0,74.60226728400279,0,68.25335916116335
4942,1,1,1,55.30746068752394,1,65.05741570258706
4943,0,1,0,40.89736999234484,0,64.41202361822711
4944,0,0,0,63.94727615554127,0,66.00214285854214
4945,1,0,0,45.36324804234663,1,60.89846669362417
4946,1,0,0,62.82936533359443,1,63.31259808156278
4947,0,0,1,35.62774676867691,1,59.90892779356075
4948,1,0,0,60.7669813873332,0,65.246794539674
4949,1,1,1,62.20454328902265,0,60.43517940411802
4950,0,0,0,43.27476255810956,0,64.84541350213681
4951,1,0,0,31.2842272617285,1,61.69140115191266
4952,0,0,0,41.9647603378634,1,64.06742249872403
4953,1,0,1,66.89842828811251,0,65.40615596445105
4954,0,1,1,50.69442678569757,0,59.79464508886038
4955,1,1,1,53.07627422387935,0,65.64622924854557
4956,1,1,0,59.80983897094249,1,66.4699729188787
4957,1,0,1,66.77286996677928,1,64.95773842297073
4958,1,0,1,26.68669382589054,1,58.30701619966597
4959,0,0,1,38.8197226826497,0,60.49702313915551
4960,1,0,1,41.34130511526172,0,58.40966554443953
4961,0,1,0,55.52081274298936,0,69.08935761384566
4962,0,1,0,63.91941721075382,0,63.50166996664604
4963,1,1,0,37.62218601677846,1,65.42452811841427
4964,0,1,0,44.20774328925769,0,61.17479493466767
4965,1,1,0,50.91197345639042,0,61.14285062572917
4966,1,0,1,43.2033167187955,1,58.44403771473554
4967,1,1,1,47.89550183163281,1,60.33770153257978
4968,0,1,1,52.04446018437979,0,61.61774205726739
4969,1,0,1,53.22256801382015,1,66.48145124768708
4970,0,1,1,51.9184002604739,0,61.82765314258155
4971,0,1,1,40.58290859113595,0,61.85005947235106
4972,0,0,0,46.58984491186258,1,64.11203434882032
4973,1,1,1,47.85894331515595,1,60.88584963253858
4974,1,1,0,54.41607820495879,0,64.22030375985646
4975,1,1,0,58.32900519504179,1,64.25584800878359
4976,0,0,0,47.1481154776717,0,61.70793400863093
4977,0,0,0,48.02968434610004,1,60.36287606855298
4978,1,0,1,20.95562773996365,1,57.96947894290303
4979,0,0,0,51.04757606280518,0,64.59172676581393
4980,0,1,0,47.95000292587534,0,64.02421760470443
4981,1,0,1,64.24780942882657,1,68.38297502824528
4982,0,0,1,40.33752053672359,0,60.28294116866149
4983,1,0,1,31.39493576062294,0,56.41204293168611
4984,1,0,1,61.19396035366053,1,62.11782143445819
4985,0,1,0,56.54142709251996,1,65.34823481751677
4986,0,1,1,41.04200711906972,0,61.7253238158495
4987,1,0,1,45.03922146535561,1,64.04044301175784
4988,1,1,1,58.3068867832792,1,59.91838710132622
4989,1,1,1,43.31275707676456,1,61.62624456281059
4990,0,0,1,44.08131557176483,0,59.62580577555675
4991,0,1,0,50.64716917155545,1,62.94766744325391
4992,0,0,0,36.72092518085712,0,60.28348638809936
4993,1,0,0,71.88838385982609,1,67.80593745740886
4994,1,0,1,40.58022989475393,0,60.09919099578158
4995,0,0,1,46.77918745083195,0,61.07458692521034
4996,0,0,1,50.37004078260819,0,62.39596733668652
4997,0,1,1,54.35424700410215,1,63.45216052655352
4998,0,1,0,64.13370717185276,1,69.37377117275095
4999,0,1,1,39.710227888291,0,59.2417865569502
5000,1,0,1,32.26488239490551,1,60.70988011402682
5001,1,1,0,62.21578627855688,1,60.6849816037652
5002,1,0,0,46.33425818261881,0,62.22827246005308
5003,0,1,1,39.58274549083549,0,59.92708757270775
5004,0,0,1,45.2361220030303,1,61.63291047070924
5005,0,1,0,44.27220825379818,0,62.88547107928562
5006,1,1,0,44.71100471816451,1,62.82863532457539
5007,0,1,0,47.28448278502022,1,60.09426179563909
5008,1,0,1,52.40132125305909,1,60.95134412053159
5009,0,1,1,38.71150471548585,0,61.22031259889906
5010,0,0,1,40.38569264111771,0,58.28526616395244
5011,0,1,1,50.09454385588697,1,61.36447649456163
5012,1,1,0,61.2271721030368,1,64.78765575807499
5013,0,1,0,48.55576284287125,0,62.09091857427321
5014,1,0,0,55.6858983471629,1,64.17189671661961
5015,1,1,1,52.3335577350621,0,63.27992943789899
5016,1,0,1,60.51598049755567,0,61.45688207187438
5017,0,0,1,30.08805504020003,0,60.01598951434364
5018,1,0,1,29.84957658246617,1,60.3964602261952
5019,0,0,0,59.53338889382945,0,63.66306165791143
5020,0,1,1,40.87905830077943,1,56.92082200782797
5021,1,0,0,46.83189053725772,1,63.92463672109255
5022,1,1,1,38.54638051467006,0,58.54461132126538
5023,1,0,0,54.1637219263106,0,64.77564073310167
5024,1,1,1,40.27050061178119,1,59.0463905716392
5025,0,0,0,63.76716576704723,1,66.5684466467156
5026,0,0,0,45.67633369849583,0,58.7195166038946
5027,1,0,0,40.21994302402643,1,64.53850578326234
5028,0,0,0,57.47768372409953,0,64.65011834021006
5029,1,1,0,52.18749486200294,0,64.19910920159268
5030,0,0,0,47.23131888735398,0,64.147150924473
5031,0,0,0,53.15040469767617,0,62.53259835886907
5032,1,1,1,48.45862077514131,1,63.83156333611776
5033,1,0,0,29.07236257310488,1,60.75135511561557
5034,1,1,0,63.41654318856575,1,67.54756592014138
5035,0,1,1,48.64316417248512,0,60.30676505618796
5036,1,0,0,56.81657295377549,1,65.04387458551929
5037,0,1,1,45.74575797910565,0,60.02924725493629
5038,1,0,0,60.91249237336938,0,62.58587599599952
5039,0,0,0,52.5453792142679,0,58.90643663212169
5040,0,1,0,41.72130443585195,0,60.84425224870514
5041,0,0,1,32.67247005331408,0,60.05252338003825
5042,1,0,0,58.89478508293112,1,63.42355884489389
5043,0,0,1,43.28434254797814,0,59.70412383472318
5044,0,1,0,57.6874701434086,0,65.34636176362788
5045,0,0,0,38.32739119154066,1,57.58460812838856
5046,1,0,1,48.4043601323577,1,61.58254813729882
5047,1,0,1,37.47489418027467,1,62.85069454977215
5048,1,0,0,49.74202153736891,0,65.5651894080234
5049,1,0,0,52.9954258263889,1,65.60296594249266
5050,0,0,0,41.76319779635282,0,61.66686550881589
5051,0,1,0,66.78375345370507,0,66.66788699747279
5052,0,0,1,48.99896106446975,0,62.66888514529246
5053,1,0,1,58.19232885879029,0,65.25516500828262
5054,1,1,1,47.93207495195857,0,58.26356449738497
5055,0,1,0,61.75434753298561,0,63.73061080276253
5056,1,1,0,30.52608274312165,0,58.84911281139301
5057,0,1,0,51.51153847859543,0,64.75000209607245
5058,0,1,0,52.71108583776475,0,65.25987481370032
5059,1,0,1,47.96002140271277,1,64.36613384133683
5060,0,1,1,53.66591411306793,0,64.80161218074011
5061,1,0,1,43.34063927938082,1,61.61928294018482
5062,1,0,0,59.65392013627941,0,66.4504848316181
5063,1,1,1,36.82202380760144,1,60.01101982797861
5064,1,0,0,72.25578738745969,1,66.23048055143624
5065,1,1,1,54.96712184599204,1,63.13392837003737
5066,0,0,0,60.9292735263604,0,66.51483025886631
5067,1,1,0,46.97369767176057,1,60.94223692942138
5068,1,1,0,66.89254519726593,1,67.40386477220811
5069,1,0,0,60.85571106765239,1,64.31659539043376
5070,1,1,0,46.16463877046959,1,63.59563107334117
5071,1,1,0,48.61483833791313,1,64.07989870329133
5072,0,0,1,38.14624915043973,0,61.43185855092217
5073,1,1,1,48.22635288277907,1,60.31819782763704
5074,0,1,0,51.93485862076199,0,63.01399159035905
5075,1,1,0,48.927750601169,1,67.9230439370637
5076,0,1,0,48.28147166087719,1,65.06038316659743
5077,0,0,1,45.14998398596889,0,60.90194829861955
5078,1,1,1,42.55039583335999,1,62.21395631995333
5079,1,0,1,45.63936076330126,0,62.55027709311932
5080,1,1,1,41.9727858876383,0,62.22363865460765
5081,1,1,0,57.49276979607644,1,63.80994923319987
5082,1,0,0,37.91008277786835,0,64.2214698468529
5083,1,1,1,56.91063300953383,0,61.52512802697679
5084,1,1,1,64.71219148889398,1,66.0268562710922
5085,0,0,0,50.23898872717385,0,66.15226100356462
5086,0,1,1,44.76593109041735,0,61.4807011064419
5087,0,0,1,43.06364088090851,0,60.44142463506268
5088,1,1,1,34.48882990172175,1,62.83734843637032
5089,0,0,1,56.91620984212792,0,59.74570194835676
5090,0,0,0,34.71651261452895,0,60.39734511815173
5091,0,0,1,47.53045226431049,0,58.82491886564727
5092,0,1,1,56.78752003756442,1,61.11419992921606
5093,1,1,0,45.70307632940995,1,62.85362895680257
5094,1,1,1,41.94201428264049,1,59.3103198379664
5095,0,0,1,47.0822207631144,0,59.77238768073053
5096,0,0,0,51.61090226249609,0,57.91026321641923
5097,1,1,1,56.64566201557335,1,66.57268381082474
5098,0,1,1,50.88739953281615,1,63.01002277230692
5099,1,0,1,51.31267759569162,1,65.02736606166864
5100,1,0,1,54.7947641857713,1,63.29748446789034
5101,1,1,0,45.34020214922126,1,60.84390283883058
5102,0,1,1,47.30415073838127,0,61.19617056090112
5103,0,1,1,46.27092143753536,0,61.89101238673142
5104,1,0,1,57.44085731420633,1,67.01044905488631
5105,0,0,0,37.4513969374146,0,63.99357837620729
5106,0,0,0,46.88353037767244,0,64.493372842599
5107,1,0,0,44.98343160459948,1,65.11209765267287
5108,1,0,1,34.28563770675385,1,56.57548930907448
5109,0,1,1,45.03029607551043,0,59.40577090502467
5110,0,0,0,42.19833926486425,0,60.65363005275005
5111,0,0,1,52.13863933467357,0,62.15268212477427
5112,0,1,0,50.69255001150483,0,63.54337940394613
5113,0,1,1,49.20065763646143,0,61.1980775545119
5114,0,0,1,48.17511118986944,0,59.76796566452948
5115,1,1,0,62.25868947778467,0,66.83273344955461
5116,0,1,1,45.70201119551881,0,61.38893522389715
5117,1,1,0,51.05375640589866,1,67.8677023360097
5118,1,1,1,54.6207730198239,1,65.37755512079008
5119,0,0,1,78.09732030777818,0,64.40335703962396
5120,0,1,0,54.66732595560923,0,65.92986277031299
5121,1,0,1,43.43557495964792,1,62.04910195920197
5122,0,1,1,40.81622071887649,0,62.31951605870595
5123,0,1,0,44.31846728943103,1,63.02968216878593
5124,0,0,0,52.45771884661966,1,63.92713244955325
5125,1,0,0,56.0642471695383,1,66.57598204387102
5126,0,0,0,59.50110239751336,1,64.91449677147159
5127,0,1,1,53.47272571492622,0,64.73513819204794
5128,0,1,0,54.86837703437316,1,66.83100271110335
5129,0,0,0,40.40053232798196,0,62.03883470668602
5130,1,1,1,42.72064894887436,1,59.48246223236119
5131,1,0,1,30.01977299923492,1,59.85711284630764
5132,0,0,0,59.10792170764606,0,63.99680778373141
5133,0,1,1,43.4974932323243,0,61.21331903823805
5134,1,0,1,46.27296072494995,1,63.85784384653882
5135,1,1,1,48.22601084039177,0,59.61180372625212
5136,1,1,0,56.72282305239102,1,64.84018370755041
5137,0,0,0,68.24519666070518,0,63.95753763059474
5138,0,1,0,63.46527877792529,0,65.20434609528168
5139,1,1,0,48.3202728257323,0,64.66740180736733
5140,1,0,0,50.66294087322196,0,64.28307110310203
5141,1,1,1,46.94638111694878,0,62.00458778595555
5142,1,1,1,62.9790892301021,1,64.37928238649262
5143,1,1,1,61.64919418881382,0,67.07945348008062
5144,1,1,1,32.46184029633213,1,59.96601605886823
5145,1,0,1,23.38084578545915,0,58.13003802778488
5146,1,1,0,71.12068627497221,1,66.75988183186246
5147,0,1,0,60.02067437234172,0,65.3461848510393
5148,0,0,0,64.9561069604253,0,61.54707265538069
5149,0,1,0,57.92965383364221,0,67.82307150388999
5150,1,1,0,69.86532281890211,1,65.60054871564742
5151,0,0,0,74.58753056259059,0,67.68562149103442
5152,1,1,1,40.69806386919657,1,60.3202578795575
5153,1,1,1,50.36183981315388,0,61.38378542032687
5154,0,1,0,49.58917412802703,0,60.97640114712685
5155,0,0,1,46.09138584435788,0,60.69683739151211
5156,1,1,1,46.05883294267205,1,63.68119564719103
5157,1,1,1,54.57105733144014,1,61.46499836359969
5158,0,1,1,64.17564811627486,0,61.22780264858781
5159,0,1,0,45.32837945282603,0,64.26429855598123
5160,1,0,1,48.24461493421374,1,62.91247896643033
5161,0,0,0,37.35994528053785,1,62.07425610345042
5162,1,0,0,56.86656228403728,1,64.89174030403353
5163,0,1,0,31.39795138756926,0,62.101877618473
5164,1,1,1,39.80449973465702,1,60.39281442822023
5165,0,1,0,50.03919806096236,0,63.01266367673956
5166,0,0,0,35.81970501628093,1,63.01779827518463
5167,1,0,1,56.66951923808427,1,65.67351829784036
5168,1,1,1,49.53931469778711,1,61.71646950736952
5169,1,1,0,47.59958860463029,0,61.20929784212349
5170,0,0,1,48.95835092521241,1,58.98330516426046
5171,0,0,0,48.29112048127277,0,63.80278952594959
5172,0,1,1,42.70206160723731,0,60.58028926245739
5173,1,1,1,43.85546408143263,1,59.51149825845611
5174,1,1,1,36.72980341475042,0,60.5246234884971
5175,1,0,1,63.18136251636827,1,64.88022217664155
5176,1,1,1,51.83806047907407,0,64.25247613339162
5177,0,0,1,39.91146701262309,1,58.95748462381779
5178,0,1,1,45.78895318259231,0,62.71915410529653
5179,0,1,0,50.79422677375361,0,64.23857203733743
5180,1,1,0,69.68299231389214,1,65.57295183640584
5181,0,0,0,59.10244583017648,0,63.18319990882474
5182,0,0,1,28.71154188728198,0,55.8998641620059
5183,0,1,1,52.64086179868641,0,62.47399637984226
5184,0,1,0,40.65592839280693,1,62.9389400221218
5185,0,1,1,49.1337312022317,0,59.63922965390249
5186,0,0,1,29.72457542474868,0,56.38098417011325
5187,0,1,1,52.72959912340593,0,60.79272362531951
5188,1,0,1,64.20940838208818,1,69.40329826852239
5189,0,1,0,48.35034843750194,1,62.62765959174592
5190,0,0,1,34.46525450671959,0,61.55060550676845
5191,0,1,1,50.96943441583281,0,59.11346747619471
5192,0,1,1,43.59351224429748,0,59.0393505794261
5193,1,1,1,25.97202499474708,1,58.83835461248572
5194,0,1,1,32.87009289050722,1,59.72412885670239
5195,1,1,1,49.50512229422859,0,62.64010779719602
5196,0,0,1,71.36077570075899,0,61.28081319320686
5197,0,0,0,31.06368797223144,0,61.6901339985028
5198,0,0,1,43.29832866450882,0,56.07838094966883
5199,1,1,0,61.02033632381794,1,63.78210367650789
5200,0,1,0,52.88725578345361,0,62.90109982939708
5201,1,0,1,34.35424970541133,0,56.38821354349305
5202,1,0,0,58.45305319613631,1,62.87186181346817
5203,0,0,1,62.57289948930696,0,64.97493967266657
5204,1,1,1,54.23797869838656,1,61.64233128222695
5205,1,0,0,38.98391973558777,1,61.74770538585148
5206,1,0,1,54.46163643405286,1,64.73806889272409
5207,0,0,1,43.72947415394052,0,60.65562535121028
5208,0,1,0,64.56266991391793,0,64.80617818804654
5209,1,1,0,58.64477701606791,1,65.8046217492186
5210,1,1,1,47.70205266077492,1,59.82788972450947
5211,1,1,0,47.23555515357062,1,66.65991262452395
5212,1,0,1,49.51681502130275,1,62.83432665561273
5213,1,1,1,60.11157692687544,0,65.24421091117088
5214,0,1,1,43.85133121226941,0,58.36008196461606
5215,1,1,0,64.4020060498769,0,64.71065768395482
5216,1,1,1,52.84576166120824,1,64.07951641355697
5217,1,0,1,38.01590716668082,0,60.3237530740432
5218,1,1,0,42.41775837218356,0,61.08221686721571
5219,0,0,1,26.5826134905072,0,54.6916611160357
5220,0,0,0,49.1267508532972,0,61.46260406407718
5221,1,0,0,49.67639183722587,0,60.20720883084684
5222,1,0,0,56.20810966543631,1,64.57636584053297
5223,0,1,1,42.14025545611821,1,61.00635577889491
5224,0,0,0,45.52900455760313,0,62.24760302855343
5225,0,1,0,33.28835822665084,1,60.17396041274383
5226,0,1,1,71.54373031500589,0,64.93244976523414
5227,1,1,0,50.86778211258289,0,64.94546142093319
5228,1,0,0,37.78572368489694,1,60.24246299067126
5229,1,0,1,38.65408031318842,1,61.00256998018796
5230,0,1,0,54.38853509841293,1,61.17262341318023
5231,0,1,1,36.70507215254055,0,58.70226401070958
5232,1,1,0,53.39038757719686,0,64.78144676836585
5233,0,1,1,40.10263206862491,0,59.98165051175764
5234,1,1,0,49.48993065134934,1,66.24228505888227
5235,0,1,0,53.35191295159196,0,64.03399815187018
5236,0,0,0,59.00946076682378,0,64.33092101220763
5237,1,0,0,37.31440939788408,1,64.09385972505076
5238,0,0,0,60.4416761085745,1,66.9402401228763
5239,0,0,1,35.10791436370828,0,59.36416458325365
5240,1,1,0,50.66311783394245,1,64.19757104394583
5241,0,1,0,56.64975319244724,0,66.34247573871683
5242,1,0,1,60.36277764790697,1,64.24457667875004
5243,1,0,0,47.82547721172219,1,61.37082700077364
5244,1,1,0,50.38315224053576,0,62.36340623260347
5245,1,0,0,61.66762749619079,1,61.34036961938909
5246,0,1,0,67.88198062017953,0,62.50490389399955
5247,1,0,0,48.60885490403048,1,65.97211703029193
5248,1,1,1,37.34319907783961,1,61.01159495976376
5249,0,0,0,36.568283893238,0,59.27955729326005
5250,1,0,1,40.27039444127784,0,59.85999409052783
5251,1,0,1,49.99108732696109,0,61.97035296021528
5252,0,1,0,57.77467594359334,1,62.69706434707689
5253,0,0,0,49.99400931573389,1,64.31996448069286
5254,0,1,1,60.22035209817211,1,63.27936249406962
5255,0,1,0,37.21813662848038,0,58.22553713445166
5256,1,0,0,53.92393896224475,0,66.6767716977995
5257,1,0,0,62.54626613004091,1,65.97498407060721
5258,0,1,1,39.9922682914719,0,56.65040891427439
5259,1,1,0,59.97687462937387,1,67.60936243555913
5260,1,1,0,46.52214870590739,1,60.43689244053777
5261,1,0,1,42.44268194462136,0,58.67641554140337
5262,1,1,0,51.26259984530483,0,62.68353126823964
5263,1,1,1,64.58486708806851,1,65.32889445111796
5264,0,0,0,35.56736784416789,1,59.87267433409885
5265,1,1,1,32.76667989634938,1,61.44150785853236
5266,1,0,1,54.65875712796736,1,62.19882226740226
5267,0,1,1,60.39617265634957,0,63.41714329236456
5268,0,1,1,33.05295498935941,0,59.69722717644399
5269,0,0,0,44.44096467835589,1,63.88782454893336
5270,0,1,0,43.93498408856367,1,63.64336212760805
5271,0,0,0,49.18971648123194,1,61.31925495768634
5272,0,0,1,29.13835984524626,0,57.35074878506698
5273,0,1,1,75.6228900127967,0,63.15522650585697
5274,0,1,1,51.24495051619859,0,62.84383872246403
5275,0,1,0,25.31401690671909,1,56.41082987248146
5276,1,0,1,44.45593553476206,1,61.77078658453843
5277,1,1,1,46.180255946715,1,63.62350065407315
5278,0,1,0,44.55541850657568,0,62.9786456031182
5279,0,0,0,44.35519651671419,1,64.26502667553584
5280,0,1,1,43.96443450802415,0,62.75155526562422
5281,0,0,0,55.82118315587478,0,63.02139685118165
5282,0,1,1,55.79590834523955,1,63.60188352330037
5283,1,0,1,30.32520811221283,1,56.00482363574173
5284,1,0,0,49.35517011357013,0,63.49238917806862
5285,1,0,1,35.54259561861996,1,55.35887311169731
5286,1,1,0,61.4584952480121,1,63.93468829588048
5287,1,1,0,39.13590427455153,0,60.09775254327437
5288,0,1,0,64.35265259763925,0,64.36000047783746
5289,0,1,1,37.51000389745351,0,58.6111795898096
5290,1,1,1,35.51935848146187,1,61.23694831191838
5291,0,1,0,38.8742178831816,0,61.52149025380193
5292,0,0,1,41.34944585450452,0,59.59086729903986
5293,0,1,1,45.6645470814431,0,61.08564900062736
5294,0,0,0,56.1704986876425,0,63.58520957580823
5295,0,0,0,48.62884933335752,0,62.52186022091921
5296,0,1,0,69.30948605020814,0,66.39481153085936
5297,1,1,0,62.61382292506475,0,67.51247537001584
5298,1,1,1,28.43927860611928,1,60.46641668598122
5299,1,1,0,59.65523249741469,0,66.48566805850037
5300,1,1,0,51.28556640918898,0,62.91644487716616
5301,1,1,0,49.42119884161735,1,62.79918373296293
5302,1,0,0,57.18126209721341,0,61.36310055215831
5303,1,1,1,32.71161050456024,0,58.40534671560779
5304,0,1,0,55.79617752641909,1,63.80729845504445
5305,1,0,1,38.16080439644048,0,56.81459471238278
5306,1,1,0,63.8235940350366,1,70.33246565223367
5307,0,0,0,39.56605072320631,1,62.81980714540465
5308,1,1,1,48.96453533381853,0,58.98450532691278
5309,0,0,0,51.98742741475859,0,62.66257491923511
5310,0,0,0,67.70995047429739,0,64.35496667135777
5311,0,1,1,59.50288186183211,0,59.39966555338676
5312,0,1,0,25.08449652551715,0,60.34983727945387
5313,0,0,0,45.12566405710422,0,63.90879710349776
5314,0,1,0,33.76020816691748,0,57.61387307442655
5315,0,0,0,53.01977839631381,0,64.989766504125
5316,0,1,1,30.17930983881018,0,59.17769710759097
5317,1,1,0,35.16063815113654,1,60.36731655045077
5318,0,0,1,35.5259326839918,0,57.51946798469111
5319,0,0,0,39.10117316694286,0,61.35545030965149
5320,0,1,0,29.19894473147855,0,57.10281159259293
5321,1,0,0,46.98507230995656,0,66.35835830745161
5322,1,1,0,53.07705804612506,1,66.8130630801426
5323,1,1,0,62.54775107693201,1,64.98406847337273
5324,1,0,1,58.24921055780995,0,58.81096417246886
5325,0,0,0,45.22009383469798,0,60.94923600570117
5326,1,1,1,30.86255524247573,1,57.20535702556622
5327,0,0,0,44.99763419390047,0,62.07839617101549
5328,1,1,0,39.29296773707271,1,62.05132541007211
5329,0,1,0,57.56584407901754,0,64.27333987246834
5330,1,0,1,49.84376253772918,0,60.43631496553308
5331,0,0,1,53.69546138145147,0,61.19014064614214
5332,0,1,1,49.39094921552917,0,61.38423358252084
5333,1,1,0,54.20041728237165,1,64.96381095142222
5334,0,0,1,53.34857670417392,0,63.78983182108469
5335,0,1,0,50.24770220915922,0,65.90561062000772
5336,1,1,0,44.4602091440345,1,64.10159368221694
5337,1,1,1,53.76202374111332,1,61.97889197515358
5338,1,0,0,34.4095086701503,0,57.14262407341454
5339,1,0,0,63.23217801139991,1,66.34787019024515
5340,1,0,0,69.88124518350804,1,67.03043054869653
5341,1,1,1,42.5831773844241,0,59.08830238487253
5342,0,0,1,39.65623056898462,0,59.45485142683312
5343,1,0,0,36.09025825173462,0,59.92163418208694
5344,0,0,0,51.2578087029588,0,63.61727764669547
5345,1,1,0,55.61857622908938,1,64.84361921896297
5346,0,0,0,73.65106258542042,0,68.96847958754746
5347,1,1,1,37.83019594785891,1,63.00947974610837
5348,0,1,0,59.61747947613487,0,64.72060585618036
5349,1,0,1,35.98180670667668,1,60.19063154710717
5350,1,1,1,40.77695964084335,1,62.02041545937124
5351,0,1,0,59.0071072447569,1,66.09393489633668
5352,1,1,1,55.28772966830738,1,62.98016123728584
5353,1,0,1,52.82850957902842,1,63.97355078449836
5354,0,1,1,50.04289295543443,0,61.14640407242972
5355,0,1,0,78.90923187090907,1,68.45322740515054
5356,0,0,0,47.27388624823855,0,62.71660459598237
5357,0,0,0,57.18175449535195,0,64.47045606725675
5358,1,1,1,43.06188555603919,1,61.45172496518941
5359,0,0,1,36.48302626407866,0,57.54926635340514
5360,1,0,1,41.6548161429823,0,59.45795442622534
5361,0,0,0,45.4251695612196,0,61.30494905859013
5362,0,0,1,51.74310894477841,0,59.44289321893977
5363,0,0,0,48.93469043782009,0,65.63106337541552
5364,1,1,1,48.12452504208375,1,59.31579382824492
5365,0,0,1,44.66145625899445,0,58.34150383411912
5366,1,1,0,65.64706740352084,0,66.01753849497271
5367,1,1,0,44.97802175507138,1,61.21134102669026
5368,1,1,0,51.72865062918283,1,60.83432085326992
5369,1,0,1,52.88782841143699,1,58.99292043737493
5370,1,0,0,56.63981833905258,0,60.78756826381288
5371,0,1,1,39.1470537735669,0,59.77292840050482
5372,0,1,0,57.15183811369408,1,61.71327675201421
5373,0,1,0,65.63676086055445,0,67.50006524887701
5374,1,1,1,51.8864650635372,0,61.71296506088704
5375,1,1,1,43.58820955939291,1,62.22507887139044
5376,1,1,0,60.28522082715939,1,65.34744004258013
5377,1,0,1,39.52509895001168,1,61.12243229718324
5378,0,0,1,38.32802167024599,0,62.29244367262047
5379,1,1,0,44.53866824796066,0,65.19791181165566
5380,1,0,1,35.18577111980151,1,61.27920469875268
5381,0,0,1,39.01814266179185,1,58.41983546604147
5382,1,0,0,51.19894845648372,1,61.05495876910514
5383,0,0,0,61.33941100169663,0,63.41910303977077
5384,0,0,1,45.91020920448929,0,61.29495674156465
5385,0,0,0,36.43048614446391,0,61.01807225544527
5386,0,0,1,74.65589102485002,1,65.68596389684254
5387,0,1,1,35.26045918450356,1,59.71359056984691
5388,0,1,1,45.92794414407623,0,61.87104861188714
5389,1,1,1,33.96511282813931,0,56.68132691196273
5390,0,0,1,62.20730368476944,0,60.65580957758859
5391,0,1,1,68.05082069103241,0,63.84081367761181
5392,1,1,0,44.4021080227777,1,63.56138839851572
5393,0,1,1,50.78933811259224,0,61.75491840959728
5394,1,0,0,56.05768407095902,0,64.27210223589849
5395,1,1,1,52.93186499652664,1,62.6952880341972
5396,1,0,1,55.11069754958045,1,63.15097888349245
5397,1,0,1,38.36631929843642,0,55.79828212120175
5398,0,1,0,50.30877211811273,0,63.56695099538967
5399,1,0,1,57.14016741167,1,61.68404709402197
5400,0,0,1,42.63603225792981,0,60.56852350441024
5401,0,0,0,65.17060714759749,0,63.72789701677014
5402,0,0,0,61.3411515050089,1,64.92506971593357
5403,1,0,1,55.14804042672265,0,60.85814753524365
5404,1,1,1,37.41275930758021,1,60.51178937023037
5405,1,1,0,68.0259342743596,0,65.17763538238655
5406,1,0,1,33.6321374897918,1,60.21528512536847
5407,0,0,1,52.65657365170244,0,64.19557978668927
5408,1,1,1,71.84616306532742,1,65.79442001979869
5409,0,0,1,24.48176474990264,0,56.40054888316694
5410,0,0,1,43.53417703360325,1,60.93368535159112
5411,0,0,0,52.07417449289218,0,64.36282790735993
5412,1,1,1,45.80559913945343,0,62.70620567144196
5413,0,0,0,27.06890860970859,0,56.86223142688792
5414,1,1,1,38.99044601298814,1,61.46729775304009
5415,1,1,1,40.54360806634204,1,62.85744749914236
5416,1,0,1,40.51243032661216,0,61.56014647632163
5417,0,0,1,72.64051835191361,0,66.08951781019044
5418,1,1,0,43.63729949626995,0,66.21694887828789
5419,1,1,0,24.67194887782417,1,61.47413686059005
5420,0,1,1,44.13157685099677,1,59.48754989541452
5421,0,1,1,57.07703054238593,0,60.36690416747009
5422,0,0,1,50.33148024284814,0,59.19879357288671
5423,0,1,1,51.60318141952197,1,62.75970865906027
5424,1,1,1,52.90638766729852,1,60.8228344475874
5425,1,1,1,62.5616902806769,1,65.65585374972702
5426,1,1,1,49.24131867284412,1,58.854437627005
5427,1,0,0,56.10843239332173,1,61.56894364693144
5428,0,1,0,50.91528151533682,0,63.07741232667463
5429,0,0,1,40.06325733372752,0,61.82975653940891
5430,1,0,0,56.78535969798847,1,64.01437189406703
5431,0,0,1,49.8128292672784,0,63.4850561748884
5432,1,1,0,59.24419683282135,0,62.52959283740874
5433,0,0,1,46.74175255173222,0,59.40118497836275
5434,0,0,1,52.75517089018071,0,60.29642991828604
5435,1,0,0,47.6861101411505,1,60.44625119656873
5436,0,1,0,46.85098415053427,0,61.62792540914306
5437,0,1,0,66.55481537375763,0,64.72931381766089
5438,1,1,0,77.21068648815535,1,71.20769444944375
5439,1,0,1,31.20439472146891,1,54.35723859916658
5440,1,1,0,34.33847830721217,1,62.79811832647827
5441,0,1,0,61.83442317570543,0,64.55407024459501
5442,0,0,0,46.50822488351699,0,64.15195406289745
5443,0,0,0,58.70710438810958,1,63.87618651348467
5444,0,0,1,52.43251816262032,0,59.97127671451887
5445,0,0,0,49.92078621460313,0,62.99259448471867
5446,0,0,1,33.06898435504353,0,58.09332957478237
5447,1,1,1,49.0584190853939,1,58.74269918091219
5448,1,0,0,49.25471112410184,0,65.13152524214931
5449,0,0,0,59.63742838638329,0,62.73883016377047
5450,1,0,1,43.13513178391741,1,62.00005913276406
5451,1,0,1,36.00768887855123,1,59.28294978742969
5452,1,1,1,54.91135285710433,1,64.35435145233458
5453,0,1,0,51.24301378536668,0,62.1417089290831
5454,0,1,0,53.63000449245212,0,63.37518760421727
5455,1,0,1,29.65094362654866,1,59.08052115577984
5456,0,1,0,55.99918788294998,0,63.43396692960665
5457,1,1,0,55.11199863556048,1,66.41216770779651
5458,0,0,0,53.76495745050663,0,61.31075110195891
5459,1,1,0,38.30537631064454,1,58.54207767830337
5460,1,0,0,61.76214910388595,1,67.19703452919239
5461,0,0,1,53.66878056058242,1,62.27620605258666
5462,0,1,1,48.42495253097101,0,59.98178408947709
5463,1,1,0,67.71623467273884,1,70.52910520279791
5464,1,1,1,37.52966192838637,1,62.29987743443373
5465,0,0,1,58.41937763221912,0,60.00253209683296
5466,0,0,1,37.21574147749918,0,58.88871016178287
5467,0,0,0,52.72270741993302,0,62.26154226533993
5468,1,1,1,45.01854229546033,0,58.43071093166997
5469,0,1,0,54.77875244611659,0,62.25893516766277
5470,1,0,1,56.94387008595551,1,64.80252244390252
5471,0,0,1,33.41990659352194,0,55.59078321296455
5472,0,1,1,25.84339803570801,0,60.63022817823755
5473,1,0,1,33.94085606647407,1,59.7506450756615
5474,1,1,0,53.06300117360084,1,63.94161312326727
5475,1,0,1,47.13093093392312,1,60.81514555637081
5476,0,0,1,39.15122278392298,0,57.96364213494388
5477,1,1,0,48.00535506460454,1,63.56298750379842
5478,1,1,0,42.23234025191616,0,61.89866821441328
5479,1,1,1,45.30612637047522,1,62.26784678333826
5480,1,0,1,48.26077982379918,1,65.16733934183621
5481,1,0,0,50.92949835272218,0,63.19309958095452
5482,0,1,0,51.56298703301213,0,59.45657080063989
5483,0,1,0,52.88858107625133,0,61.17665391419553
5484,1,1,0,53.39634107035818,1,66.46463154377197
5485,1,0,1,31.36705494289414,0,57.98947583703708
5486,1,1,1,34.48606740477588,0,59.08078560078033
5487,1,1,0,64.38201918479352,1,65.28187658052158
5488,1,1,1,69.22255831481382,1,66.38847997354549
5489,0,1,0,43.77337789694175,0,63.21280562352916
5490,1,0,1,53.77291137853715,1,61.61232891435213
5491,0,1,1,39.23972753076098,0,58.59901787516365
5492,0,0,1,39.40808805717361,0,59.97184026169023
5493,1,0,0,46.16042894991168,1,67.33410180205989
5494,1,1,0,53.00195206909123,1,63.76914698678764
5495,0,0,1,51.36846284945766,0,61.36456076996372
5496,1,1,1,47.61537808187048,1,59.95400369954105
5497,0,1,1,55.43876845069498,0,64.90188457471822
5498,1,1,0,61.59399142007737,1,66.52534636668818
5499,0,0,1,33.89971443347067,0,59.69708788488364
5500,1,0,0,39.43230489395353,0,62.63942629506464
5501,1,1,0,46.43356866118587,0,63.4548354418823
5502,1,1,1,35.80135638279593,1,60.07349926348549
5503,0,1,1,47.1376886376481,0,58.8611075487667
5504,1,1,1,35.76359114860571,1,58.81024081255354
5505,0,0,1,54.69796554612462,0,64.20687637637468
5506,0,1,1,46.84117781443877,0,57.20498190794047
5507,0,1,0,51.10310822941727,0,63.19401251917733
5508,1,1,0,54.35093400204032,1,65.15370076333176
5509,1,1,1,47.06993376122192,0,61.01086706391153
5510,0,0,1,56.48725007961355,0,64.82809010913719
5511,1,0,1,48.53081028611935,0,57.93472580357015
5512,0,1,0,54.92182349803814,0,62.48945182139427
5513,1,0,1,50.08615367133122,1,59.5333226382912
5514,1,1,1,41.51932478775402,1,59.91028019630402
5515,1,1,1,50.66397800155335,1,62.61336376992372
5516,0,0,0,38.81314774635582,0,60.36603295055864
5517,1,1,1,27.76141462394736,0,58.53062976108268
5518,1,0,0,33.16279587774756,1,59.45535707923252
5519,1,1,0,76.02773473487414,0,66.76539866908105
5520,0,0,0,62.51533982430577,0,67.22114410220178
5521,0,1,1,22.62822262000694,0,55.68758158490688
5522,0,0,0,53.43060035176141,1,67.8202963324924
5523,1,0,0,46.747489460358,1,61.4304519935729
5524,1,1,1,57.45546722530364,0,61.01412452144274
5525,1,0,0,53.49626289035042,1,63.53778278186724
5526,0,0,0,61.15343335670528,0,68.01765222863939
5527,1,0,0,62.16224116503457,1,64.89457377339833
5528,1,1,1,55.47130258656367,1,62.01694052466918
5529,1,1,0,71.35227206447746,1,69.4933833280314
5530,0,0,1,46.81797048683166,0,60.46363676559112
5531,0,1,1,43.86465749314654,0,64.99321330897826
5532,1,1,0,39.09357873732796,1,61.38618274093661
5533,1,0,0,67.28151642060359,1,65.88950530591234
5534,0,1,0,48.48368820423403,0,64.5506398726624
5535,0,1,1,49.71899884925811,1,61.14558017314286
5536,1,0,0,36.57187141514173,1,60.78593424756404
5537,0,1,1,48.72651731541395,0,63.53836960362572
5538,1,0,1,20.97570114213308,1,60.86353129320622
5539,0,1,0,57.33701371888485,0,67.34694058662249
5540,0,1,0,61.29699213131512,0,65.68055585029171
5541,1,1,1,47.75625164367745,1,60.26366641560401
5542,1,0,1,43.17212906226587,1,62.11532467437297
5543,0,1,0,54.99236560065177,0,62.07165686762921
5544,0,1,1,62.5347753531934,0,63.37736637355839
5545,1,0,0,42.25993766141413,0,61.24914825945027
5546,1,0,1,33.60085665381944,1,57.50166229198238
5547,0,0,1,40.15371428111234,0,57.70303004551545
5548,1,1,0,54.9508155328974,0,64.84081920815349
5549,1,0,0,51.76392533803449,0,61.91974894481032
5550,1,1,1,57.21711667738811,1,63.90349923236855
5551,1,1,0,35.34354565818808,0,60.12168583212509
5552,1,1,0,55.41644061070778,0,61.89248062412242
5553,0,0,0,55.86227909574412,0,68.01420574170174
5554,0,1,0,29.38978792665274,0,58.38207015727274
5555,0,1,0,49.90507759590428,0,61.66220956783864
5556,0,0,1,59.3901164229511,1,63.53193252142841
5557,1,1,1,30.50993906727913,1,61.42167329587007
5558,1,1,0,46.67194533393589,1,63.12690806362333
5559,0,1,1,46.95368511115451,0,60.50689493858169
5560,0,1,0,64.69538751627948,1,64.06860357130813
5561,0,0,0,49.61849897248576,0,61.99079367883573
5562,1,0,0,55.60782071310002,1,62.49947276250251
5563,1,1,1,48.63271881038774,0,61.95568572772748
5564,0,0,0,63.35119758695149,0,64.12775338774657
5565,1,1,0,37.17575728951974,0,58.46263628187893
5566,1,0,1,53.97506735895944,0,61.91048060135866
5567,1,1,1,28.65058358660822,1,61.26093860085758
5568,1,0,1,52.75082215899216,1,61.37970809593141
5569,0,0,0,46.35866856663657,1,61.80913014346594
5570,1,0,1,43.97633966509056,1,61.58921960379671
5571,1,0,0,42.99833739164792,1,63.69293810246243
5572,0,1,0,46.9830721594409,0,64.02824244166231
5573,0,1,1,39.85158236304795,0,61.31204031859761
5574,0,1,0,51.59731877904291,0,64.66999911887878
5575,1,0,0,43.83391680641349,1,61.11902884736794
5576,1,1,1,26.85905815900368,1,55.76272840524576
5577,0,1,1,33.4857648463375,0,59.17236811024169
5578,0,1,1,35.28765592076853,1,59.23979965987418
5579,1,1,0,46.73612787273125,1,60.42445932730139
5580,0,1,1,38.54578959720911,0,59.61449187033457
5581,1,1,1,51.31242132772546,1,61.57887455467937
5582,1,0,0,39.71636351695658,1,62.24176973381221
5583,1,0,0,49.04702040088024,0,62.84502329625013
5584,0,1,1,59.61744742146424,0,62.45212342422634
5585,1,1,0,52.40837493735029,1,63.33146836891488
5586,0,0,0,50.06107897529499,0,62.5826351065095
5587,0,0,1,37.13413820492052,1,57.8467563065794
5588,0,0,1,54.98736950634846,0,60.47310999337212
5589,0,1,0,56.39721167342552,1,64.07955910270886
5590,1,0,0,58.31188194356992,1,58.8452729645042
5591,1,0,0,40.51212001617955,1,63.94563677968549
5592,1,1,0,75.88517900090326,1,66.35305413227502
5593,1,0,0,52.93938169802755,1,65.05303021095372
5594,0,0,0,39.47856485829117,0,57.93485880216542
5595,0,1,1,56.52148546632398,0,60.09318696950709
5596,1,0,0,57.544234458353,1,62.53615104454155
5597,1,1,1,48.63197515631654,1,63.2895077696341
5598,0,1,0,52.11778433891352,0,63.9285071537189
5599,0,1,0,41.58173651023309,0,61.32363170459014
5600,0,1,0,48.78201120841969,0,63.70178426361459
5601,0,1,1,35.65439898960243,1,58.21236828367325
5602,1,1,0,39.38107994789569,1,65.13257204069086
5603,0,1,1,47.24945130878504,0,60.74229257881967
5604,1,1,0,37.33269728077912,0,62.8708887666061
5605,1,0,1,33.0119396628964,1,60.05081374326949
5606,0,1,0,34.70666300688963,0,61.17790207485933
5607,1,0,0,38.82000637135512,1,57.12399546844183
5608,0,0,0,54.58692201478035,1,60.58094644328819
5609,1,1,0,59.71699401886417,1,67.36472096606568
5610,1,1,1,53.3604375059247,1,67.18375228114698
5611,0,0,0,33.29568974362184,1,61.04135905486577
5612,0,0,0,57.24162026199999,1,65.35716416854709
5613,0,1,1,56.47884238765614,0,62.47918903984528
5614,0,0,0,36.73663422011013,0,62.87096503155653
5615,0,1,0,45.83521383394734,1,64.76580281196287
5616,1,0,0,47.99630942960592,1,62.91805454664118
5617,0,0,1,35.95308100138615,0,56.78702464824634
5618,1,1,0,38.09199492276888,1,60.64991052161745
5619,0,0,1,53.5941538565151,0,59.21584031897786
5620,0,1,0,47.13203503086584,1,62.06878148341818
5621,0,1,0,44.85372132640867,0,61.5313907129355
5622,0,1,0,38.97227380038986,0,62.424093426047
5623,1,1,0,50.26539137865205,0,63.27026579300556
5624,1,0,0,38.01372849755595,1,61.10785974700283
5625,0,1,0,63.0456124250866,0,66.70062755069291
5626,1,1,0,51.57577705324979,0,63.57936403257808
5627,1,0,1,35.31377544180286,1,59.99743504397985
5628,1,0,1,49.8298781819196,1,60.29904893569057
5629,0,1,0,44.4799389687303,0,64.3308573789499
5630,0,0,0,51.93419885143851,0,62.87293021177834
5631,1,0,1,41.47578234306658,0,60.3545041142348
5632,0,0,1,50.87342283729355,0,60.63926574924346
5633,0,1,1,53.65577520305899,0,61.02813763586343
5634,0,1,1,59.23220554160477,0,63.64462881298657
5635,1,1,0,41.40644175750649,0,61.29189316202363
5636,1,0,0,50.60178000463623,1,67.234064992439
5637,1,1,0,58.93215758016144,1,64.01361204944294
5638,1,0,0,49.16681561997787,1,63.76771383696737
5639,1,0,1,27.46658349187906,1,56.54163192162094
5640,1,0,1,38.56022216117692,1,59.9477433384351
5641,1,0,1,47.2928002360881,0,59.05735386050986
5642,0,1,0,47.75232520348862,0,63.30330726497212
5643,1,1,1,51.27341839478977,1,63.24729105858323
5644,1,1,1,34.88080280514112,1,61.10998686930974
5645,1,0,1,33.78965660355585,1,56.54753427331424
5646,0,1,0,58.78407057033652,1,64.71890979002799
5647,1,0,0,50.59136444516328,1,63.81882537858347
5648,0,1,1,71.49227433103511,0,64.54465007637459
5649,1,0,0,54.23471609270162,1,64.90629778619049
5650,1,1,1,31.81981699987444,1,64.50668492498451
5651,0,1,1,36.84987789575506,0,60.15972551774204
5652,0,1,0,51.48620227019284,1,62.98243190209552
5653,1,1,0,42.20159476468621,1,59.90495884081827
5654,0,0,1,50.90052762812568,0,57.96644494606156
5655,0,0,0,61.08356074839753,1,63.21531570226613
5656,0,0,0,33.52430713300272,0,62.65456140478138
5657,0,0,0,46.79706840322971,0,60.91319222508083
5658,1,1,0,39.90951643959809,0,61.25621715175881
5659,0,0,0,52.13475917253755,1,62.44234264189841
5660,1,0,0,66.52534320036807,1,66.42932385311067
5661,1,1,1,34.97197076806077,0,59.77678278916037
5662,0,0,0,34.98818729888644,0,58.501661680019
5663,0,1,0,45.50561060569295,0,64.03500757332341
5664,1,1,1,24.94928994874611,1,59.89627653575475
5665,0,0,0,71.70946346389556,0,67.0445319133959
5666,1,0,1,42.85107615204537,1,61.09965248371097
5667,1,0,0,53.85476944849076,1,63.23039031642119
5668,0,1,1,35.94108747258081,0,57.33568344182905
5669,0,1,1,36.94818071615333,0,58.08659500895719
5670,0,1,1,40.53071788350002,0,57.9334026194644
5671,0,1,0,46.23281884689699,0,63.72063567487263
5672,0,0,1,78.71150759302679,1,69.91743799936026
5673,1,0,0,37.69666614024599,1,62.63787308769437
5674,1,0,0,75.4293631959701,1,64.1093180432803
5675,1,0,0,37.22117810516347,0,61.81737169120045
5676,0,1,0,49.76345207318845,0,65.15138657932327
5677,1,1,1,47.63383655560808,1,62.27685407005296
5678,1,1,0,50.09893978203688,1,64.61923099083114
5679,0,0,0,44.72381015946463,0,62.78076775767433
5680,0,1,0,60.3957216055996,1,66.11794495519916
5681,1,1,1,42.6642303078864,1,59.72231922328753
5682,1,0,0,53.67844914837491,0,64.32763372752935
5683,1,0,0,69.219676883326,1,65.96374006309112
5684,1,1,1,48.91778871220463,1,62.96154561504924
5685,0,0,0,48.42747241199623,0,61.86159264935087
5686,1,1,0,55.66471104332953,0,64.00029748500576
5687,0,0,0,56.49683531467087,0,61.99757203001791
5688,1,1,0,52.55541034625499,1,62.27632951827644
5689,0,0,1,40.65335699331452,0,62.88207971958365
5690,1,1,0,44.90722848149247,1,63.2887634448939
5691,0,1,0,40.69043359501404,0,61.70268143127108
5692,0,0,0,42.03773265290589,0,60.61560189274532
5693,1,1,0,47.81465148150973,1,62.77446261123771
5694,1,0,1,44.80362216031852,1,61.80802684611337
5695,1,0,1,35.82430868400112,1,59.18333909217686
5696,0,1,0,52.84540994110046,0,62.36523647883681
5697,0,1,0,54.0256360836194,0,62.70228620827252
5698,0,0,0,57.13955791061056,0,65.45350489576148
5699,0,0,1,52.45217438711471,0,60.68656021117623
5700,1,0,1,40.58395236043802,0,57.58242628729022
5701,1,0,1,58.67001989144502,0,62.8217943940958
5702,1,0,0,49.46978193754217,1,64.00993461126264
5703,1,1,1,55.58610590411786,1,62.77104945693372
5704,0,0,1,46.44368703937799,0,62.89840334583761
5705,0,1,1,39.06020647787451,0,58.74037971506167
5706,1,1,0,57.37098776100171,0,64.07267950843296
5707,0,1,1,37.67129030438717,0,57.15596238779656
5708,0,1,1,65.64570073377469,1,63.30836429864159
5709,0,1,1,36.40194056514326,0,60.27995695063484
5710,0,1,1,45.9215684312441,0,60.82159973866688
5711,0,1,0,54.49977252921551,1,63.07513103624095
5712,0,0,1,28.97407536621291,1,59.27917577959243
5713,0,0,0,50.49885265618654,1,64.97661979444617
5714,1,1,0,50.98987895367446,1,64.39107837725454
5715,1,1,1,61.36412511137839,1,65.5449396814804
5716,0,1,0,54.48962458142426,1,65.73050674055837
5717,0,0,1,43.2827748871812,0,57.03355929191664
5718,0,0,1,70.14504615506958,0,64.24163593705086
5719,0,0,0,48.4277256522569,0,59.84557358830118
5720,0,1,1,50.04467455465566,1,60.27287312779303
5721,0,0,0,34.22346359359293,0,62.44694221983149
5722,1,1,0,35.13758137076525,1,60.609415128093
5723,1,0,1,24.84010058333575,1,58.30269766776654
5724,0,0,1,43.44016504071944,0,58.63682466395289
5725,0,1,0,50.58992256687453,0,65.2714352422055
5726,0,0,0,27.84716922802032,0,60.94421056171647
5727,0,0,1,40.77515165208087,1,59.8463226317636
5728,0,0,0,33.83900435451328,0,63.11580486948161
5729,1,0,1,57.31123134851254,1,63.07671989556391
5730,1,0,1,35.42605642923549,1,57.24754354654939
5731,0,0,1,42.65621228025958,0,60.00823480147568
5732,0,1,0,61.64470736432107,0,64.10503055391807
5733,0,0,0,74.4619059335798,1,68.39349892051469
5734,1,1,1,48.08448797935681,1,63.66226888695143
5735,0,1,1,42.00714500508319,0,58.85384851633346
5736,0,1,1,24.33971562981107,0,57.06030567791608
5737,0,0,0,45.26748537097566,0,61.89938569011524
5738,1,1,1,48.16023708652689,0,62.32318765543896
5739,1,1,1,54.27360064972088,0,63.18926284031388
5740,0,1,1,48.80665247434481,0,63.77661239372896
5741,1,1,1,41.05126768445982,1,62.23433695445686
5742,1,0,1,51.22548974365998,1,58.13743853505931
5743,0,1,1,47.63059645915794,0,61.59338676239877
5744,0,0,0,62.62287572288331,0,62.86861146968823
5745,1,1,1,45.21144024250973,1,62.33911210039214
5746,0,0,0,61.07713869300428,0,61.85727668443458
5747,0,0,1,44.35436174233424,1,61.14931150948203
5748,0,1,1,46.85455556210817,1,64.04834086264528
5749,1,1,0,51.30707845090254,1,63.89615196563138
5750,1,1,0,41.27150084133373,1,63.57376923765997
5751,1,1,1,54.41556382888852,0,60.31814913188616
5752,1,0,0,47.16323921522076,1,63.32556228736002
5753,0,0,1,46.53444843990615,0,58.65360842558437
5754,0,1,1,44.76435780341121,0,61.34805353710935
5755,0,0,0,51.54336942013362,1,61.5705266938367
5756,1,1,0,41.40195508466374,1,61.86728440822753
5757,1,1,0,59.24110097191719,1,67.39846678454333
5758,0,1,1,44.75740266695291,0,58.55992848454653
5759,1,1,1,52.80133141587719,1,62.83609012334433
5760,1,1,0,46.22712212775618,1,63.52043808673266
5761,0,1,1,53.7517042636713,0,61.17887784665869
5762,0,0,1,43.91891067392874,0,60.98053517218764
5763,1,1,1,49.41057286741829,1,58.54354255062101
5764,1,1,1,42.59245696307414,1,59.38322942079702
5765,0,0,1,54.02618153711763,0,60.21152670120201
5766,1,1,0,45.3317664376594,1,62.61307426615531
5767,1,0,0,56.88630829300928,1,63.53723506044111
5768,1,1,0,46.73579264181164,1,61.95268088172995
5769,0,1,0,46.73644602880447,0,65.2773029356524
5770,0,1,1,51.78154206410069,0,60.60751046932298
5771,0,0,0,53.470255358698,0,65.02721100245392
5772,1,0,1,51.52649736815685,0,58.62446121811045
5773,0,1,0,58.14933503325214,0,61.56187704203351
5774,0,0,0,31.21196680201917,0,60.21108572815249
5775,1,0,0,60.7692818853431,0,63.51036087988908
5776,1,1,1,42.83437379623937,0,56.92541738014301
5777,1,0,0,46.52545726101979,1,64.05735069828349
5778,0,1,1,41.489591903525,0,58.04412172688545
5779,0,0,1,49.93251153531111,0,63.74724061849493
5780,0,1,0,58.08037183320221,0,64.11876483751878
5781,1,1,0,70.8583807048841,1,65.30191446008295
5782,0,0,1,46.50006928669964,0,59.84641155145867
5783,1,0,0,53.08918628601454,1,63.73487696707898
5784,0,0,1,45.77534048363996,0,61.89843537296526
5785,1,0,0,51.60966875626448,1,64.30177392467297
5786,1,0,0,29.0703259663065,1,59.05508834846903
5787,0,1,1,51.81375553012001,0,62.75200739329244
5788,1,0,1,51.58390302991417,1,62.4168103000538
5789,0,1,0,43.99281972815998,0,64.20422216642041
5790,0,1,1,57.67129314739463,0,61.2512172863304
5791,1,0,1,47.03151282158913,1,64.42472532932199
5792,1,0,1,57.93521870086904,1,63.96745499750108
5793,0,0,1,44.14091232908392,0,62.29713806388393
5794,0,1,0,54.67597659468797,0,64.07306641406228
5795,1,0,1,39.15294001797872,1,60.57209484579028
5796,0,0,0,41.18667852212215,1,61.89638018957584
5797,1,0,1,37.14557048267523,0,59.96448359108125
5798,1,1,1,60.05626800899904,0,61.85880381615988
5799,1,0,0,31.56072047165583,0,60.11819577746121
5800,0,0,0,59.54032237189724,0,66.61139339225633
5801,0,1,0,53.99496974223641,0,63.32597922817268
5802,0,0,1,48.15490353802623,0,62.2917708994628
5803,1,1,1,44.4650165523569,1,63.29041950294915
5804,1,1,0,38.40748544875417,0,60.49089531714377
5805,1,1,0,44.59626650552172,1,63.42723517578527
5806,1,0,1,44.44057985189907,1,58.64800714603202
5807,0,0,1,48.76710979197927,0,59.83016791769773
5808,1,1,0,51.12884623525852,1,65.37436625598171
5809,0,1,1,35.11788647138713,0,59.36931100976318
5810,1,0,1,45.70426383313779,1,58.42256635493056
5811,0,0,1,36.54616211193719,0,61.43190822947192
5812,0,1,1,36.58928460982584,0,60.41579099353902
5813,0,0,0,70.19463777242353,0,65.03723470195223
5814,1,0,0,47.79977986082464,1,66.09242349782033
5815,0,1,0,60.00142186290891,0,62.93416089069617
5816,0,0,1,66.87700391553273,0,66.57574361015553
5817,1,0,1,27.65937850318084,1,61.46777637148013
5818,0,0,1,46.84501099467096,0,62.84438695388108
5819,1,0,1,42.58464965193035,1,60.60636855666662
5820,1,1,0,64.8154322911434,1,64.7866837086282
5821,1,0,1,32.60852835994314,1,58.2045336149391
5822,0,1,1,48.3228204084565,0,63.54605993918095
5823,1,0,0,47.1691214344307,1,62.92225619115276
5824,0,0,1,62.13338370105852,0,63.43478569022524
5825,1,0,1,42.28134810379429,1,62.67056555767258
5826,0,0,1,59.72173609173076,0,65.38523231486093
5827,1,1,0,49.27248715165567,1,62.57487676191509
5828,1,0,0,54.50602123415541,1,60.90523960031008
5829,1,1,1,49.05090418291712,0,62.17337399698763
5830,1,0,0,41.74769630677137,1,61.15679339840613
5831,0,1,0,74.20091320954441,1,69.61217346433723
5832,1,1,0,56.95806755074125,1,63.04641378775406
5833,0,0,0,54.33627208990761,0,64.62245549734359
5834,1,0,1,43.88401124509528,1,62.78509541007156
5835,1,1,1,36.24647103703977,0,56.37261911181233
5836,1,1,0,58.8584000606407,1,63.47546481760085
5837,1,1,0,47.16862202194748,1,62.79605245704363
5838,0,0,1,56.51894123100656,0,61.85901077533956
5839,1,0,0,73.92329915780431,1,63.79673395899329
5840,0,1,0,47.92036063566356,0,59.65989369285571
5841,0,1,0,45.83182303293952,1,65.74072860998265
5842,1,0,0,56.92013491241079,1,63.98098157154934
5843,0,0,0,53.07033977980871,1,62.18217603314019
5844,1,1,0,53.81294752284612,1,63.65556399894076
5845,0,0,0,41.08446421435802,1,62.13726046150924
5846,1,1,0,55.59465188079274,1,65.43355515362612
5847,0,1,0,32.86977306184179,1,58.55096524994318
5848,0,1,0,45.45131018496265,0,64.48404662410891
5849,0,1,1,45.52222642254235,1,62.0141386969208
5850,1,1,0,46.70151507362655,1,64.38260593526529
5851,0,1,0,72.70064665715569,1,67.62347483259123
5852,0,1,0,58.82855772819329,0,65.1380979897159
5853,1,1,1,50.70863156820261,1,65.93034826793608
5854,0,0,0,34.7251568215659,0,60.63844648938566
5855,0,1,0,50.47296644260852,0,64.6261729886568
5856,1,1,0,49.96869315582726,0,63.33257565507871
5857,0,0,1,30.66239698864622,0,61.13293280688288
5858,1,0,0,54.12724631430323,1,65.36158979066036
5859,0,0,1,58.91935063690551,1,65.40794555177354
5860,0,1,1,55.51223395197776,0,59.67686208862469
5861,0,1,1,58.38898759994905,0,63.27935740876686
5862,0,1,1,49.10539413501402,0,60.29337638344897
5863,1,1,1,52.65729872191312,1,63.76259791084179
5864,0,1,1,24.10833507761128,0,55.21076680561286
5865,1,1,0,34.73235661437137,1,56.81532882927536
5866,0,1,0,58.26213404912296,0,62.21823943895381
5867,0,0,0,53.02949908707213,0,63.38849197817303
5868,0,0,1,56.70669528551021,0,63.41345424678916
5869,1,1,1,45.21984941616064,1,60.46328805556144
5870,1,0,1,49.41079960519507,1,61.65271645521636
5871,0,1,1,28.45994183080981,0,58.51537774804706
5872,0,0,1,44.90637696904756,0,61.8871802006562
5873,0,0,1,52.32255689608445,1,61.53558137285819
5874,0,0,0,44.75455593554661,0,63.27001263151011
5875,0,1,1,43.29979028967745,0,59.19721516387741
5876,0,0,1,50.79995331785272,0,58.77521441232145
5877,1,0,1,50.62333521441337,1,60.96755822249489
5878,1,0,1,55.53423272428619,1,62.50669670251348
5879,1,1,1,46.64204962676989,1,60.9890539646625
5880,1,1,1,38.9645571312772,0,57.81333625903492
5881,0,0,0,69.26112343135358,0,66.13599137073696
5882,0,0,0,55.01831152392874,0,62.49285097467909
5883,0,1,0,57.99290377497061,1,63.31645644710682
5884,0,1,0,28.89215168193336,1,61.99542132785867
5885,0,1,1,48.80237234798931,0,60.06271244035148
5886,1,0,1,45.9200646450328,1,63.17747258340113
5887,1,0,0,57.49485074518525,1,65.68974733340735
5888,0,1,1,54.2991170135225,1,64.36392101412333
5889,1,1,0,41.09828465359536,1,64.12023205226767
5890,1,1,0,56.29463069037597,1,65.18820208947199
5891,1,1,1,41.96425392051729,1,58.06804773737666
5892,0,1,1,63.17795743672208,1,64.29341064635739
5893,0,0,1,38.91612338261231,0,58.65472094950913
5894,0,0,0,44.20616469018729,0,64.89357280490194
5895,0,0,1,41.94041532818918,0,58.41724317880895
5896,1,1,1,57.34730505491061,1,65.18234306207897
5897,0,0,0,46.31047230131447,0,61.03565225827741
5898,1,1,1,42.07751682676334,0,62.34475838477484
5899,0,1,0,60.42875089849478,0,63.62505955752723
5900,1,1,0,55.01800511380788,1,64.90869012111472
5901,0,1,1,24.71456970786326,1,57.73614387210129
5902,1,1,1,38.04331426903451,1,61.94985158661858
5903,0,1,1,35.91382803953127,0,61.3669193426683
5904,1,0,0,58.17480982982289,1,62.63685392047705
5905,0,1,0,25.78894217246445,1,55.99529001485935
5906,0,1,1,29.36434730267364,1,58.38774726115005
5907,1,1,1,39.3134905297665,1,61.88818200407474
5908,0,0,0,50.36257102353281,1,63.59786549997603
5909,0,1,0,53.16541413116679,0,64.10753172125767
5910,0,1,0,50.85579254263306,0,62.87817126371344
5911,1,0,1,40.92022198742167,0,60.80783441955408
5912,1,0,1,43.17686700765147,1,61.33005076732129
5913,0,1,1,37.78530605421963,0,59.78506479177001
5914,0,1,1,48.29744897275672,0,62.21809690365027
5915,1,0,0,36.83299115424106,1,63.07244101449073
5916,0,1,0,54.41128974865785,1,64.33070738251958
5917,0,0,0,47.37240560627226,0,62.14082767164194
5918,0,1,0,43.08408868541466,0,61.41657215402397
5919,0,0,0,28.85449383022507,1,59.27349397390472
5920,0,1,1,60.07683106645446,0,62.10289361423858
5921,0,0,0,52.15555478450675,0,64.47047240280345
5922,0,0,0,51.54806045499249,0,64.93199469056708
5923,0,0,0,50.16662764535489,0,62.07733757880149
5924,0,1,0,50.26094094582911,0,65.55183456930158
5925,1,1,0,63.89707813013869,0,65.06600506721172
5926,0,0,1,41.81547543410673,0,56.46978288900782
5927,0,0,0,27.55585636375176,1,61.06783268734791
5928,1,1,0,60.16007357807531,1,63.46105490025725
5929,0,1,0,34.69618241370733,0,58.58991881210241
5930,1,1,0,50.39475673654346,1,63.79688856764957
5931,0,1,0,43.05764019166128,0,61.68864667788272
5932,1,1,0,45.86777103495572,1,59.0474357697506
5933,0,1,1,53.07020238624563,0,65.47362807746789
5934,0,0,1,52.52372527862687,0,59.44982150903807
5935,0,1,0,61.44469470457609,1,66.35929168431755
5936,0,1,1,26.05680261516246,0,55.43306358732247
5937,1,0,0,46.01310323951187,0,60.68549363588595
5938,1,1,0,43.20840062087563,1,62.62427426414681
5939,0,1,1,37.10184052708131,0,60.58480911240236
5940,0,1,1,33.23699579868986,1,60.03137388574754
5941,0,0,0,55.13748761849646,0,63.51051159431464
5942,0,1,1,50.46508023631518,0,62.60598653156689
5943,1,0,0,53.99122758090144,0,64.91668778580473
5944,1,1,0,56.34467911984508,1,65.12274831148507
5945,1,1,1,33.85627942623759,1,59.81601919507962
5946,1,0,1,43.47719743380286,1,58.06708816555035
5947,0,1,1,41.56084672970112,0,58.68625294324524
5948,1,0,1,30.02191740902148,1,59.8206415357097
5949,1,1,1,53.61340964927248,1,64.98421080798551
5950,0,0,1,41.76978448782737,0,58.75055516101769
5951,0,0,0,48.01452209166155,0,63.18361965151975
5952,0,1,1,56.93969831799431,0,60.9832493362605
5953,1,1,0,64.23604492503583,1,64.16513115774747
5954,1,0,1,29.0421893903675,0,57.48475765297533
5955,0,1,1,46.59425210859678,0,60.51413198827935
5956,1,0,0,54.12563743082538,0,58.94549655609075
5957,0,1,0,66.60767847148504,0,67.46244030683903
5958,0,1,1,56.17898282042614,0,63.64916206970549
5959,0,0,0,64.83939080333809,0,64.2713455513649
5960,0,0,1,35.22196528742501,0,57.63912971210959
5961,1,0,0,54.6546337545384,1,66.36820128611372
5962,1,1,0,52.79812974726313,1,66.05477472134946
5963,1,0,0,44.61243950821684,0,65.21355479922866
5964,1,0,1,37.98697134265579,1,61.70731868002315
5965,0,0,1,55.72958299264479,0,60.46024349665898
5966,0,1,0,47.85960794474784,0,61.69478737736214
5967,0,1,1,38.20524105702529,0,59.47889421771163
5968,0,1,1,55.23530673540869,0,59.72325067272062
5969,0,1,1,48.66134101192809,0,66.10834517677735
5970,0,0,0,57.66312935142731,0,63.44207133271414
5971,1,0,1,42.91385386109203,1,60.09486010025357
5972,1,1,1,41.06038399819287,1,65.16970999926774
5973,0,1,1,46.1046855925665,0,61.05140136036261
5974,1,0,0,70.56685660526512,1,66.98672474293147
5975,0,1,0,67.32466130457568,0,63.7722441939574
5976,0,1,1,42.68887977880103,0,59.60232188012752
5977,0,0,1,54.08288837366763,0,60.64775021545678
5978,0,0,0,60.89989988516022,0,66.34713277991771
5979,0,0,1,51.48979291251445,0,63.59457428237302
5980,0,1,0,44.72053134761166,0,63.23500924492077
5981,1,0,0,53.18225760460096,1,62.12811646181643
5982,0,1,1,42.57277611425155,0,58.19333837772761
5983,1,0,1,46.55244270263739,1,62.93312601877822
5984,1,1,1,53.20861926370986,1,64.99328501697605
5985,0,0,1,31.77594528092991,0,55.61484646548303
5986,0,1,1,54.96991836933374,0,62.5504418578097
5987,0,0,0,42.57667308694812,0,61.82842217328042
5988,0,0,1,44.74015034064517,0,61.69338964481312
5989,1,0,1,50.77438709861083,1,65.28597737299816
5990,0,1,0,23.29322815396089,1,62.61065532804637
5991,0,0,0,57.09718945972425,1,63.62663723253419
5992,1,0,1,34.94475964880398,1,57.97354442252335
5993,1,1,1,45.46903195862852,1,62.33141732794197
5994,1,0,0,64.96700053273827,1,63.46399258675309
5995,0,0,0,45.1477757389282,0,62.80115041897404
5996,1,0,0,55.81607742211455,1,63.85808903348495
5997,1,1,1,38.26906019586626,1,60.91725610824897
5998,0,1,0,47.18562816649008,0,60.25878150751208
5999,1,1,1,64.2701706814303,1,64.61868047227183
6000,1,0,0,52.82634353546234,1,61.73534849144509
6001,1,1,0,59.80513892130201,0,63.32259689309907
6002,1,1,0,62.7798867250068,1,63.79971858400703
6003,1,0,1,41.9963308502948,1,63.84400543862699
6004,0,0,0,51.11995571382118,0,63.98493428263161
6005,0,0,0,27.29208365750554,0,62.25825538866175
6006,0,1,1,54.97273882171602,0,59.93188181223803
6007,0,0,1,27.73334374552768,0,55.58774570081752
6008,0,0,0,58.16989243850311,0,63.18365614210781
6009,0,1,1,69.56394159079599,0,66.46352282300845
6010,1,0,1,38.71477431244843,1,60.78641947883721
6011,0,1,0,60.64885123608976,0,66.59175308294166
6012,0,0,1,45.57777894871148,0,62.06532819877578
6013,0,0,1,65.05124805855327,1,68.10293262077258
6014,0,0,0,75.27407869877941,0,66.5014573529884
6015,1,1,0,59.81414265799339,1,65.82517075118568
6016,0,1,0,58.14114774263823,0,66.05348290591851
6017,1,0,1,36.85617599606186,1,58.46160147294971
6018,1,1,0,39.88370978829349,0,62.95270302104761
6019,1,1,1,57.80387497375271,1,64.05186434008365
6020,1,1,1,53.71479183066413,1,64.17537236829719
6021,1,0,0,55.94646445732523,1,64.70809503186823
6022,1,0,0,66.35550267224339,0,63.96664202472682
6023,0,1,0,45.59896000461089,0,61.712373104496
6024,0,0,0,48.25899442966215,0,62.22647912582327
6025,0,1,1,39.04176043448518,0,62.85695498723994
6026,1,0,1,49.98657942234617,0,58.69234157169527
6027,0,1,0,49.07242795106158,0,59.87525402314546
6028,0,1,1,31.79346519381062,1,57.76943891847053
6029,1,0,1,39.32484964528799,1,60.8904545923173
6030,1,0,1,45.38830483381227,1,65.08748304424634
6031,1,0,1,50.79680304850623,1,61.58388322108691
6032,1,1,1,44.39308836435121,1,61.23657740452902
6033,0,0,0,59.35811885995895,0,66.02229860247432
6034,1,1,1,66.89370321980716,1,64.30778235664019
6035,0,0,0,47.38104297472597,0,60.1830740146102
6036,1,1,0,51.86094574277726,1,65.4769070700378
6037,0,0,1,41.111846205834,0,61.48291146318174
6038,0,1,0,46.44620434030842,1,63.74221742964974
6039,0,1,0,44.20037921294865,0,62.3160983608953
6040,1,0,1,62.1564174319567,0,61.11915015413161
6041,0,0,1,52.01237579639083,1,58.12646688553026
6042,1,1,1,46.6429982344218,1,61.49209456278024
6043,0,0,0,39.13046617288005,0,60.77209445728693
6044,0,0,1,53.76740470812538,0,59.84343045869782
6045,1,0,1,47.75260712976752,1,63.09937088722715
6046,0,0,1,51.6277110368729,0,61.0687276474152
6047,0,0,0,52.87480865782197,0,62.36684298609993
6048,1,1,0,54.01789276568471,1,60.23902748208458
6049,1,0,1,38.48469522127134,1,57.39123520311222
6050,0,0,1,27.48157616503989,0,57.16297709013638
6051,0,1,0,72.66798779381895,1,66.98551440137079
6052,0,1,0,62.14478027112659,0,65.36463742675392
6053,1,0,0,39.12667884027271,1,60.76660825544123
6054,0,0,1,45.59738983630849,0,58.7524848245348
6055,0,0,0,44.96626844483471,0,58.88521578141679
6056,0,1,0,43.7761115914475,0,62.23348656074486
6057,0,1,0,57.85590291747513,0,63.35642532954172
6058,0,1,1,50.54289375505055,0,60.45339213574606
6059,0,1,1,72.84132885631605,0,64.97003633006739
6060,0,1,1,70.57376383458933,0,63.68683504358636
6061,0,0,1,59.18594718073577,0,62.26724745470103
6062,1,0,1,53.13988443141287,1,64.33171240316938
6063,0,1,1,70.97210397110146,0,65.41706183201794
6064,1,0,1,33.01023828770497,1,56.10216644354432
6065,1,0,0,51.75360884157804,1,62.52370130039478
6066,0,1,0,46.97406238134076,0,61.40528174564707
6067,1,0,0,50.5723695097526,1,62.97884090426361
6068,1,1,0,51.02140431155303,1,63.30729803653968
6069,0,0,1,54.50886341877116,0,61.06317194195525
6070,0,0,0,54.38380735457476,0,60.03129669253056
6071,0,0,1,41.65410339963528,0,59.3834290996368
6072,0,1,0,44.35868160924289,0,59.8554704647533
6073,0,0,0,65.8004218252966,0,67.07544095924821
6074,0,0,1,34.80004081834124,0,58.82238030736302
6075,0,1,1,55.7816429452082,0,64.91031366760345
6076,0,0,0,59.04638740890964,0,64.46834318355089
6077,0,1,0,46.30977304145004,0,61.27673875746165
6078,1,0,1,36.59170773189361,1,59.38768998598663
6079,1,0,1,58.45137597585305,1,64.77001477849039
6080,0,0,0,50.87801865672251,0,63.99368904598772
6081,0,0,0,43.18127201601617,0,60.06172894827139
6082,0,1,1,40.05618047196918,0,62.49650107448537
6083,0,1,1,44.25583549055933,0,58.99520569572539
6084,1,0,1,62.03453753904743,1,63.95614323567236
6085,0,0,0,40.64049574583902,0,61.90981623401353
6086,0,1,1,45.64522304172911,0,63.92032817989312
6087,0,0,1,40.10545487937858,0,61.07249041444219
6088,1,0,0,41.07188603612809,1,63.34666547150967
6089,1,0,1,35.36356082702657,1,57.99045004814487
6090,1,1,0,37.68729524177104,1,66.66160999930563
6091,0,1,0,50.68408834784226,0,64.58247753098655
6092,1,1,1,40.85912894662192,0,62.65651108440685
6093,1,1,1,58.44282811841883,1,62.04771105900731
6094,1,1,1,47.81313305790097,1,63.36368935960902
6095,1,1,1,46.26016729559942,1,63.9114151930638
6096,0,0,1,35.05811687404263,1,62.46450938664463
6097,0,0,1,32.38130497452929,0,61.39159158895735
6098,0,0,1,37.21522800526633,0,59.11437364228793
6099,0,1,1,60.98193397379101,0,63.82145428072233
6100,1,1,0,53.25188230732434,0,64.24080830612449
6101,0,0,0,51.00178174903937,0,66.02381434547
6102,1,1,1,36.71334380252399,1,60.57448774896106
6103,0,1,1,54.72810546503675,0,62.77883056358601
6104,1,0,0,62.2299619863842,0,64.85352312069222
6105,0,1,1,47.1491416948014,0,63.83398842322974
6106,0,1,1,44.49315079217246,0,57.57354929518002
6107,0,0,0,37.51662934931918,1,62.34105805971321
6108,1,0,0,54.15577284842459,1,62.32447983802681
6109,0,1,0,55.83332237191105,0,65.74138822827108
6110,1,0,0,39.20775480164757,1,60.31119280313793
6111,0,0,1,43.92022880304171,1,63.7794644432124
6112,1,1,0,39.01175895433673,1,63.38488070311709
6113,0,1,0,44.75464290003931,0,61.40604843191311
6114,1,0,1,53.90502677174743,1,64.33625605803211
6115,0,0,1,46.11984764750898,0,60.43787762774927
6116,0,1,1,48.8251054711363,0,62.76370053239707
6117,0,0,0,51.04088060462414,0,63.23569088514635
6118,0,0,0,69.69706792805158,0,64.2111936073222
6119,0,1,0,46.62408924363729,0,60.32169127384118
6120,0,0,1,50.15014388025494,0,60.48718973491518
6121,1,1,0,52.87506205185218,1,63.84609739807212
6122,1,0,0,37.483580588099,0,60.1984709066091
6123,1,0,1,35.21768124270281,1,60.6457138290409
6124,1,1,1,49.34749287444851,1,59.96094224479958
6125,1,0,0,59.97851725631188,1,63.83236866310798
6126,1,1,0,42.11255360192421,1,63.41288168803273
6127,1,1,0,53.65508983867542,0,64.13199304573676
6128,1,1,1,41.56201405237801,1,61.73188273041687
6129,1,1,1,53.32737240154992,1,61.38240685335687
6130,0,0,1,44.43474827758848,0,60.25845139514034
6131,1,0,0,48.96926016459322,1,60.91745503537607
6132,1,0,1,52.25963972410645,1,63.16591264444853
6133,0,0,1,53.82785476963925,1,64.94738052234536
6134,0,1,0,44.76047695620865,0,61.17173769227919
6135,1,0,1,50.07152031757366,1,63.79958866050368
6136,1,0,0,47.26721204046659,1,64.27068904235733
6137,0,0,1,49.29739769454874,0,62.91805840965639
6138,1,1,1,57.50819183463265,0,60.68319845088695
6139,0,0,0,53.71874958200974,1,67.00426289862885
6140,0,1,1,52.17270656640328,1,61.89039092425288
6141,0,0,0,32.90332382472428,0,60.55859766936562
6142,0,0,0,83.63399721261187,0,64.14679538749628
6143,0,1,1,45.22921891069721,0,58.28862933698175
6144,1,1,0,43.56196632101913,0,63.52458416220064
6145,0,0,0,37.67789190017234,0,62.32151251051849
6146,1,0,1,34.38853631058247,0,56.67387454217584
6147,1,0,1,43.612287024546,0,58.54442952095738
6148,0,1,0,66.45785077541311,0,65.59233109602056
6149,1,0,0,48.60320244434377,0,60.83485652953709
6150,1,0,0,30.05219341160319,0,59.85608993515269
6151,0,0,1,40.08113879654842,0,58.85674031558847
6152,0,0,0,45.33929934272883,0,63.80089113534478
6153,0,1,1,44.06391972549388,0,61.37831212171729
6154,0,0,1,57.10253985635502,0,60.96365068698927
6155,0,0,1,45.75238487794093,1,59.00148014620397
6156,0,0,1,28.30563928240138,0,56.20515062504638
6157,1,1,1,52.3248384179097,1,62.01274708187611
6158,0,1,0,44.65051914138546,1,60.84962094325609
6159,1,1,1,47.28327474014547,1,61.95322029160196
6160,1,0,0,34.73288032356908,1,63.60764108804525
6161,1,0,0,52.08758277197067,0,60.29366807471139
6162,1,0,0,47.61689637262683,0,64.28392562275901
6163,0,1,1,46.19816697174078,0,58.65342950670778
6164,0,1,0,33.61569441814933,0,61.34630700231099
6165,0,1,0,51.86749463059008,0,62.18128136095633
6166,0,1,1,30.34692441893664,0,60.80356774309809
6167,1,1,1,54.64815645969696,1,63.48910912255856
6168,0,0,1,37.63115617302087,0,56.05605551605023
6169,1,1,0,58.62891932065608,0,65.58923440514937
6170,1,0,0,63.08559228984522,0,64.57774272147208
6171,0,1,1,46.59188201964556,0,59.09758088985298
6172,1,1,1,32.01771611524249,1,60.67022185851955
6173,0,1,1,65.91913910033293,0,67.50502863607463
6174,0,1,1,48.68874994471746,0,62.53181161378001
6175,0,0,0,48.88607803219222,0,62.79425294815849
6176,0,1,0,59.1337721961778,0,63.91004789136122
6177,1,0,0,58.26841323443344,1,66.98909749605016
6178,1,1,1,44.64697385596067,0,60.38186925243546
6179,0,1,0,47.19965413416684,0,60.94405677983297
6180,0,0,0,44.57733133828098,0,65.88359290057194
6181,0,1,0,61.54304216328104,0,62.91972887310066
6182,0,1,1,68.82110963769767,0,66.43502347491113
6183,1,0,0,46.74039534285274,1,63.03301467314831
6184,1,0,0,45.30114275761181,1,62.02670291518977
6185,0,1,1,41.32688912097287,0,63.35895350906506
6186,1,0,0,35.99825270390648,0,60.35806170714417
6187,1,0,0,60.88106334807445,1,66.01432614981458
6188,1,1,0,49.99622732705954,1,60.6005599432271
6189,1,0,0,51.94683487720576,1,64.82327115608679
6190,0,0,0,52.55686638912659,0,63.37115007882071
6191,1,1,1,30.53802161857957,1,61.27166559865118
6192,1,1,1,55.17917523586614,1,61.0977577241148
6193,1,1,1,57.62311525356009,1,61.40223495254615
6194,1,0,1,31.49797396926078,1,58.84930554633743
6195,1,0,1,36.73183580685018,1,61.62011562868374
6196,0,1,0,45.0024101323909,1,62.78168049883788
6197,0,0,0,60.37600375014695,1,63.02121112426378
6198,1,1,0,41.8580924531523,1,58.58255062268243
6199,1,1,0,50.08233207034547,1,64.52256147490647
6200,0,1,0,57.47351580163739,0,62.86693294598395
6201,1,0,0,52.78756712396859,1,62.97466295785749
6202,0,0,0,59.27218761449058,0,63.19038845222752
6203,0,0,1,57.54305179151503,0,61.10186302324794
6204,0,1,1,40.09018305388147,0,60.68932975025411
6205,0,0,0,46.98630546638304,0,63.27002953701576
6206,0,1,1,33.24770159637133,0,58.39224221605028
6207,1,1,0,63.21758615461751,0,67.30534529814165
6208,0,0,0,57.85806523280824,0,64.35848012371879
6209,1,1,1,49.0277789609265,0,59.97648603566624
6210,0,0,0,49.47675701652902,0,63.31204681543112
6211,1,1,0,38.60676711643843,1,61.46247932595197
6212,1,1,1,51.97869060627666,1,62.07066441199303
6213,1,1,0,62.72915857757906,1,65.46022081159244
6214,0,0,1,31.09952684675853,0,58.57515856982226
6215,1,0,0,53.51365231482377,1,65.31138516993794
6216,1,1,0,54.62474739030467,1,62.0995172394223
6217,1,1,0,53.7576161213873,1,66.49042165108091
6218,1,0,1,55.34130532277754,1,66.46881827244964
6219,0,0,1,46.65282189087933,0,62.20692663269755
6220,1,0,1,28.16454610629138,0,57.80347657670532
6221,1,1,0,35.69467050152272,1,61.21834375410823
6222,0,0,0,54.85451152291532,1,63.37419453941893
6223,0,0,0,30.22560599874326,0,62.25523385038812
6224,1,0,0,36.26888379882695,1,56.79541091738366
6225,1,1,0,46.40715406647249,0,62.74329663235859
6226,1,1,0,52.88492825917834,1,64.72246109478576
6227,0,0,0,39.65872411215479,0,63.03702634628494
6228,1,1,0,51.14863045597347,1,59.9890410941731
6229,0,1,1,55.81189375347772,0,63.97919453794555
6230,1,1,1,62.10712702932325,1,66.89596037046124
6231,0,1,0,54.98025254912134,1,62.23875553060663
6232,1,0,1,37.6084191276631,0,60.01520661085905
6233,0,1,1,63.46619109829802,0,63.54799497996861
6234,0,0,1,42.21045605849722,0,60.11416707695622
6235,0,1,0,45.74446751703016,0,64.76719071405293
6236,1,0,0,51.89484764657188,0,59.46346902691026
6237,1,0,0,45.46196252934772,1,62.67217741153312
6238,0,1,1,45.14822471786095,0,55.8398169626459
6239,0,0,0,52.65064400869372,0,64.82135442667128
6240,0,1,0,60.69394393593748,0,65.14655578600228
6241,1,1,0,50.39920070639953,1,61.02858532812721
6242,1,1,1,55.72489850932331,1,61.47209228269336
6243,1,0,1,62.84663000371494,1,63.33529446592444
6244,0,0,1,38.04619075676376,0,61.59283286523932
6245,0,0,0,53.80780469011143,0,63.48866841464346
6246,1,0,1,53.61890602498406,1,60.8962277644529
6247,0,0,1,56.14151144550564,0,62.30170409921833
6248,1,1,1,58.72229627041435,1,62.13327176488355
6249,0,0,0,49.19631012050311,0,63.25830896142495
6250,1,0,1,61.37538147048451,1,63.1053012208051
6251,1,1,0,52.20842836610977,0,64.73738359692213
6252,1,1,1,45.48011498874799,1,59.11921880126025
6253,1,1,0,55.70324585761705,0,63.61928474339391
6254,1,0,0,33.08528617905252,0,61.67505026398285
6255,1,0,0,40.79222400775419,1,62.70473922975361
6256,1,0,1,60.57145468302102,1,66.60483741212501
6257,1,1,0,59.59679371829167,1,63.5721350014535
6258,1,0,0,61.05251969507761,1,65.90721724823356
6259,1,0,1,67.61886464293241,1,65.75077955020053
6260,1,0,0,54.64090069156186,1,64.63203845066585
6261,0,0,1,38.47069702005623,0,61.82451994624853
6262,0,1,0,53.14975978088847,0,62.66225492672112
6263,1,0,0,44.1913613064231,1,63.84170211943901
6264,1,0,1,46.43320545494323,1,61.51854964234619
6265,1,1,1,39.94149753253841,1,60.74724745033102
6266,0,1,1,40.81290148146084,1,60.09612134966116
6267,1,1,1,59.05953205035683,1,62.56759093728793
6268,0,1,1,48.52904301757733,0,60.47076941643439
6269,0,0,1,33.41110187861256,0,59.08733262634682
6270,0,1,1,54.95222581179289,0,60.46938507014469
6271,1,0,1,40.39233286845963,0,59.43482351246544
6272,1,0,1,47.42995181743866,1,62.47702847355715
6273,1,1,0,65.90911099980441,0,67.85156516621265
6274,1,0,1,54.60334665161499,1,63.45872807017152
6275,0,0,0,42.97302760360903,0,63.4286314016657
6276,0,0,1,54.49529624121955,0,61.63363823153032
6277,0,1,0,49.1482046705211,1,58.99416551179525
6278,0,1,0,38.66675860805597,0,60.90806677536203
6279,0,0,0,51.62409368845687,0,62.4157833303483
6280,1,0,0,47.24385028237617,1,65.03978131167159
6281,0,1,0,62.69067089919521,0,68.24363594624461
6282,0,0,1,40.71006337683226,0,60.4318376404416
6283,0,1,0,59.91409208269095,0,63.84677235100438
6284,0,1,1,30.37910479466507,0,59.79634094904066
6285,1,0,0,41.90546625131319,1,62.57761694565721
6286,0,0,1,48.82805954177253,0,58.69815385104333
6287,0,0,1,32.75505175241285,0,62.44462639325368
6288,0,0,0,65.22207199846611,0,63.15707953130178
6289,1,0,1,47.42950783770077,1,62.90244929975544
6290,0,1,0,60.2216817452362,0,65.98208867172799
6291,1,0,1,61.21847258716019,0,62.5607620218357
6292,0,1,1,40.14104289802474,1,59.57715294061862
6293,0,1,0,39.39260911633131,1,59.51701951084227
6294,0,1,1,46.75739795205273,1,62.34703366833229
6295,0,1,0,51.12386023012409,0,61.94284109221918
6296,0,0,1,45.42611872907583,0,59.64073312269439
6297,0,0,0,43.52408990361464,0,59.1802660254363
6298,1,0,1,56.52544603950669,1,65.08601639734367
6299,0,0,0,59.90650991614609,0,61.10670958004578
6300,1,1,1,37.9658781019043,1,60.57339584196897
6301,0,0,1,47.35720950406117,0,57.17408192233383
6302,1,0,1,55.6876193086751,1,65.7288117327019
6303,0,0,0,40.84080318367372,0,62.37052029492371
6304,1,1,0,57.82675690778366,1,66.46862836639566
6305,0,0,0,64.14061156452219,0,66.74534198281023
6306,0,1,0,59.17708624951083,1,68.7243563065026
6307,1,0,0,40.17814670297307,0,62.81926948213454
6308,1,1,1,40.4199509874252,0,56.33234323711972
6309,0,0,0,34.48042230284148,0,63.32368895542595
6310,1,1,1,49.4506679846173,0,62.4215842741823
6311,1,0,1,55.33495473982283,1,62.89234812099199
6312,0,0,0,47.40975136574757,0,64.67864180439499
6313,0,1,1,55.40787995330694,0,62.55846283939345
6314,1,1,0,47.81922290996746,0,63.21150408545046
6315,0,1,1,46.21548777340014,0,63.64699664852298
6316,1,0,0,41.7524121152738,0,57.25918871781729
6317,0,0,0,43.2520546112866,0,60.23500530457684
6318,1,1,0,39.92057346442559,1,63.44493507266284
6319,1,1,0,54.88924515263404,1,66.27104299108784
6320,1,1,1,39.95690464208896,1,56.6362628758804
6321,1,1,1,38.56502506669002,1,59.88332092651169
6322,0,1,0,37.34584031317366,0,60.00782913545446
6323,1,0,1,63.03630306222804,1,63.06392603958187
6324,1,0,0,68.94398121525052,0,62.15491343977067
6325,1,0,1,56.53711654786273,0,63.08278906392955
6326,0,1,0,71.42671825159259,0,67.24017557700907
6327,0,1,0,51.07498288393504,0,64.81992400514099
6328,1,1,0,45.53123659616082,0,62.40147127556314
6329,0,1,1,44.02560798155633,0,60.16941901373368
6330,1,1,1,36.65172157940947,1,61.54435319641169
6331,1,1,1,47.76430767485622,1,59.43635232769611
6332,1,1,0,67.63967855422929,1,66.19171635021897
6333,1,1,0,39.38010922779448,0,60.63432488892218
6334,0,0,0,38.38113984118282,0,55.95928096584582
6335,1,0,0,55.65768341707866,0,63.95568407905532
6336,0,0,1,55.19107951786971,0,60.98034257290028
6337,0,1,0,43.61882941548809,1,63.32961647923732
6338,1,0,1,39.11286096266613,1,59.75629107549599
6339,0,1,0,39.17289069234526,1,64.44419431829657
6340,1,1,0,63.61807865034254,1,65.92096687839135
6341,0,1,1,33.58079521934312,0,53.9232638917589
6342,0,0,1,22.83772900663726,1,59.12456149906715
6343,0,0,1,53.46221932250094,0,61.73232598868565
6344,1,1,0,41.3279936135532,0,61.1994805681213
6345,1,0,0,39.00319020441517,0,61.29666480699591
6346,1,1,1,54.50059582877383,1,64.8190286517831
6347,0,0,1,52.39483609424747,0,59.71542966978036
6348,0,0,1,49.15251379290173,0,62.24968091284067
6349,0,1,0,57.7083494986349,0,62.40214998683972
6350,1,0,0,45.10815235161991,1,62.66233855899341
6351,1,1,1,38.40999031637236,1,61.15744667068068
6352,0,1,1,51.98719429156719,0,61.57385283309851
6353,0,0,1,44.01149178610416,1,59.96885070745321
6354,0,0,0,63.68306979831344,1,68.52006781879965
6355,1,1,0,40.14655808051531,1,60.61533944280465
6356,0,1,0,37.8964299794727,0,63.38928221097942
6357,0,0,1,83.1532596867284,0,65.40487799530248
6358,1,1,1,21.45528349023299,0,59.24638932562471
6359,0,1,0,36.34431387557117,0,60.96286505323831
6360,1,1,0,54.12686015922499,1,65.76028745688637
6361,0,1,0,49.48362157982788,0,63.02508073349468
6362,0,1,0,48.91157267846389,0,61.26275159751479
6363,0,1,0,61.24367691350473,0,65.57349112948054
6364,1,0,0,38.26876113449823,0,58.58854993047452
6365,1,1,1,37.24235006248932,1,63.57610677235843
6366,1,1,1,51.54777690047737,1,60.28754153335015
6367,0,1,0,67.60122060063742,0,65.42106946084232
6368,1,1,0,54.73491354725741,1,64.68688942144058
6369,1,0,0,46.50994346829388,1,64.86423461302226
6370,1,0,0,49.68889887111786,0,61.94650425695617
6371,1,0,1,46.21671258843527,1,61.4503671988887
6372,1,0,0,63.46846188224582,0,63.60006213100395
6373,0,1,0,27.74603315472108,0,63.0586941811934
6374,0,0,0,55.82057901454359,0,63.10633609520317
6375,1,1,1,29.30526127574133,1,59.85245413557741
6376,1,0,0,41.24855694919835,0,59.37929789314193
6377,0,0,0,76.5486974606187,1,65.35351537913316
6378,0,1,0,49.93788557896275,0,66.92769141063764
6379,1,0,1,53.41968101932066,0,63.05652489398761
6380,1,0,1,53.42126568191924,1,62.98559595025574
6381,0,0,0,55.35211635265664,0,60.71551068845216
6382,0,1,1,49.77073857080189,0,62.25723119802798
6383,0,1,0,41.53568020873986,0,64.63160178237601
6384,0,0,0,43.45378036053373,0,61.39349626831875
6385,0,0,0,64.45148971763162,0,64.87332338465954
6386,0,1,1,60.06820807604083,0,63.02139496588846
6387,1,1,1,40.36351629369908,1,60.49624284261368
6388,0,1,1,47.23198856648247,0,59.48799206321679
6389,1,0,0,45.04066215038503,1,63.5587408802874
6390,0,0,0,47.471181308382,0,64.96386853130677
6391,1,0,1,34.54174803063933,1,56.42451812743036
6392,1,0,1,32.49794139687764,1,60.45144425537977
6393,0,0,1,38.11378293225629,0,56.36954915767512
6394,0,1,1,41.87665259617127,0,60.14408504070368
6395,0,1,0,61.53486592901973,0,64.28669585677281
6396,0,0,0,48.20107479787695,1,59.89311624577704
6397,0,0,0,55.51241735176314,1,59.73384084326635
6398,0,0,0,48.8401996585442,1,61.41189654141149
6399,1,1,1,69.79046082507422,1,66.73678797322104
6400,1,1,0,58.77766755804826,1,65.77816720470675
6401,1,1,0,54.33603184419244,1,62.57027146571897
6402,0,0,0,38.76569560394045,0,61.64043837775613
6403,1,1,1,49.72164995823088,1,62.20767295982136
6404,1,0,0,47.41346742193173,0,58.81485074641776
6405,1,1,0,38.88514239389502,1,61.40827970371424
6406,1,0,1,33.3162893079935,1,62.53541741563044
6407,1,0,1,44.82557463882289,1,64.69118048132844
6408,0,0,1,43.38444425181483,0,61.90840492464254
6409,0,0,0,45.80968801895456,0,63.62752449280769
6410,1,0,1,28.2234796058018,1,58.10634649199643
6411,1,0,1,32.35632300336516,0,59.67626832256201
6412,1,1,1,54.47219753283854,0,63.01256142507383
6413,0,1,0,48.49418065868967,0,62.04152188466479
6414,1,0,0,45.6906187737935,1,62.06106940244521
6415,0,1,0,62.92285153359139,0,65.72014423432515
6416,0,1,1,40.65004609426445,0,61.49960946053232
6417,1,1,0,48.14709527151243,1,62.72003467913233
6418,0,0,1,39.7847551684704,0,61.86383953678499
6419,1,0,0,48.71475705710706,1,63.62535689058946
6420,1,1,0,49.80589507621072,0,62.13127364546464
6421,0,1,0,52.96472631911205,0,64.14867606857544
6422,0,0,0,43.82165680824902,1,60.80246358717651
6423,0,0,1,46.66690206387037,0,62.93094278563747
6424,0,1,1,46.99359180279013,0,61.80742918101087
6425,0,0,1,42.9714677038485,0,61.89615976015985
6426,0,1,0,38.85121252815459,0,58.20707973444281
6427,1,1,1,44.62689987542819,1,64.97038626044872
6428,0,0,1,60.27173741792702,1,64.93401293175484
6429,1,0,1,54.2331449572154,1,62.88627807442717
6430,1,1,0,58.13053816903894,0,64.15488084881206
6431,1,1,1,43.04027847782528,1,61.74650927336821
6432,0,1,1,59.6321277321027,1,64.61372659604216
6433,0,1,1,59.7496823056882,0,63.29559653568445
6434,1,1,0,49.17636986178164,0,64.92795654686296
6435,0,0,1,55.73059516658006,0,61.78708135417418
6436,1,0,1,48.04570492302906,1,60.34487233895343
6437,0,0,0,50.4691855232611,0,63.54730478995023
6438,1,0,1,42.77082890342506,1,59.57323401727246
6439,1,1,0,77.5485556020699,1,64.10453097955515
6440,1,1,1,56.1329119887676,1,65.00399193302579
6441,1,0,0,50.18750844283329,0,62.89911136958791
6442,0,1,1,41.97354824415191,0,59.98974409126514
6443,1,1,0,58.39597570755861,1,65.43126925738552
6444,0,0,0,61.11533026396852,1,63.4309462666591
6445,0,0,1,40.85148638641591,1,59.61064876869875
6446,1,0,1,49.96166680227721,1,62.94274885932298
6447,1,1,1,41.60122805148487,1,63.10213407591252
6448,0,0,1,52.64636890174739,0,59.88628451225297
6449,1,1,1,57.14632267922675,1,62.69662996977218
6450,1,1,0,52.29189109356734,1,63.45516074166258
6451,1,1,0,52.16382028417175,0,60.65636910005509
6452,0,0,0,41.52532860702048,1,63.09426470257632
6453,0,1,1,42.22549941797855,0,60.44415476073787
6454,0,0,1,47.73861757749866,0,61.18818753420715
6455,1,1,0,55.43454232969775,1,63.10602563803306
6456,1,0,1,57.18553713379855,1,65.37448876745181
6457,0,0,0,61.18572978464519,0,63.70004666345041
6458,1,1,0,60.67962147396982,0,66.38799109818184
6459,1,1,0,57.71191567089221,1,63.74968899146054
6460,1,1,0,60.40480734076715,1,65.98592781591651
6461,1,1,0,49.36791429629409,0,64.05112177617157
6462,0,0,1,57.56726837310045,0,62.20025974078891
6463,0,1,1,34.99350178482329,0,60.01339270875855
6464,1,0,0,45.96967618010243,1,61.20068962334534
6465,1,0,0,47.50210553911196,0,60.93261345150131
6466,1,1,0,38.76636174019026,1,61.41226793523047
6467,1,0,1,55.43274638812595,1,63.11232879895299
6468,0,1,1,61.9264812383618,0,62.93618096242559
6469,0,1,1,48.32838101091014,0,63.21060123664331
6470,0,0,1,36.12870506750366,1,57.35153608040953
6471,1,1,1,38.50875790305573,1,61.94000584448256
6472,0,1,0,50.61374897695462,0,58.74387037001303
6473,0,0,0,42.93747471299299,1,60.20059837007378
6474,0,1,1,70.72958127498737,0,65.51595303565858
6475,0,1,0,47.61816411328206,0,63.37717739300275
6476,1,1,1,51.91810264722629,1,67.03457932075031
6477,0,1,0,51.76697983283241,0,63.77091704651907
6478,0,1,0,53.38080749337659,0,60.13798798984002
6479,0,1,1,22.67389788533173,1,58.05541363231404
6480,0,1,0,53.68841736633424,0,62.38694042061415
6481,0,0,0,52.74224473658579,0,65.30310442708691
6482,1,1,0,48.40754802773948,1,68.384434967507
6483,0,1,0,48.93787048447979,1,64.7335633012767
6484,0,1,1,65.34396262470855,0,61.9613607834224
6485,1,0,1,37.95685428821861,1,63.31485426353673
6486,1,1,0,33.58726733989421,1,63.93562586356927
6487,0,0,0,56.74074727260256,1,61.99893104876976
6488,0,0,1,45.23766313427664,1,60.02987150320261
6489,1,1,1,47.23255477981969,0,58.69103944403793
6490,1,0,1,50.3970110628961,1,60.8387627376858
6491,1,0,1,45.80449938516904,1,62.8573126798258
6492,0,0,0,64.69857051776967,1,64.30626780136741
6493,1,0,1,53.01058729787634,1,65.18464581725134
6494,1,0,1,72.70539651008664,1,64.93907805259583
6495,1,0,0,76.23146427806114,1,62.19077860502119
6496,0,1,0,43.17835910725696,1,63.24172906326105
6497,0,1,0,41.09623680709129,0,60.45325024274162
6498,0,0,1,49.93861602366938,1,62.62661822439108
6499,0,0,1,54.30403738986877,0,63.34131398236216
6500,0,1,1,47.22680504251923,0,62.97846402617621
6501,1,1,0,38.59896438612856,0,60.78611992825148
6502,0,1,1,60.16918537760927,0,63.62711392743968
6503,1,0,1,51.74832518239887,1,61.98626447706983
6504,0,0,0,48.12368158401452,0,62.37761339981092
6505,1,0,1,31.41240282741103,1,56.58299237442763
6506,1,0,1,36.22490628729166,1,57.93478312087421
6507,1,1,1,41.05533695804359,1,61.27459213466162
6508,0,0,0,27.97549920326693,0,58.80468483370429
6509,0,0,1,44.16039089106197,0,60.50723331429405
6510,1,0,1,35.27676454424955,0,59.22566595887432
6511,0,1,1,50.53594128064731,1,57.70019494971689
6512,0,1,1,56.90477134120559,0,64.59893897669436
6513,0,0,0,42.57695404148338,0,60.20719291391414
6514,1,1,1,46.37685926249619,1,62.92358445923659
6515,1,1,0,70.08890965420657,0,66.70043162758516
6516,1,1,1,45.96812997525095,1,62.40912408704632
6517,0,1,1,36.48890965776305,0,57.93799908383644
6518,1,1,0,55.95756180130343,1,64.74954545824522
6519,1,1,0,38.9873066626235,1,65.3060369343747
6520,1,1,1,50.83103689685949,0,59.93685241437349
6521,0,0,0,58.72447116939441,0,61.34615045877916
6522,1,1,1,39.53839883138511,1,61.29574930159563
6523,0,1,1,48.62959864495653,0,64.39687042002953
6524,1,1,1,36.78188597186472,1,59.39062832656312
6525,0,1,0,45.83306516414432,0,63.43238297023809
6526,0,0,0,55.71725668566816,0,63.65712789706593
6527,1,0,1,40.83914572226989,1,56.64694390467157
6528,1,0,0,59.89521460499464,0,64.28286134390399
6529,0,0,1,56.69371570855411,1,65.22067465349046
6530,1,0,1,58.37932977695648,1,66.83460676065963
6531,0,0,0,47.49224025768417,0,61.89993475268528
6532,0,1,0,36.24877672447317,0,62.05581786999076
6533,0,0,1,46.90611964664611,0,60.15763505531824
6534,1,1,0,54.16884924293106,1,64.4531346088564
6535,0,0,0,46.93801113538719,0,62.53706715379561
6536,0,1,0,47.35173676250287,0,62.55318886110935
6537,1,0,1,49.03834198350147,1,63.60306213827659
6538,1,0,0,46.41065991789738,1,65.83861206333548
6539,0,1,1,52.83415875672675,0,62.25311395082368
6540,1,0,0,56.19968240700731,0,65.76174776547604
6541,1,1,0,49.54996700242575,0,61.82418017552583
6542,0,1,0,35.74175853071468,1,59.87350841556698
6543,1,1,0,50.16814476757627,1,62.06734317728962
6544,1,1,1,60.9085673997635,1,62.37737014489725
6545,0,1,1,50.7763186332079,0,63.51991618486655
6546,1,1,1,40.14303750580457,0,61.54928886012672
6547,1,1,1,53.86784998373782,1,66.90827764514189
6548,1,1,0,41.86886485323416,0,62.37236773585266
6549,1,1,0,47.90237829405665,0,62.71212734492021
6550,0,1,0,61.83620679100805,0,64.44337458272909
6551,1,0,1,28.5679500378704,0,56.67083118134693
6552,0,0,0,56.26372399697104,0,63.39686548529999
6553,0,0,0,26.30049721739766,0,58.45750066728667
6554,1,0,0,54.8557800654726,1,62.24355356220263
6555,0,1,1,55.62304070216886,0,63.48368498339523
6556,0,0,0,59.57775216826146,1,65.42363112736466
6557,0,0,1,34.3524867246277,0,59.60904492856213
6558,0,0,0,56.16030458704402,0,63.7643163364589
6559,0,0,0,35.87229118075749,0,61.37111559606397
6560,0,0,0,43.5251175152744,0,63.22734583216261
6561,1,0,1,49.25500120951671,1,64.7370572087553
6562,0,0,1,34.97683391204561,0,60.85744678679681
6563,1,1,1,53.09205301109855,1,64.14003074953007
6564,0,1,0,36.39276712716955,0,61.83999085204042
6565,1,0,1,47.62526109434459,1,65.69995368687412
6566,0,1,0,48.11907971171101,0,58.17295810531913
6567,1,0,0,71.58432682662625,1,66.01655064616652
6568,0,1,1,25.06159748796991,0,57.49752778215137
6569,1,1,1,40.82179277903002,0,60.6074099579585
6570,1,0,1,35.29805983247951,1,59.63119902389192
6571,0,1,1,53.54364414496098,0,62.03525124749922
6572,1,1,1,56.88402963832186,1,65.23732140720305
6573,0,1,1,45.41609277248771,0,60.99013624783198
6574,1,1,1,60.40026583177589,1,64.72384493359884
6575,0,1,0,59.86319587863823,0,63.89232360912419
6576,1,0,0,48.05939240568183,0,60.30794094777998
6577,0,1,1,55.52560110800098,0,63.95196856152086
6578,1,1,1,65.89547765419289,1,64.22058128990545
6579,0,0,1,30.60798083991606,0,55.42654641156643
6580,0,0,0,54.40830050195207,0,64.57930724124982
6581,1,1,1,35.67651007711657,1,58.71408392667877
6582,0,1,0,55.31957658626601,0,62.24808745542238
6583,1,0,1,45.66338423163914,1,64.82661692726174
6584,1,0,0,48.76043950926658,1,63.5235688653026
6585,1,1,1,47.90613598862986,1,64.67023871504556
6586,0,0,1,55.45603084371361,1,64.63076837293697
6587,0,1,0,58.57920883489399,1,65.86633716827839
6588,1,0,0,52.3591569846934,1,63.28398604270355
6589,1,1,1,49.16204745781209,1,58.78233815317848
6590,1,0,1,35.58345553051884,1,56.82247310728736
6591,0,1,1,53.498818781771,1,62.19050199184552
6592,0,0,1,43.82864203326331,0,61.66908697692498
6593,1,1,0,36.22269002256817,1,59.97355810303564
6594,0,1,1,57.5407480044672,0,62.79828342420483
6595,1,1,1,34.58249447713656,1,62.20419067037054
6596,0,0,0,59.63023278549531,0,65.98968085562824
6597,1,1,0,47.63231651902392,1,63.31034302686205
6598,0,0,1,73.6584025877229,0,63.44560016769875
6599,0,1,0,56.44108530411985,0,63.27120744294689
6600,0,1,1,51.90329983931697,0,61.92936854396936
6601,1,1,1,34.90348667333861,1,62.5858644199287
6602,1,0,1,45.41892010870586,1,62.06843402037273
6603,1,1,0,56.31944941979157,1,65.02329782520236
6604,1,1,1,62.41686665357611,1,68.50605677276089
6605,0,0,1,42.48274324310979,0,60.61286543593179
6606,0,1,0,61.31021690051474,1,63.20189136627916
6607,1,0,1,41.8524189416319,1,58.54204493404571
6608,1,1,0,40.45342123813087,0,61.15901362086509
6609,1,1,1,51.04307359663862,1,61.27169699849924
6610,1,0,1,44.95053648725948,1,63.24606967763311
6611,0,0,0,56.09857603802079,0,67.41110621073445
6612,1,1,1,55.11108751546038,1,64.57797783052253
6613,1,1,0,48.54211658507995,1,64.75625781595275
6614,0,0,0,40.96473436506315,0,64.94092310196712
6615,0,0,0,53.07978317188555,0,56.16288981138855
6616,0,0,0,55.43322428546062,0,63.69040736782331
6617,1,1,0,38.61963659835196,1,63.07471554927433
6618,0,1,0,56.29799501443622,0,61.81288323559137
6619,0,1,1,43.19806478233978,1,58.74603813135795
6620,0,1,1,43.23841516013736,0,57.93436268309627
6621,0,0,0,49.78425338547071,0,64.04290083701332
6622,1,0,0,50.18543967581509,1,62.17696265845817
6623,0,0,0,52.18317206739788,0,64.28788178463191
6624,0,1,1,58.66071485119612,0,63.5655042421722
6625,0,1,1,49.312667337592,0,62.59833171972009
6626,0,1,0,51.31434839837059,1,62.11586751419399
6627,0,0,0,55.98475797711645,1,61.16264511965347
6628,1,0,0,60.31709581645127,0,62.09635830284691
6629,1,0,0,58.62702478190527,1,62.95971186301232
6630,1,0,1,40.18371052678597,1,56.46269977855307
6631,1,1,1,45.30222213659189,0,62.66931589492121
6632,1,0,0,36.25611168072379,0,60.01811927689764
6633,0,1,1,43.75391641795204,0,60.9621874627896
6634,0,0,0,52.68195260917564,0,61.54564428091784
6635,1,1,0,50.3522097186149,1,64.31078943068759
6636,0,0,1,48.95695793919015,0,59.07529510983924
6637,1,1,0,60.41517904822383,1,70.16881482180521
6638,0,0,0,36.03946517255122,0,63.75249556882596
6639,1,1,1,38.90567688615984,1,62.4985887729311
6640,0,1,1,61.08772325222938,0,63.60065617894602
6641,1,0,0,54.86053115948956,0,64.95851692203165
6642,1,1,1,53.38681037661815,0,62.31079536334025
6643,0,1,0,58.53997700975431,1,64.77577953098525
6644,1,0,1,34.81852259904919,1,61.85995815228169
6645,1,1,1,51.16610155820867,1,63.80506620221151
6646,1,0,0,51.69412429253175,0,59.45664556186448
6647,0,1,0,67.36680554823315,1,65.86550699001721
6648,0,0,1,35.68012244116386,0,57.66552489575159
6649,1,1,0,47.80872623889006,0,61.1572132215024
6650,1,0,0,49.86918790638109,1,64.02263657009145
6651,0,1,1,57.75920483021174,0,65.13009171229608
6652,0,0,0,58.56483905518668,1,62.27978010514389
6653,1,1,0,58.24670597658838,0,64.53045413705533
6654,0,1,1,58.89795274554955,0,62.28278318233291
6655,0,1,1,49.22087254456861,0,60.26498248787821
6656,0,1,1,44.71749666118311,1,60.71002841238508
6657,0,0,0,53.91163640396938,1,61.91716237483245
6658,0,1,0,46.26945732690552,0,63.15380617151195
6659,1,0,1,52.04078712719282,0,62.40425247217949
6660,1,1,1,54.7915400074037,1,62.77843561422381
6661,0,1,1,46.86825078874936,0,64.37570130491943
6662,0,0,0,53.81123986091163,1,64.16835381764659
6663,1,0,0,47.87282461615571,0,62.78452054886869
6664,0,1,1,38.5240453949402,0,58.20337056654172
6665,1,0,1,66.59768753925654,0,63.67163070641384
6666,1,0,1,52.96515436037568,1,65.13358584024949
6667,1,1,0,44.20890614321349,1,63.00945666308587
6668,1,1,0,40.38151041764953,1,62.0331110466994
6669,1,0,1,47.3552808241235,1,63.92114320815258
6670,0,1,1,56.54126719398127,0,60.64361758227212
6671,0,0,1,44.2370266008005,1,59.46101984639287
6672,0,0,1,45.23992396056776,0,58.88736870676411
6673,0,0,0,53.89419954005092,0,63.60138326610709
6674,1,1,1,44.50683328137718,1,61.68800186208504
6675,1,0,1,36.76596075847506,0,57.41345357811795
6676,0,1,0,40.44084986312234,1,60.97805645204552
6677,0,1,1,48.26372056324812,0,60.71830360912697
6678,1,1,1,45.56663752272453,0,61.92688721805509
6679,1,0,0,34.6816103758521,1,65.17846271900171
6680,0,1,0,40.24648854318509,0,65.35376187597362
6681,1,1,0,46.97417210173941,1,64.52443600798203
6682,1,1,0,44.51150899074381,1,64.49317842237114
6683,0,1,0,57.14636093371782,1,67.09814895267715
6684,0,1,0,43.71007323757332,1,60.86226198895497
6685,0,0,0,41.5947905228705,0,63.59143158648956
6686,1,1,1,58.61375215256277,0,66.33390996342541
6687,1,1,0,47.55013760566555,0,62.12764280311934
6688,1,0,1,26.22963048551112,1,57.97512464421361
6689,0,0,1,34.43037496936643,0,59.0337544252348
6690,1,1,1,48.5998922338311,1,60.41517720559607
6691,0,0,0,66.14948417286212,0,64.43468057690977
6692,0,0,1,59.99236601601498,0,61.48768451320571
6693,0,0,1,45.59457381135406,0,62.72545223982213
6694,0,0,0,49.72329054702464,0,62.09886513579848
6695,1,1,0,47.24229877208628,0,62.27763736366172
6696,1,1,0,41.36689183973962,1,63.10147623978762
6697,1,1,0,37.58552198998682,1,60.45590790511956
6698,1,1,1,44.63075732603063,0,65.44095011510073
6699,1,0,1,49.80437915256882,1,58.81721797193612
6700,1,1,1,35.9926134227841,0,59.6738275879288
6701,0,1,1,38.63300028865092,0,56.69511997136964
6702,1,0,1,35.3566335313937,1,61.07637941935057
6703,1,0,1,50.07283753691078,1,62.14024328989395
6704,0,1,1,65.05548625461103,0,61.76660800105534
6705,0,0,1,55.77775591955911,0,63.11067482572337
6706,0,0,0,42.97142567794938,0,63.77452533081949
6707,1,1,1,41.3490425244614,1,58.47258672708799
6708,0,1,0,45.40468006381124,0,63.58287952623205
6709,0,1,1,36.97374875690162,1,60.37562474512752
6710,0,0,1,32.57537773704016,0,61.31549274277366
6711,1,1,1,22.99097598147295,1,55.72955882184905
6712,1,1,1,48.80964681395714,1,63.3953313006395
6713,1,1,1,41.4813063273003,0,56.74723541917249
6714,1,0,0,30.82799787945571,1,66.26423024557424
6715,1,1,1,44.99265812801445,1,62.50873543901464
6716,0,1,1,20.21422873802134,0,55.79960695427089
6717,0,0,1,33.60807810008303,0,61.69104790395328
6718,1,1,1,44.24896591852256,1,61.68588669108569
6719,0,0,1,44.35949488147712,0,62.11192249927743
6720,1,1,0,71.43058572302664,1,64.36724372980771
6721,0,0,0,41.15764373244227,0,63.30299332928562
6722,0,1,1,36.75911819158951,0,56.21370574272276
6723,1,1,0,51.98638662145382,1,65.92427498184965
6724,0,0,0,60.77059244031229,0,64.50951055224924
6725,1,0,0,53.9494411067092,1,60.08557367147875
6726,0,1,1,39.98392981473431,0,58.96230192997129
6727,0,1,1,25.40764605666145,0,54.68996118754365
6728,1,0,0,38.42989480384163,1,60.73998170186451
6729,1,1,0,62.53387447275632,1,65.35627842190318
6730,0,1,0,61.71815415485289,1,61.74201781759168
6731,0,1,0,58.11455280927643,0,62.94468822466475
6732,1,1,0,56.98225495548569,1,67.3992312229025
6733,0,0,1,36.68164222030661,0,60.1705841056588
6734,1,0,0,61.70442665076792,0,62.98369321685352
6735,0,1,0,58.10481027367593,0,65.69660869386044
6736,0,0,1,59.84341782781959,0,64.68985263413138
6737,0,1,1,53.72111640285561,0,65.44467760537736
6738,1,0,0,49.63197146215971,1,63.13034266675515
6739,1,1,0,30.55708025525402,1,63.88105051737011
6740,1,0,1,54.75776248461538,1,65.30238335179068
6741,0,1,0,44.48544452680909,0,63.99016463475058
6742,0,0,1,58.80951085402285,0,59.23474922648637
6743,0,0,1,57.35759646285376,1,63.41919378180791
6744,1,1,1,51.47522243457809,1,63.84563939683829
6745,1,0,0,42.00734390821581,1,63.35036506520945
6746,0,0,1,49.00422983994848,0,59.73924574877919
6747,1,1,1,53.71070579615741,1,61.06172101120448
6748,0,0,0,59.76913915896874,0,64.85755257894131
6749,0,1,1,48.55135453627058,0,62.05087104445533
6750,0,1,1,58.4905245556773,0,62.60812859901063
6751,0,0,1,41.68615873057709,0,58.35264015542704
6752,1,0,1,54.55352828326516,1,62.16970893979046
6753,0,0,0,45.42605286234271,0,59.69277343267696
6754,1,1,0,58.47345209638188,1,66.48904582364618
6755,1,1,1,51.82737905062687,1,60.15424752092181
6756,1,0,1,34.3619698207154,1,60.24534040077604
6757,1,1,1,40.06891196281967,1,61.88972936767686
6758,0,0,0,48.98891030580232,0,60.5344512075028
6759,0,0,0,36.49301300789377,0,60.15622926611606
6760,0,1,0,66.98145972644963,0,63.96876702167631
6761,0,1,1,51.12384793459823,0,61.11561335989514
6762,0,0,1,33.78695258943272,0,58.12964234265824
6763,1,0,1,64.43399141739808,0,66.02364199453001
6764,1,1,1,44.00106979142662,0,59.84276782553526
6765,1,1,1,49.11968008409838,0,59.05731093588928
6766,1,1,0,51.83616922651253,1,66.5180745589164
6767,0,1,1,53.70199829888117,0,65.94971445922826
6768,1,1,1,72.21498177305071,1,66.12330694900041
6769,0,1,1,54.60225028555429,0,61.05777498353523
6770,0,0,1,33.06310304477564,0,59.87364225714953
6771,0,1,1,28.38296899785129,0,59.23865549499889
6772,1,1,0,47.08081474570722,0,59.71104864238418
6773,1,1,1,33.8605596371554,1,63.70564536091086
6774,1,1,0,47.50740676844962,1,61.22255874011849
6775,0,1,0,51.17492614272996,0,60.63143654519677
6776,0,1,1,53.57831283818134,1,61.25853581136859
6777,0,0,1,40.79092803940838,0,57.10656912382507
6778,0,1,0,48.37701306517421,1,63.06558299849326
6779,0,0,1,47.27502251025437,0,63.56889444627247
6780,0,0,0,61.4557320219964,1,63.23889230434957
6781,1,0,0,56.28861993299815,1,64.74812466672185
6782,1,1,0,41.13000371691461,1,60.20319467607351
6783,0,1,1,55.35996605770263,0,60.42720704575677
6784,0,0,1,36.45158235013118,0,59.86217740980333
6785,1,0,1,25.59188261032682,1,57.6925227206717
6786,0,1,0,48.6393709834964,1,60.95842315449809
6787,0,0,0,69.24114814074683,0,68.89295109396988
6788,0,1,1,37.27385556892137,0,60.11459391411827
6789,0,0,0,39.13852554351091,0,59.69093944661199
6790,0,1,1,41.0774643742586,0,61.51789867013979
6791,1,0,0,67.08320172144211,0,63.60627084176611
6792,0,0,1,61.75469273982038,0,64.77463069840125
6793,1,1,0,55.2901355860909,1,64.58889858249316
6794,0,0,0,41.826815655161,0,60.9455602843052
6795,0,1,0,49.2413024784061,0,57.55089349816331
6796,0,1,0,73.96032318560857,0,64.07976721819639
6797,1,1,1,51.09383479378481,1,62.56763998989681
6798,0,1,1,47.8771124362306,0,64.43147986994862
6799,0,1,0,50.90904635898369,0,62.20028443778298
6800,1,0,0,41.29789968928711,1,63.11443554961987
6801,0,1,0,53.41501533600053,0,65.17095325816939
6802,0,1,0,59.14633957248594,0,63.12814724150542
6803,1,1,1,34.76195188509373,1,60.99318429628047
6804,0,0,1,44.24353022871932,0,55.92156587311668
6805,0,0,0,58.09561307507975,0,63.72027049820265
6806,0,0,0,50.76495685981772,1,63.72000052188471
6807,1,1,1,55.42959908171532,0,62.03182512288332
6808,0,1,0,48.34569421742731,0,62.24408009734976
6809,1,1,0,47.91178332023272,1,63.96050717321391
6810,1,1,1,56.93235912040599,1,63.6652972108011
6811,1,1,1,58.7323811216342,1,68.30214213476165
6812,1,1,1,56.17509708192204,1,67.95361267397551
6813,1,1,1,53.02374261172394,1,60.16994792444206
6814,0,0,0,43.60807513548831,0,58.21479756356141
6815,0,0,1,50.38356745975372,0,63.16278522071107
6816,0,0,1,50.57903286362554,0,61.36298282369169
6817,0,0,0,58.497028639403,1,66.33086356097697
6818,0,1,1,43.98858661833559,0,60.01597870733139
6819,0,1,0,52.49055167695903,0,66.81587266451851
6820,1,0,0,50.20632934702009,1,63.735269118919
6821,0,0,0,37.10789086765367,0,61.18610448557344
6822,0,0,1,49.28299951393613,0,61.73414075743752
6823,0,1,1,56.25677977804577,0,62.64738210777308
6824,0,0,1,39.5541696768253,1,55.17971062120603
6825,1,0,0,66.63565395784342,0,65.48632912604168
6826,1,0,1,44.11703480242135,1,57.83291863412935
6827,1,1,1,28.34449094155735,1,58.1691817187393
6828,0,0,0,51.09062506794491,0,63.01677636838271
6829,0,0,0,49.29948268555427,0,63.15479429719063
6830,1,1,1,50.59340219407373,1,60.95927049038293
6831,1,1,0,35.24206823824941,0,60.83949750553074
6832,1,0,1,55.55602414725434,1,62.59801992001704
6833,1,0,0,49.25869561084551,0,61.96891160498653
6834,1,1,1,48.69223928976919,1,66.29228782952761
6835,1,1,1,46.82489512246863,1,60.75378495422069
6836,0,0,1,21.05999930654658,0,55.0927954511868
6837,0,1,0,47.70235482711713,0,59.83977935105172
6838,0,1,1,37.33849883444917,0,58.51080013686997
6839,1,1,1,41.01088586454647,1,63.74614696435212
6840,0,0,1,58.04961092526116,0,64.5676581036721
6841,1,1,1,51.29305109101912,0,63.10960934398052
6842,0,1,0,55.99932150916484,1,63.50659229531041
6843,1,1,1,48.46449249473388,1,60.52993950173821
6844,1,0,0,58.28754241423982,0,66.36931341740788
6845,1,0,0,48.18155252539987,0,62.30842166427533
6846,1,0,0,33.12353571935973,1,60.79827802068829
6847,1,1,1,60.35860617736833,1,64.37267617397883
6848,0,1,0,60.07539897748697,0,63.67770022882557
6849,0,1,1,31.38143342174744,0,59.40997830011315
6850,0,0,0,31.9885563634848,1,58.83137372767214
6851,0,0,0,65.56202002804712,0,62.82073877471063
6852,0,0,0,21.57553204615216,0,59.60041383040012
6853,0,0,0,45.96600482504399,0,61.77230164547966
6854,1,1,0,64.2854404671332,1,63.87091472527551
6855,0,1,0,69.67122427209193,0,65.66946863370639
6856,0,1,1,58.30239036433962,0,61.94200817028699
6857,0,1,1,60.11468605253541,0,63.05065331425286
6858,1,1,1,32.37942524969255,1,57.49047192444561
6859,1,0,0,65.26568502042785,0,65.7918398682974
6860,1,0,1,33.6644026654924,1,56.94946817839759
6861,0,1,0,59.68331046672116,0,63.6254581012698
6862,1,0,1,54.12849060214348,1,62.53262332050492
6863,0,1,1,44.16516320149645,1,60.75687857063799
6864,0,1,0,61.69576154944948,0,61.32412225679187
6865,0,0,1,33.0949727919824,0,58.86496333169971
6866,1,0,0,55.10651844696767,0,61.0669518362827
6867,0,1,1,35.44510925377447,0,57.7605984937578
6868,0,1,0,56.36944986215979,0,63.02830259823386
6869,0,0,1,54.17971512790963,0,59.18171522853859
6870,0,1,0,56.92115084105834,0,65.0895311593971
6871,1,0,0,82.58266380485517,0,67.70293041410085
6872,1,0,1,42.5435966621659,1,57.8910716595944
6873,1,0,1,59.97383964158489,1,65.86511176280065
6874,0,0,1,42.05645472369089,0,59.87942369281885
6875,0,1,1,37.80584657287312,0,62.21763572484227
6876,0,0,1,51.91587075547442,0,64.24404732521393
6877,1,1,0,40.21414833043096,1,59.68390809797684
6878,1,1,1,59.61325669258333,1,63.75190742065135
6879,0,1,1,66.5921042182259,0,63.82797700767368
6880,1,1,1,36.2173741255821,1,61.47612282501369
6881,0,1,0,42.90284556408231,0,62.91038148464057
6882,0,0,0,63.70577815844747,0,65.10353443401628
6883,0,1,1,34.05414405327877,0,61.76038185258253
6884,0,1,0,52.38660372749553,0,66.34264792912781
6885,0,1,1,43.16040626007054,0,62.61274543422941
6886,0,1,1,67.93683585255619,0,64.90134175801677
6887,1,1,0,44.99034972308266,1,60.92658681195964
6888,1,0,0,56.91868496961459,0,64.30684635561725
6889,1,0,0,51.3228762260798,0,64.09249929599709
6890,0,1,0,64.99787318951225,0,68.30342898988769
6891,0,1,0,49.6221711458855,0,61.62569308930866
6892,0,1,1,36.72612997978563,0,61.35855235365442
6893,1,0,0,42.44222280426834,0,60.45629273580999
6894,1,1,1,51.81290005021473,1,59.94157569874147
6895,1,0,1,57.39207047025022,1,61.921560810024
6896,0,0,1,32.27126281256733,0,60.46962070575638
6897,1,1,0,57.93996404450765,1,64.80135703058296
6898,1,0,1,36.9882508116442,1,60.57608833054228
6899,1,1,1,72.99139089374862,1,65.01077403336568
6900,0,0,1,42.89846643012923,0,54.6588915104245
6901,1,1,0,47.32099085951817,1,63.10896760145687
6902,0,1,1,45.54060406955884,1,63.37497220107772
6903,1,0,0,51.61085560871233,1,64.71458199281552
6904,0,0,1,44.36421449682003,0,60.38075757114112
6905,0,1,0,51.9366388984128,0,65.67970253980835
6906,1,0,1,34.95176736761854,1,64.14760389881464
6907,1,0,1,47.23819079801827,0,58.35317325580064
6908,1,1,0,51.58827614604547,0,60.24545019970625
6909,0,0,0,53.84911392483128,0,63.55815745216945
6910,1,0,1,33.98675723641195,0,56.18749361625466
6911,1,0,0,48.19070739001012,1,60.16740038912648
6912,0,0,0,50.45935909053941,0,65.46336359542161
6913,0,0,0,46.55072020732585,0,66.99728168530467
6914,0,1,0,62.9348506525518,0,65.96219671162008
6915,1,0,1,43.38900111720488,1,61.31158128383353
6916,1,0,1,47.90592892122535,1,62.08350407159713
6917,0,0,1,48.493587583731,0,58.53407021505687
6918,1,0,1,59.60552298088956,1,62.98775951184286
6919,0,0,0,60.35799624901163,1,62.50067108566618
6920,1,0,0,52.08596532221757,1,62.80842373766928
6921,0,1,1,55.43549216474516,0,59.8519398328703
6922,1,1,1,56.12025032990231,1,62.50227561053529
6923,1,0,1,55.57856039940141,1,62.15873808429951
6924,0,0,1,47.66596503114968,0,65.30239749869722
6925,1,1,1,35.17013280769545,1,57.87054037445341
6926,1,1,1,50.85386716167707,0,63.93718962796614
6927,1,0,0,56.08204506237598,0,63.22213262800766
6928,0,0,1,60.24789220843022,0,64.88040918013046
6929,0,1,1,38.92939473972577,1,59.62957237820244
6930,1,0,0,54.39190068002983,1,64.80029499262827
6931,0,1,1,38.91078149177821,0,54.15329560973211
6932,0,0,0,46.78803326263585,0,61.76498485376015
6933,1,1,1,53.06318842858781,0,60.49486079656632
6934,0,1,0,47.83979392031956,0,64.84123936268919
6935,0,1,1,46.42110024009174,0,56.86956797464705
6936,0,1,1,37.14767700187892,0,59.6326551678092
6937,1,1,1,45.99669944634568,1,64.08624783759875
6938,0,1,0,54.97385348147317,1,64.0014099047618
6939,0,1,1,49.85207763232793,0,61.11729683413778
6940,1,1,0,44.59183256635747,1,60.15642106389657
6941,0,0,0,43.7707872263763,0,61.73781648425546
6942,1,1,1,55.47071184561368,1,63.90817628351268
6943,0,0,1,45.5175915210833,0,62.53571841173785
6944,0,1,0,58.4266632644721,0,64.23640329800406
6945,1,0,1,42.31358088630584,1,60.61718318178442
6946,1,0,0,53.95553523837492,1,63.54456078024697
6947,0,1,1,54.79426856379891,0,59.89421599523425
6948,0,1,0,61.19378570100048,0,66.80053940847547
6949,0,0,1,35.23139451545724,0,61.13596309628308
6950,0,1,1,66.95722826633329,0,64.4552670467568
6951,0,0,1,19.43991932893621,1,56.78013320664905
6952,0,0,0,51.40809841562339,0,63.66541680604996
6953,1,0,0,62.56533043131852,1,64.38405923603129
6954,1,0,1,51.9042641337905,0,59.6437272149558
6955,0,0,1,50.05163139749148,1,58.83872410849462
6956,1,0,0,60.69412209414412,1,64.26576817890491
6957,0,1,0,51.19387540622038,0,65.44493299488106
6958,1,1,1,55.68278245793541,1,66.6512632920961
6959,1,0,1,53.05550362790943,1,61.54009400022603
6960,1,1,0,56.37848230252316,1,64.10926870224085
6961,1,0,1,38.74062510344179,0,61.5022968592962
6962,0,1,0,53.10658415613587,0,63.53215400521417
6963,0,1,0,48.34382062225166,0,61.3104039311665
6964,1,1,0,45.43805189641703,1,64.22008841143506
6965,0,0,0,52.94660402347588,0,62.77379119359095
6966,0,0,0,64.53162195893817,0,65.74022719262804
6967,0,0,1,46.40255151105282,0,59.24065234406496
6968,0,1,1,34.44034713843874,0,55.67374606273691
6969,1,0,1,24.19560092928432,0,59.16152215374876
6970,1,1,0,60.95311228658766,1,65.39813207888369
6971,0,0,0,47.70355442145317,0,61.66498655370805
6972,0,0,0,44.32297736900871,0,63.51708356712427
6973,1,0,1,51.16466945668444,1,62.27138899617576
6974,0,1,0,40.62379614669462,0,63.18947740804281
6975,1,0,1,26.29634056055933,1,59.84800502828611
6976,0,0,0,39.64403535627615,0,62.03754664812753
6977,0,0,1,30.87131246480497,0,58.29173094210478
6978,1,0,1,36.96330907099443,1,60.90960252142379
6979,1,0,0,50.80911477719093,1,63.75846362885054
6980,1,1,0,46.22446366653176,1,63.83909696404996
6981,0,1,0,40.3392541785372,0,61.78557207680701
6982,0,0,0,48.20945377640185,0,60.47137414442331
6983,0,0,0,35.42605785011001,1,59.61463506054086
6984,0,0,0,58.8653708410186,1,64.03610322482309
6985,1,1,0,50.28027502102643,1,64.1014355142089
6986,1,1,0,42.33161948152016,0,61.96528052976473
6987,1,1,0,52.71678561541638,1,63.78525273255427
6988,1,1,0,51.87494853135313,1,65.26507670692425
6989,0,1,0,53.21976866029223,0,62.49350088738673
6990,0,0,0,37.10038914543266,0,61.98871718848086
6991,0,1,0,60.44088654506687,0,67.01871427907891
6992,0,1,0,53.0002136322879,0,62.39319021281823
6993,1,0,0,45.42104076801623,1,60.53203418638506
6994,0,0,1,47.06342364404865,0,58.5926640556789
6995,1,0,0,42.11058402238899,1,67.14573637911852
6996,1,0,0,40.41541849381504,0,58.962728574415
6997,0,1,0,52.79764919112333,0,63.99537859344532
6998,0,1,0,31.13099536157926,0,59.9603958172622
6999,1,1,0,45.97310060208576,1,63.78534800052103
7000,1,1,1,50.01008015766462,1,65.62064591088902
7001,1,0,0,60.19851099411222,1,62.87358572011311
7002,0,1,1,64.10451382537292,0,62.46707048424626
7003,0,1,0,52.30118626353607,0,62.46342704128168
7004,0,0,0,54.58490976023074,0,63.43049612708273
7005,0,1,1,52.90880415030645,0,62.86576313840078
7006,0,0,1,56.20277980026005,0,60.24587002238819
7007,0,1,1,42.83167326211189,0,61.34846596352173
7008,0,0,0,47.58511419752097,0,62.32350348264366
7009,1,1,0,65.90763411556242,1,63.39328991402231
7010,1,0,1,56.04492183666571,1,62.43536717034345
7011,0,1,0,51.17623664880173,1,63.70561175393814
7012,0,1,0,47.19662310344557,0,62.21430268062256
7013,0,0,1,55.08723453901475,1,60.07429280841854
7014,1,1,1,51.43503059735745,1,62.04177948715035
7015,1,1,0,43.92900234013821,1,64.4069189856213
7016,0,1,1,41.32032749146706,1,57.85517397954189
7017,0,1,1,29.16808709301583,0,57.30504905423211
7018,1,1,0,49.31716982162869,1,63.77496638874986
7019,1,1,0,60.05060526566069,1,64.01849650427182
7020,1,0,1,41.64469227949216,1,62.77837900572941
7021,0,1,1,32.5124069001478,0,57.14437835326569
7022,1,1,1,55.65397636877677,1,66.68382684000659
7023,1,0,1,38.04243727841671,1,58.37192052125202
7024,0,0,0,67.04259157237215,0,63.61138424238651
7025,1,1,0,64.70560498611806,0,60.632752728626
7026,0,0,1,50.78387802169011,0,60.77944995618031
7027,0,0,1,57.36428267605135,0,64.5016274391909
7028,1,1,1,39.94421499559832,1,61.09380442133213
7029,1,1,0,45.17216602618365,1,64.19727568231941
7030,1,0,1,40.83015132146801,1,60.08642503984638
7031,0,0,1,31.72799738840967,0,55.74612678022081
7032,0,1,1,37.69382529086191,0,61.76393124112023
7033,1,0,1,56.36845954191139,1,63.48304578877155
7034,1,0,1,64.37616972972143,1,67.82497941147791
7035,0,0,0,53.16758849604638,0,59.74268671177197
7036,0,1,1,51.49909997153186,1,64.99490458973
7037,1,1,0,46.11204202869225,0,61.20609422626593
7038,1,0,0,54.53575194105461,1,65.36172110806983
7039,1,1,0,65.98475929893297,1,65.95198683123829
7040,1,0,0,63.46922829454335,1,70.47079158776258
7041,1,0,1,39.14114760403887,1,61.20669684941883
7042,1,1,0,49.09285241871403,1,65.38405366228677
7043,0,0,1,41.73623203185922,0,59.09175046195502
7044,1,1,1,51.13026118802117,1,58.82398984651371
7045,0,1,0,34.09121778620833,0,60.62317707994364
7046,1,0,1,35.26667493959182,0,60.08698013429746
7047,0,1,1,50.90396614144621,1,64.06656155832401
7048,1,0,1,50.6848957771175,1,62.43389414976689
7049,1,1,0,67.61951087355629,1,64.72504592922814
7050,0,0,1,56.78782019018008,1,64.14861128191066
7051,0,0,1,67.13874839637754,0,64.88844947343816
7052,1,1,1,42.76164148132212,1,63.40254699404027
7053,1,0,1,36.41492200294222,0,59.14010471312658
7054,1,0,1,58.50599201803937,0,63.32419821331046
7055,0,1,0,41.45957743854346,1,62.97498327315908
7056,0,0,1,46.09314004630094,1,56.85331850424286
7057,0,1,0,29.53550354145186,0,59.90631726433367
7058,1,0,0,43.29293988829041,0,63.99103531867264
7059,1,0,0,48.96836711775924,1,65.14028170097163
7060,0,0,1,52.28577533583793,0,59.53178528016922
7061,1,0,0,48.629667254426,1,66.13226996241826
7062,1,1,0,42.99317015827589,0,63.63810648259784
7063,0,0,0,63.36268055668393,0,64.96405382717174
7064,1,0,1,51.69327213022093,0,61.26350677780679
7065,0,0,0,38.94160741904265,1,60.07490175983553
7066,0,1,1,31.37965047292467,0,56.72181108091503
7067,1,0,1,40.32194709154343,1,54.41436386025773
7068,1,0,0,61.91385074530218,0,63.21213565792888
7069,0,1,0,68.07964328714787,0,67.15082325798437
7070,0,0,1,46.74791830121256,0,59.39404671803825
7071,0,1,1,50.37590267831636,0,64.05121369498767
7072,0,1,0,37.08685660360014,0,59.0973136291347
7073,0,1,0,24.8057983681195,0,57.30843927872636
7074,0,0,1,47.03388180864339,0,60.30160622370111
7075,0,1,1,58.37767732850926,0,62.82289765509603
7076,0,0,0,63.95895077436843,0,63.80753225507356
7077,1,1,1,39.13640041554211,1,60.32505841251888
7078,0,1,1,43.8533746245067,0,58.79847536948024
7079,0,1,0,36.32517043583619,0,60.38891507575645
7080,1,0,0,57.74445600470912,0,62.26709939982736
7081,1,0,1,51.9401698552127,0,63.3476427527322
7082,1,1,1,53.25185617160581,1,62.44488838914053
7083,0,1,0,52.94430837429849,0,64.73205197472548
7084,1,0,0,52.69651605902661,1,65.0868195771067
7085,0,1,0,41.96404288604815,0,61.99505085663925
7086,0,1,0,63.18799623561809,0,65.02705475674915
7087,1,1,1,56.96864520136491,1,64.94195446074073
7088,0,1,1,45.78171546935936,0,61.74176458558389
7089,1,1,0,36.83571758642142,1,60.27233341628006
7090,1,0,0,36.32185554344444,0,61.45161786926569
7091,1,0,1,46.46919279918586,1,61.39766275636334
7092,0,1,0,40.9298552275684,0,60.22888179409849
7093,0,0,1,38.95687537217344,0,58.40145517792765
7094,0,0,0,62.78400685605809,0,69.0123882170605
7095,0,0,0,56.16121433704832,0,64.7556558526817
7096,1,0,0,66.05200030648241,1,64.57354045509382
7097,1,0,1,35.05859126122842,1,60.19532362148834
7098,0,1,1,53.12446216780531,1,62.85060927515855
7099,1,0,0,48.57103796459542,1,65.05896374194732
7100,0,1,1,42.22108131653177,0,59.01211735405911
7101,0,1,0,53.31276308660598,1,60.8617869846435
7102,1,1,0,61.09428866797475,0,65.14774066544527
7103,0,1,1,49.88655228838851,0,61.3978432377228
7104,0,1,0,39.51068583414107,0,58.46429040783249
7105,1,0,0,64.69650976365922,0,64.6429570072212
7106,1,1,1,52.71713674607692,0,61.7904679991482
7107,0,0,1,51.34619659670503,0,59.78772436013819
7108,0,1,0,41.26603293152263,0,63.42539020313603
7109,1,1,0,71.97362748941849,1,70.97746953360939
7110,1,0,0,55.25196151706884,0,65.47264251576912
7111,1,1,1,52.35060120687043,1,63.78934626606979
7112,0,0,0,38.78888508053464,1,58.18651485523655
7113,1,1,1,56.76606279755945,1,67.31748642797243
7114,1,0,0,37.32392373116295,0,61.14359225605994
7115,0,1,1,49.77808067449567,0,61.9153808383878
7116,0,1,0,38.62387650622536,0,62.18161651577788
7117,0,1,0,59.26722388022468,0,63.13657705173733
7118,0,1,1,43.41959286067672,0,58.77977179436936
7119,1,0,0,50.16314216045475,1,65.2600667286659
7120,1,0,0,60.69953067395174,1,66.60126642288793
7121,1,0,0,62.03232566015028,0,65.34237676711199
7122,0,0,0,62.60898165676198,0,62.71620183614756
7123,1,0,0,66.92808757894203,1,64.19521938925604
7124,1,0,0,68.90583631915959,0,69.74137998675342
7125,0,1,0,28.3742162352995,0,59.75419057870736
7126,1,1,0,47.1670960260716,0,61.31619812531817
7127,0,0,0,37.62878061334334,0,60.14984300314012
7128,1,0,0,51.004684188608,1,61.81455246832609
7129,0,0,1,35.10819681185596,0,62.3146116520171
7130,1,0,0,57.91055395183003,1,62.05080051148104
7131,0,1,0,61.14600493645963,0,64.36844752323628
7132,1,1,0,56.83567887401034,1,64.71386228297625
7133,0,1,1,48.22414874487636,0,63.35537492616462
7134,0,0,0,44.96013451263326,0,62.78988828443882
7135,1,1,0,49.44584416495294,1,61.49095643615782
7136,1,0,1,49.40951520715235,1,60.55847609502629
7137,0,1,1,42.06223381923247,0,58.31801451145043
7138,0,1,0,47.59718111100667,0,60.59319772886681
7139,0,1,1,47.26384648600946,0,61.84443385657674
7140,1,1,0,44.79060092103821,1,62.40559518508272
7141,0,0,0,47.07320693376594,0,62.31136175105711
7142,1,0,0,50.35221418554028,1,61.49011889512013
7143,1,1,1,51.27569420688563,1,62.06040057331235
7144,0,0,0,46.49004271179398,0,61.75672015960762
7145,1,0,0,67.54207089761843,1,64.76763273293605
7146,1,1,0,46.86859116765473,1,61.77611596062831
7147,0,1,0,61.96192129720367,0,65.40169130273007
7148,0,0,1,61.11369375748221,0,59.76385441252349
7149,0,1,0,47.99789815852387,0,61.60137282983398
7150,1,0,1,50.02651541657177,1,61.39833174602899
7151,0,0,1,51.99912009994377,0,60.9021583675579
7152,0,0,1,48.43120513004338,1,60.40265097666128
7153,0,1,0,48.40146544357453,0,61.5382077813445
7154,0,1,1,50.8237179918678,0,62.30943351514156
7155,1,0,0,65.42919241208097,1,67.09727671736097
7156,0,0,1,60.57761352922411,0,61.74706734597268
7157,1,0,1,43.95675665318144,1,62.44677846166613
7158,0,0,1,41.32821305389776,0,58.86500265137468
7159,1,0,1,66.25535150846375,1,65.64749558527213
7160,0,1,0,49.64634415385773,0,63.74768211446465
7161,1,0,0,50.88809007694835,1,63.57361135215148
7162,0,1,0,64.88060497576953,0,63.18825275246504
7163,1,1,1,54.63881487198094,1,64.09120641003638
7164,0,1,1,51.38413341497731,0,61.97669701807983
7165,1,1,1,52.4492273351029,0,61.23589331202661
7166,1,0,0,24.90809183389402,1,57.5436974531188
7167,0,0,1,49.20080596151663,1,59.30454241062718
7168,1,0,1,36.49879407527184,0,57.11848765071562
7169,1,0,1,35.51523319300041,1,59.72152471658197
7170,1,1,0,39.78032572360899,1,61.03724821046877
7171,1,1,0,44.21590510452247,1,63.63967543871992
7172,1,0,0,29.31941011049646,0,57.41126235605857
7173,0,0,1,42.9561482672789,0,58.17069894416167
7174,1,0,1,39.81072697840367,0,61.69569864144492
7175,0,0,1,44.13728311821149,0,61.69576991224781
7176,0,1,0,54.43050918732207,1,66.39828416648719
7177,0,1,1,56.47306899150053,1,60.44760053880897
7178,1,0,0,40.32963315676997,1,62.78558424209056
7179,0,0,0,61.22833795075439,0,66.05526902971182
7180,0,0,1,51.90077542859671,0,58.79856303871127
7181,1,1,1,53.83222709248391,1,62.687271715004
7182,1,0,0,57.34911585503285,1,63.49181168292417
7183,1,1,1,53.74372423745523,1,63.03689875274157
7184,1,0,1,43.2518076354991,1,61.19648135978815
7185,0,1,1,41.99442379161045,0,59.10271363200432
7186,1,0,0,50.86301308101503,1,60.79856059076184
7187,1,0,1,45.43633180218221,1,64.16041366375644
7188,1,0,1,38.13400223456061,0,55.84827819815192
7189,1,1,0,25.9434903536272,0,59.99226829917164
7190,1,1,1,27.70933502778813,0,61.54434521632957
7191,0,0,1,46.30067362750509,0,61.18344646823185
7192,1,0,1,49.94685002148788,1,60.25096476521438
7193,1,1,0,28.65983967750492,1,59.31907011608416
7194,0,0,0,60.09968881318844,1,62.41968345594816
7195,1,1,1,48.17341747764062,1,59.57303472303042
7196,1,0,0,61.29479708561169,1,64.38372801054798
7197,0,0,0,60.5257745476889,0,64.45514860727029
7198,1,0,1,60.22176926199674,1,60.31531746520976
7199,1,0,1,68.50367180219092,0,64.19993054596391
7200,1,0,1,43.15836452288491,1,55.76563749838007
7201,1,1,1,59.92345749625561,1,62.36812481411504
7202,0,1,0,37.45080527631156,1,63.27787485017204
7203,0,0,1,48.30366270590696,0,64.16111769149754
7204,0,0,1,71.56121109308555,0,63.47159772022769
7205,1,0,0,57.24503304197,0,62.53233129671319
7206,1,1,0,52.7261230543934,0,64.23623942712581
7207,0,0,1,48.17481000121347,0,63.44616564541278
7208,1,1,1,38.73510519878441,1,59.43613354742264
7209,1,1,1,47.8442868860743,1,64.8345120215935
7210,1,1,1,36.72873259923933,1,59.00039951040745
7211,1,0,0,56.13321356707505,0,63.51861774925522
7212,1,0,1,40.77914366849684,1,55.61211053944814
7213,0,0,1,55.61075154559664,0,62.17368336043069
7214,0,1,1,72.02414050694235,0,63.39511728586285
7215,0,0,0,24.34593003921913,0,53.97275111643729
7216,1,1,0,51.1400454164083,0,60.42922410518405
7217,1,0,1,57.97713943470166,0,62.7802636373037
7218,1,1,1,55.20464978876914,1,63.16978509604817
7219,1,1,1,33.48431605138881,0,56.77996174371575
7220,0,0,1,51.81800227176212,0,62.31584562473965
7221,1,1,1,54.9408773061519,1,61.02313938827993
7222,0,1,0,59.17252268904803,1,64.5005105370834
7223,1,0,0,49.90913892294847,1,66.90456942855116
7224,0,1,1,45.32223505045351,0,65.91691332508715
7225,0,1,0,52.95964604645555,0,63.09691581858617
7226,1,0,0,46.61782571775727,1,61.13628797816047
7227,0,0,1,45.40347086484439,0,59.57329179842085
7228,1,1,0,35.12138532756342,1,61.89346456331978
7229,1,1,0,64.98399276654619,0,67.68277217109525
7230,0,0,0,33.73387808171394,0,61.1614374110954
7231,0,1,0,55.06214823625547,0,62.35640367717303
7232,0,0,1,57.5094457678908,0,63.65067683388703
7233,0,0,0,55.45741038854516,0,62.91929938599093
7234,1,1,0,40.30556164544711,1,60.95313077086149
7235,1,1,1,57.57790921424473,0,60.08033260773858
7236,1,0,0,49.56284293706883,1,60.2599373379792
7237,0,0,1,55.13932387136491,0,63.11105297984842
7238,1,0,1,25.9151177705181,1,57.48349803530616
7239,0,1,0,33.46937313606107,0,62.81266320202591
7240,0,0,1,35.2747902462751,0,60.45059576257544
7241,1,0,0,66.32370780858892,1,65.79793509799788
7242,1,0,0,39.46492188842309,1,60.42264957982896
7243,1,1,0,52.89727885774312,1,64.30534945985654
7244,0,1,1,33.37571384469901,0,58.1969500644876
7245,1,1,1,40.44385730144396,1,63.45727406415291
7246,0,1,1,46.18568286008193,0,61.13519377698955
7247,1,1,1,50.59687825096124,1,62.92945010062502
7248,0,1,0,48.32050484865707,0,64.26955903369725
7249,0,1,0,62.45773740825961,0,64.32058620963949
7250,0,1,1,42.81547368350464,0,58.33844748508977
7251,0,1,1,43.44251501713768,0,59.60212544480913
7252,0,1,1,34.31528703837457,0,58.66693405321428
7253,0,1,1,58.13835511860233,0,61.52895746048117
7254,1,1,0,55.83108103413381,1,65.17327598347278
7255,0,0,0,35.80996242693537,1,62.53352764969711
7256,0,1,0,24.3701908747549,0,60.59337381770024
7257,1,1,1,61.34995256433411,1,66.73708450293168
7258,0,0,1,60.09073365349441,0,58.73679710364777
7259,1,1,1,61.61152750833764,1,62.01629353493861
7260,0,0,1,51.52040726721526,1,61.24934456200409
7261,0,0,0,56.85735854423386,0,64.84667919675555
7262,1,0,1,15.93606591262855,0,56.71359564963885
7263,0,1,1,51.30642274724204,0,63.57471682562039
7264,0,1,1,56.22967581579954,0,65.89794279747821
7265,0,0,1,27.53911215731505,1,57.35954321474299
7266,0,1,0,57.52263618284223,0,61.25432697809507
7267,1,1,0,21.70508268852748,0,59.73510188272675
7268,1,0,1,49.4825315271508,1,60.13998056643701
7269,0,1,0,47.76062562366588,0,60.56297384427101
7270,0,1,0,54.73155963948965,1,60.75567933189977
7271,0,1,0,59.73303851529092,0,63.69882766201668
7272,0,1,1,57.55165869386023,1,63.89409052519371
7273,0,0,1,30.54556656960908,0,57.64413068313006
7274,1,1,0,46.13127556342253,1,63.83382554276812
7275,0,0,1,64.42827616865145,0,65.7333850362312
7276,1,1,1,58.02085908346943,1,63.55561564708495
7277,0,1,0,58.3673782606136,0,62.36847732971312
7278,0,0,0,43.22031495971758,1,60.04183909327288
7279,1,1,0,41.32061485254393,1,63.94588555798729
7280,1,1,1,57.30036300329787,1,60.57086969298273
7281,1,1,0,41.66616162479626,1,64.79483088631171
7282,0,0,1,44.45094364061318,0,58.29815209458349
7283,0,0,0,54.50513432760637,0,66.02935575355801
7284,1,0,0,45.31870087217446,1,63.58547476418161
7285,1,1,0,48.61378936985017,1,63.7903478962064
7286,0,0,1,42.06543290008612,0,64.59936444094447
7287,0,0,1,39.45927238638482,0,57.96399597223065
7288,1,0,1,55.01291789624953,0,61.88067848143543
7289,0,1,1,47.20323834637011,0,59.04375998240548
7290,0,0,0,65.85092002879951,0,65.87813616860363
7291,0,0,0,55.56420341295895,1,64.5394389473918
7292,1,0,0,42.58261665733583,0,63.23612068172832
7293,0,0,0,57.09905362610316,0,59.50512332719936
7294,1,0,0,59.53790352373015,1,64.1931114550228
7295,1,0,1,66.57213725334805,0,65.15713252883394
7296,0,0,1,52.46527188706369,0,64.00232778892916
7297,1,1,1,67.62419091486613,0,60.91787627340701
7298,0,0,0,51.54490446734486,0,61.41824428987722
7299,1,0,0,44.46170629439131,1,62.38109804156873
7300,0,0,0,52.7032438137885,0,63.82455121818064
7301,1,0,1,40.78378349187749,1,58.50178078050329
7302,1,1,1,49.61152603932144,1,61.93452032777459
7303,0,1,1,53.26999657069852,0,67.63676924064127
7304,0,1,1,44.48547785775558,1,61.3946976416435
7305,0,0,0,45.33875804179977,0,57.57034288500524
7306,1,0,0,46.82977333867941,1,60.77650559655683
7307,1,1,0,56.60993963620792,1,66.61442497782407
7308,1,0,1,37.80625526490044,1,66.32311653562546
7309,1,1,1,35.09825750885959,1,61.09900491922348
7310,0,1,1,39.41757749933606,0,59.38502836963717
7311,0,0,1,46.78319207474284,0,65.09456078933107
7312,0,1,0,52.51544355873363,0,66.88740377652256
7313,0,1,0,58.9271541993983,0,63.34351763007104
7314,0,1,0,50.95579817748038,0,64.41049060346541
7315,0,1,0,52.62908128704782,0,62.49499264220739
7316,0,0,0,40.57028298647973,0,61.6532547062084
7317,1,0,1,37.87841443934421,1,63.66363522971815
7318,0,0,0,27.9944982721312,0,61.02782735871337
7319,1,0,1,54.64956137809789,1,59.54511932884385
7320,1,1,0,56.83931135754642,1,64.86031510700568
7321,0,0,1,47.47775810754857,0,60.44730000445795
7322,1,0,1,43.97490990916883,0,58.13758637773319
7323,1,0,0,47.88134397865576,1,64.71147803467856
7324,1,0,1,51.60582905621517,1,60.79149014820597
7325,1,0,1,63.98767597376453,0,60.78417697302323
7326,0,1,1,52.03347728227988,0,61.12052333893858
7327,1,1,1,38.95697378196657,0,63.50752666267917
7328,0,0,1,35.93337914464438,0,60.46818999433614
7329,0,1,0,48.24844658998886,0,61.85996585722186
7330,0,1,1,37.14623416417466,0,59.66713091388272
7331,1,1,0,32.10266816225203,0,57.62071713570894
7332,0,0,1,52.52714044096948,0,62.49675218889618
7333,0,0,0,50.29543315065784,0,65.21776237274265
7334,0,0,1,58.8797439281816,0,63.08093836846455
7335,0,1,1,39.0181020344717,0,58.37261731562467
7336,1,0,0,70.73078903587117,0,67.3423944026167
7337,0,1,0,60.50584219653489,0,66.09770635699815
7338,0,0,0,49.65781162612143,0,64.12368992053261
7339,0,0,1,44.70603438022091,0,60.25928568735807
7340,0,1,0,46.66060748560282,0,61.96002969561624
7341,0,0,0,36.58582043500651,0,59.88253782822545
7342,1,0,0,62.07020101731879,1,64.73566892102984
7343,1,1,0,59.67394053904078,1,67.51050747970594
7344,1,0,1,49.14689774775014,1,63.60512138229156
7345,1,0,1,38.2839087066185,1,58.46052870915371
7346,0,1,0,46.61715165935067,0,63.66113492431008
7347,1,0,0,33.3579771364637,1,64.74823037021653
7348,0,1,0,46.62690554706978,0,61.96033442433681
7349,1,1,0,35.18326306122824,1,59.35182803498873
7350,1,0,0,42.58718225531938,1,62.76941157453726
7351,1,0,1,52.44557708770235,1,65.55699408803518
7352,0,1,0,36.55461367282982,0,65.1656283553197
7353,1,0,1,56.82162308705807,1,66.417126070669
7354,0,1,0,53.75913634245696,1,62.94251919566538
7355,0,1,1,58.76468726220881,1,64.30737390790571
7356,0,1,0,64.95310057210659,1,60.8962789859264
7357,1,0,1,35.72943525762382,1,61.29216591091999
7358,1,0,1,26.77959747664687,1,58.79339285175937
7359,0,0,0,35.91108262545663,1,61.37656222657699
7360,0,1,1,49.52708043694636,0,62.23582164229022
7361,1,1,1,50.24106355019933,0,61.09825730924643
7362,0,0,0,49.24281971277741,0,61.79544567015404
7363,1,1,1,33.63988430333642,0,58.83066359505887
7364,0,1,1,73.83121816022275,0,65.12931325775088
7365,0,1,0,53.16933743062696,0,64.9933675121718
7366,1,1,1,48.70939232137864,1,63.92027089696582
7367,1,0,1,48.90063915467204,0,58.30819918155451
7368,1,0,1,43.38794034427735,1,58.07908118793909
7369,0,1,0,60.28441299212266,1,65.06161743596601
7370,0,0,0,45.95671402325678,1,63.07223920540236
7371,0,0,1,52.57094210250729,0,62.48605516845674
7372,0,1,1,41.39799525800247,0,58.49609122230889
7373,0,1,1,54.62824194320004,0,56.54069527534551
7374,0,1,0,52.01888186006168,0,63.56296783794487
7375,0,1,1,45.16834309037999,0,61.57788078401629
7376,0,1,1,45.32768614008211,0,61.09319020394513
7377,1,0,1,41.45027298221873,1,63.92136841606378
7378,0,0,0,50.54420391751849,0,64.98903562721671
7379,0,0,0,31.9126981313946,0,63.14116639471035
7380,1,1,1,39.94564417171004,1,62.67863451738567
7381,1,0,0,24.82897810970517,1,59.39689369925058
7382,0,0,0,53.04723414350941,1,62.91937190489812
7383,0,0,1,25.11232122240618,0,57.15115800144486
7384,0,1,1,34.87888346048793,0,58.18681595209516
7385,0,1,1,46.96403518709079,0,59.9502271933758
7386,1,0,0,50.04396883594365,1,65.50359146636708
7387,0,1,1,60.63774490180008,0,64.6231840815913
7388,1,1,1,44.95842824883024,0,58.05339496911211
7389,0,0,1,43.07566247735226,0,61.67895912418132
7390,0,1,1,46.75769402212637,0,59.75387636764409
7391,0,0,1,33.29143446288072,0,59.07851449378625
7392,0,0,0,41.90361103173197,0,57.71638426197874
7393,0,1,1,31.11171109264636,0,58.29129872259082
7394,1,0,0,30.81347505522074,1,57.56172522240791
7395,1,0,0,60.51042326725594,1,62.27799680797218
7396,0,0,0,58.49039496738703,0,66.50376700716967
7397,1,0,1,64.48822022066287,1,66.1190161819286
7398,1,0,1,62.06456874929424,0,59.19048992730308
7399,0,1,0,51.89248585238673,1,63.57579778029187
7400,0,0,0,42.83265832062455,0,60.55092990450276
7401,0,0,1,40.97294517026559,1,56.45215897373171
7402,0,1,1,60.06573430550828,0,61.51201181117744
7403,1,0,0,48.38781950365059,0,63.22916324658469
7404,0,0,0,57.69607308223273,0,65.94334383406432
7405,1,0,0,40.80659317440281,0,63.24941173592411
7406,0,1,0,55.73622736545002,1,66.82196969522957
7407,0,0,1,33.70323377529055,0,58.90354209572831
7408,1,0,0,50.5848798627619,1,64.0300287692406
7409,1,1,1,49.25432536653323,1,62.4192674271263
7410,0,1,1,49.84940891553072,0,64.55179141085783
7411,1,1,1,56.10022159198094,1,66.49767022615957
7412,1,0,1,63.58041806471643,1,61.55866193865974
7413,1,0,0,55.31527191489921,1,61.95589941490706
7414,0,0,1,43.45062938040974,0,59.23150289186244
7415,0,1,0,58.40416886446305,0,66.74804436757451
7416,1,1,1,45.14472349147366,1,60.65691892085951
7417,0,1,0,69.48043723330467,1,65.24807267308502
7418,0,0,1,62.21403160997981,1,62.93658999096863
7419,1,1,0,66.79011949160409,1,68.65779120328796
7420,1,0,0,52.61681748602874,1,62.18783771813911
7421,0,0,0,46.13922450347805,1,63.35294337050475
7422,1,1,1,50.01590148856001,1,65.79733706936024
7423,1,0,1,39.53524717529415,1,61.10673819928351
7424,1,0,0,52.72396957827716,1,64.10017651953206
7425,1,0,0,60.30252000792622,0,61.32743855420524
7426,0,1,1,49.72740608460677,0,64.02682669135304
7427,1,0,1,47.13661826807741,1,60.55992702457007
7428,0,0,1,50.74147907435773,0,60.34301010179048
7429,1,1,0,40.63218951436324,1,62.19492056354432
7430,0,1,0,32.72707214684704,0,59.98762901232266
7431,1,0,1,26.53817472725341,0,58.36754485040041
7432,0,0,0,57.61353971975505,1,63.20581280274725
7433,0,1,1,53.35138865716677,0,61.45633385703749
7434,0,0,1,58.73259572154608,0,63.78911430598082
7435,0,0,1,55.32800924455807,0,61.36822975178109
7436,0,0,0,36.73714676367506,0,59.36949906446662
7437,0,0,0,50.46092133677145,0,61.68205803420251
7438,0,0,0,49.12585033600822,0,63.48297791154282
7439,1,0,1,53.88860617991719,1,61.975078635184
7440,0,0,0,48.41167574757332,1,63.91811960922195
7441,1,0,1,51.65276143197609,0,62.38865128056874
7442,1,1,1,50.30847555844812,1,64.6604024991552
7443,0,0,0,46.08078928374795,0,61.18232223255647
7444,1,1,0,64.35689964967558,1,63.63513193106266
7445,0,0,0,45.40504484914739,1,63.14290095957998
7446,1,0,1,54.7729276670233,1,59.67774898757838
7447,1,0,1,35.74751694122114,1,58.93021921892962
7448,1,1,1,62.77063679573331,1,66.19026678223845
7449,1,1,1,45.64316269328279,1,62.6093633070306
7450,1,0,0,52.53731101356569,0,63.63331314675135
7451,0,0,0,43.21089441943838,0,61.6391374876041
7452,0,1,0,54.0706371265025,0,62.7262232893012
7453,1,0,1,49.46826256426901,1,64.38360251176462
7454,1,0,0,39.68699154724132,1,58.65883279240426
7455,1,1,0,46.99959577658808,1,63.80525191408218
7456,1,0,0,41.81845658051697,1,62.40422956160862
7457,0,0,0,45.61241448034741,1,61.36643238609956
7458,1,0,0,49.41828954010154,1,64.45314546753167
7459,0,1,1,41.88368880221123,0,60.35078530082847
7460,1,1,0,66.66176919404603,0,66.27751450716778
7461,0,0,0,47.75510073260685,0,64.69069845589209
7462,1,1,1,51.17358761541283,1,60.70607391704955
7463,0,0,0,47.80500673525671,0,59.59933715580105
7464,1,1,1,62.45259068530129,1,66.72025235086203
7465,1,0,1,49.40643370209303,1,61.0276096472686
7466,1,0,1,64.67578527357814,0,62.10702831084648
7467,0,1,0,56.66250112103217,0,65.35114033504836
7468,0,1,1,32.61002598013548,0,59.22421533253276
7469,1,0,1,57.05203099740589,0,64.39097130484366
7470,1,1,1,46.37183351344335,1,62.19755797416447
7471,0,0,1,36.53579543622632,1,57.8109396701668
7472,1,1,0,38.85451989586286,1,60.72913415250839
7473,0,0,1,48.91300774231299,1,60.88275542181699
7474,1,1,1,50.95499569457179,1,59.08785058732601
7475,1,1,1,45.74932898868828,0,62.99599078975837
7476,1,0,0,50.2967640534487,0,65.16938892570872
7477,0,1,1,55.63466139593197,0,63.68097778590284
7478,0,1,1,27.91689498422262,0,57.34914764429907
7479,0,0,0,43.28421171019395,1,66.78739328447043
7480,0,1,0,41.88772637757268,1,59.02582542129444
7481,0,0,0,27.30464911483418,1,62.86762109438042
7482,0,1,1,60.96386163759063,0,61.74625284736522
7483,1,1,1,31.31252334274969,1,62.20978473373547
7484,0,1,1,40.06708487255948,0,60.26570904387251
7485,0,0,0,54.29862464465003,0,63.30815386536255
7486,1,1,1,36.73109080433971,1,60.63253044064874
7487,0,1,1,54.23853840475429,0,62.61266856815043
7488,1,1,0,53.93044018181108,1,66.3631351363311
7489,1,0,0,54.56613899923653,1,62.86985155602268
7490,1,0,0,66.32044044060024,0,64.77865086978723
7491,0,1,1,24.21145883041847,1,57.75904667967805
7492,0,0,1,50.82181693293158,1,60.3372683554062
7493,1,1,1,54.75210149957346,1,63.00131678414773
7494,0,0,1,39.84421609764136,0,62.01000279971305
7495,1,0,0,54.42450757336626,1,60.28952463863362
7496,1,0,0,62.35350989170691,1,65.55347844195683
7497,0,0,0,65.44763505409257,1,63.29153734912425
7498,1,0,0,48.82082529874838,0,65.4194784806985
7499,1,0,1,48.04927594119448,1,62.64382514364285
7500,0,1,1,54.30543348234792,1,59.8177395688566
7501,1,1,0,28.54390577315334,0,61.86778324969521
7502,0,0,1,63.60313081347009,0,61.90272434991988
7503,0,0,0,44.62200985440633,0,64.35803408638944
7504,1,0,0,61.17964604384532,1,64.47901118616767
7505,0,0,0,52.5568363602701,0,63.93514870397959
7506,0,1,1,51.23988500880438,0,60.98297735540616
7507,0,1,0,51.52227230597941,0,61.00149199669709
7508,1,0,1,36.1254474380459,0,59.95593935405361
7509,0,1,0,29.30268434565349,0,60.19926548519137
7510,1,0,0,43.36908172770632,1,60.66118288142776
7511,1,0,0,56.05745062028754,1,65.18044566343153
7512,1,0,0,46.48111947991613,0,59.38786362837506
7513,1,0,0,46.68397762766462,0,59.46649424049306
7514,1,1,1,27.84713458432396,1,58.45522987623856
7515,1,1,1,32.76943584574521,1,55.19997663963445
7516,1,1,1,31.84115084651212,1,58.8975530551856
7517,0,0,1,43.55580710219101,0,60.18333854176365
7518,0,0,0,52.20837833558889,1,63.63612791220909
7519,1,0,1,43.88915819511706,0,58.09210153272699
7520,1,1,0,69.52738752925326,1,66.72646496853602
7521,0,1,0,52.31069882166494,1,63.83190826468741
7522,1,0,1,44.44170744186691,1,62.29075784103991
7523,0,1,0,38.98783361041878,0,63.5170595282828
7524,1,0,0,35.77118420018395,0,59.63303173326752
7525,1,0,1,56.44413989378528,1,63.59511882803859
7526,1,0,1,24.38629595530571,0,53.46819026682991
7527,0,0,1,37.19594287105479,0,60.15712930598873
7528,0,1,1,42.15902965980647,0,58.4367872592769
7529,1,1,0,48.58820213881003,1,64.47671152529534
7530,0,1,0,62.6027868686564,0,69.2991547048608
7531,0,1,1,29.9990971040452,0,59.12479958717486
7532,0,0,1,64.25366235465924,0,65.32832497362331
7533,1,0,1,47.5415419725713,1,61.17653505486027
7534,1,1,1,41.82491471336714,1,61.983748117974
7535,0,0,0,55.57529323490112,0,60.0023423992154
7536,0,0,1,55.07579851991324,0,58.73564783451493
7537,0,1,1,42.66637181753573,0,57.34126953352469
7538,1,0,0,47.77924981227827,0,61.29751736757471
7539,0,1,1,61.06930254780869,0,65.30487595553021
7540,1,1,0,58.6090544993673,1,62.43700086780967
7541,0,0,0,66.62218317671183,0,64.77369737205557
7542,1,0,0,34.29101474713833,1,62.03523430742182
7543,0,1,1,34.72052887644785,0,59.6908753907206
7544,0,1,1,51.79900526269171,0,63.73405501334904
7545,1,0,1,13.50969863410282,1,54.73965851238755
7546,0,1,1,69.63397588009403,0,64.80365233602765
7547,0,0,1,42.83684847478054,0,60.61936320697256
7548,1,0,0,32.12384445301839,1,57.94969852329589
7549,0,1,1,58.73130203301063,0,65.25739811494678
7550,0,1,0,50.24464337715768,1,64.53088551193457
7551,0,0,1,38.51200419612134,1,62.59032985785529
7552,1,0,0,47.69184057919215,1,61.89624765408315
7553,1,1,0,57.59823033273733,0,63.58661218451105
7554,0,1,1,46.76992703467069,0,60.50533915249062
7555,1,1,1,69.91512464786231,1,65.3085629008192
7556,0,0,1,57.43437798491628,0,62.72455248768525
7557,0,0,0,54.05982598347595,0,59.93636082594546
7558,1,0,1,49.1300732788914,1,64.39103247102568
7559,0,1,0,29.38026459960615,0,57.34196634506823
7560,0,1,0,57.62518294351632,1,64.12965423754976
7561,1,1,0,49.83163874875399,1,65.94137352536319
7562,1,1,0,44.04439633034681,1,66.07008291796397
7563,0,1,0,49.34475008942135,1,66.9000484650095
7564,0,0,1,60.43808550612915,0,63.42431070521742
7565,1,0,1,33.25381940032925,1,60.83190253991167
7566,0,0,1,51.22039513443548,0,61.20403177737398
7567,1,1,0,57.90337638156025,1,63.18927596254984
7568,0,1,1,29.94070818080824,1,54.7091188755379
7569,1,1,1,43.60439116933264,1,62.16924019549801
7570,1,0,1,60.61221667777633,1,60.24837474041141
7571,1,1,1,50.46820223889471,1,60.08854902951958
7572,1,1,0,41.97792253257509,0,60.63632293935076
7573,1,0,0,48.80461366629041,0,61.77745171154974
7574,0,0,0,63.43117597621352,0,62.85890331142386
7575,0,0,1,33.33824955047073,0,55.72998795546938
7576,0,1,0,51.1226452091655,1,67.6839290606608
7577,1,1,0,47.04757765321028,0,62.83591402271249
7578,1,1,1,53.60733105208198,1,60.65007482472964
7579,0,1,1,36.46107043673138,0,59.63452464915568
7580,0,1,1,30.70341561525985,0,58.35755238492104
7581,0,0,1,30.34796275960945,0,57.65407573704766
7582,0,0,1,26.90242117768337,0,56.99038328973736
7583,0,1,1,34.33748218790984,0,59.37778296571094
7584,0,1,0,39.95605181787721,0,65.07892762959113
7585,1,1,1,44.93784783511957,1,62.57037946550053
7586,1,0,1,61.00551880029153,1,61.85713226839354
7587,1,0,1,49.0786016040722,1,62.89582324602264
7588,1,0,1,46.64983153010519,1,59.67560778413427
7589,1,1,0,45.30908632404075,1,61.03367004593006
7590,0,1,0,58.60951942166618,0,62.99815817613438
7591,1,0,0,54.73166662486954,1,62.24269609533613
7592,0,0,1,25.22461698274475,0,56.55079919984905
7593,0,0,0,40.45693717833844,0,61.98108424810396
7594,1,0,1,48.12219863463033,1,61.93090766188885
7595,0,1,0,57.68158098242733,0,63.25695457617893
7596,0,1,1,56.24796686529513,0,61.36326099477166
7597,0,0,1,57.308535017182,1,59.67554519682016
7598,1,1,1,45.40130274915779,0,60.0060508710765
7599,0,0,0,58.13728029020977,0,66.43094816943673
7600,1,0,1,38.33686307830473,1,56.98234663308111
7601,1,1,1,37.50657628340821,1,59.67561756449188
7602,1,1,0,49.48044203335392,1,68.18777732059448
7603,1,1,1,60.58993082742868,1,64.51688656411322
7604,1,1,0,46.80737119057335,1,62.49773005846654
7605,0,1,0,37.38818076934214,0,61.83909819501925
7606,1,1,0,35.37218521286121,0,67.34683890169988
7607,1,1,0,57.73955836654959,1,64.25319393931541
7608,1,1,0,42.87508690085305,1,63.72015277369906
7609,0,0,0,35.87916497430868,0,58.62919642757903
7610,1,0,0,41.32018295863757,1,61.75315514846407
7611,0,0,1,58.08304083044169,0,61.43127578089829
7612,0,0,0,49.84371794491562,0,61.27281097222506
7613,0,1,1,51.74107895733747,0,61.71722267768737
7614,0,0,0,56.07815291699244,1,64.30505901465453
7615,1,0,1,36.8441968295146,1,60.90254095847692
7616,0,1,0,36.23319045211271,0,62.49948812382981
7617,1,1,1,31.72636101190088,1,61.22118606892169
7618,1,1,0,59.24393095047569,1,65.28700960298805
7619,1,1,1,49.22898408269934,1,63.71860271741788
7620,0,0,0,43.60061065856891,0,58.52675604959645
7621,1,1,0,52.69869726322714,1,65.81083101256395
7622,1,1,1,37.24519595341784,1,62.06738464410277
7623,0,1,1,37.61549146738011,0,60.08954926971738
7624,1,0,0,62.39038018497446,1,64.55703621044235
7625,1,1,1,59.84417474251049,1,64.54474714726031
7626,0,1,0,54.65447742065951,0,63.22225664935446
7627,0,0,1,41.63976896487235,0,58.92906230184681
7628,1,1,1,52.06749511906144,1,59.75313874630037
7629,1,0,1,47.40193952893753,0,59.40400504171345
7630,1,1,0,44.74068111557498,1,66.47796335308161
7631,0,1,1,55.38052536753906,1,63.80133760949875
7632,0,1,1,40.02370875989177,0,64.40815689991932
7633,1,0,0,56.54662243866787,1,60.88811629789303
7634,1,1,0,52.63257243273357,1,66.30283045390399
7635,0,0,0,46.92673612808915,0,61.11176550674219
7636,0,1,0,55.02447738797704,1,62.46152810396588
7637,1,1,1,32.87120455650319,1,59.33259370949244
7638,1,1,0,58.40397609745721,0,65.47778402873618
7639,0,0,1,56.9878119428553,0,62.6930421493298
7640,0,0,1,54.21397697690919,0,62.9385215545966
7641,1,1,0,48.81489568071949,1,62.00072213611623
7642,1,0,1,46.64537012330836,1,62.55425655349878
7643,0,0,0,38.04631665262691,0,58.73512449796957
7644,1,1,1,62.09077274555739,1,63.86688583101789
7645,1,1,0,51.63782187166575,0,59.78558109928256
7646,0,0,1,52.80472701638183,0,62.93628430932739
7647,1,1,0,57.9586433162965,1,64.37256457537418
7648,0,1,0,46.26124975978188,0,61.2723945911306
7649,0,1,1,57.08747295847218,0,63.31612269887592
7650,0,0,0,62.3134276657356,0,62.09643551872901
7651,0,0,1,43.39164546639794,0,58.66296667298572
7652,0,1,0,44.72456320424643,0,63.60909891411312
7653,1,1,1,51.27913703134175,1,61.53446103284276
7654,0,1,0,26.82950025887077,0,59.32240331129449
7655,0,0,0,47.86826152794529,0,62.73249993244927
7656,0,0,1,59.11764701189033,0,60.07998428136674
7657,1,0,1,37.42515548642483,0,54.22365333696745
7658,1,1,0,45.87636702997318,1,61.75158546937872
7659,1,1,0,40.7102271643663,1,62.15079113623257
7660,1,0,0,25.41062625832705,1,57.91607879948808
7661,0,1,1,43.79541760549688,0,60.60183007840082
7662,1,1,0,65.33070632676717,1,65.44506232675687
7663,1,1,1,57.62392574430359,1,60.48036778091701
7664,0,1,0,43.97430316774376,0,61.75570824872293
7665,0,0,0,58.59735864154401,0,63.02868854257583
7666,0,1,0,42.5250878884387,0,64.101706309685
7667,0,1,1,27.14796094895402,0,56.48971927132011
7668,1,1,0,51.77507494587898,1,64.54486032308786
7669,1,0,0,49.30335348238641,0,61.33107605386181
7670,1,1,0,60.66764656231807,1,67.64227004562856
7671,0,0,1,60.55389900327442,1,61.34522455291436
7672,1,0,0,64.67601655221912,0,64.02898377598416
7673,1,0,1,39.74630750249894,1,61.61269029230553
7674,1,0,1,49.00014986169178,1,65.37504235024674
7675,0,0,0,53.1945790055543,1,63.84726614727654
7676,0,1,0,48.70835679035915,1,63.99956939552225
7677,1,0,0,60.55919051544729,1,63.8713140690279
7678,1,1,0,68.4864445794594,1,64.93174818990349
7679,0,1,1,67.29951301250414,0,68.1269347469439
7680,1,0,1,31.72717989394689,1,57.98942232142095
7681,1,0,0,51.29147860998995,1,62.69889891715924
7682,1,0,0,44.67755138199522,1,62.40399842901009
7683,1,1,1,35.85531095440727,1,59.8261175021696
7684,1,0,1,41.18523867808793,1,61.34525225030441
7685,1,1,0,58.30024552643299,1,62.02293233593348
7686,1,0,1,36.63075540451331,0,57.64624530926204
7687,0,0,1,46.84338981156807,0,61.93484922867795
7688,0,0,0,57.58772036481242,0,64.00443913643261
7689,0,0,1,48.92231441745926,1,62.038602351658
7690,1,1,1,48.67292445097848,0,63.79347469737751
7691,0,0,0,56.59408187012523,0,62.97731468226639
7692,0,0,1,47.9932140581569,0,60.37138632189607
7693,0,1,1,51.68877020176626,0,63.42184536123155
7694,1,1,0,63.84479298702027,1,65.207047471585
7695,0,0,0,60.17614459597636,0,65.54835318262194
7696,1,0,0,41.46854801617079,1,64.62945675765991
7697,0,1,1,41.48881255871419,0,63.96553990147638
7698,1,0,0,61.33183213606044,1,65.0709397155605
7699,0,0,1,56.63833437125584,0,60.64868820592829
7700,1,1,0,31.74253381770238,1,62.05052696637632
7701,0,1,0,34.79594360846828,1,64.7493380856526
7702,0,1,0,47.04818478977585,0,61.45240286963998
7703,0,1,1,56.5968087243353,0,62.34989435007972
7704,1,1,0,51.55590606765633,1,67.4975888284915
7705,1,1,1,61.2095036219655,1,66.22231828074146
7706,1,0,1,31.1198831007152,0,58.62386666998655
7707,1,0,1,44.62662394570486,1,61.27388413328605
7708,0,0,0,51.42203989668445,0,61.50257265279777
7709,1,0,1,45.55118155817554,1,63.04953587272572
7710,1,0,1,49.32399166992747,1,61.48401340929551
7711,1,0,1,46.24392744392054,0,60.18598579649527
7712,0,1,0,56.85605164309795,1,63.3155183011586
7713,0,0,1,37.35445626701078,0,60.00741215947694
7714,1,0,1,53.87956013941692,1,65.63567341535796
7715,0,1,0,51.05392053872966,0,61.20760954331703
7716,0,0,0,72.10292060867236,0,68.860426264789
7717,0,1,0,42.05102655886781,0,59.29247995738742
7718,1,0,0,43.34947106899101,1,64.62684686876
7719,0,0,1,30.15041437990212,0,59.10288562848569
7720,0,0,0,42.13557022697035,0,65.6256960308049
7721,1,0,0,44.4813939798189,0,60.55069945415701
7722,1,1,0,67.24874063279785,1,69.39616129756634
7723,1,1,1,36.92894086736692,1,62.42737548697511
7724,1,0,1,34.90509877093903,1,57.88316885743257
7725,0,0,0,66.53240938736047,0,62.85459214496821
7726,0,0,1,37.65237430279374,1,56.28189095972061
7727,1,0,0,53.10806966723627,1,64.25530271843843
7728,1,0,0,45.67944476098263,1,64.34062635822487
7729,0,0,1,34.42391206628069,0,58.08328200211061
7730,0,1,1,54.09599220207502,0,61.57409741840068
7731,0,0,1,54.91900983848964,0,63.07164671339005
7732,1,1,0,56.77884502612153,1,63.15940970727797
7733,1,0,1,66.08984206164708,1,60.63400698182738
7734,1,1,0,41.33847526453159,1,63.2601726477258
7735,0,0,0,42.97681335154073,0,61.52154706909394
7736,0,0,0,61.30512154381563,0,65.36457591484556
7737,1,1,1,43.26140730394918,1,60.5511917058064
7738,0,0,1,52.08591120078989,0,62.60341359099456
7739,1,1,1,51.30947624908967,0,59.01790904250056
7740,1,1,1,55.33710165776637,0,62.78816525888826
7741,1,0,1,30.17442570620068,1,56.33753647724427
7742,0,1,0,41.76999450863114,0,60.40420504837959
7743,0,0,0,45.46035428234057,0,64.69797539607252
7744,1,1,1,42.23916505015866,1,58.97590691815292
7745,1,1,1,39.35783011125051,0,58.18083453117411
7746,0,1,0,58.54454909193576,0,66.50451170646146
7747,0,1,1,29.22314812352941,1,59.92959887985666
7748,1,0,0,60.00448145138634,0,62.73940720751318
7749,1,0,1,41.97590141274953,1,59.25251827508275
7750,0,0,0,58.39049935336624,1,63.90232405891027
7751,0,1,0,59.09682778182571,0,62.09390365754303
7752,0,0,1,37.27272229664852,0,61.87604972536781
7753,0,1,1,45.23034103822121,0,61.33430462373047
7754,1,0,1,64.72310194224869,1,63.71330070768548
7755,1,0,1,41.4690472271605,1,59.66339188270661
7756,1,0,0,45.32022561293852,1,65.51396704286931
7757,1,1,1,42.90952107669713,1,58.98798863109067
7758,0,0,0,53.30529148997321,0,61.63065218271028
7759,0,1,0,67.51965082373323,0,67.39314076828543
7760,1,1,1,52.71985111129489,0,59.08732108431586
7761,1,0,0,55.40673127146493,1,66.08319076418358
7762,0,1,0,47.30599266146733,1,63.81830214871479
7763,1,1,1,61.77825109632355,1,61.61775744194653
7764,1,1,0,59.04133909482574,1,67.37397088941331
7765,0,0,1,47.15181920468238,0,64.04828289183456
7766,0,0,1,52.73745318132365,0,60.50548388221461
7767,1,0,1,59.56991231827666,1,63.14083721186753
7768,0,1,0,43.02054722636517,0,64.16543800517286
7769,0,0,1,45.4077846021452,0,63.44009656945673
7770,1,0,0,35.48673341924285,0,61.4909231858683
7771,0,0,0,58.05959345738233,0,64.19994615823975
7772,0,1,0,66.45270630534398,0,66.58316037370119
7773,1,1,1,34.47968184466755,1,63.07592235043101
7774,1,0,0,44.39355962576889,1,61.79527720026719
7775,0,1,0,48.76063253830644,0,62.01512436139922
7776,1,1,1,52.1550803202508,1,65.97074296713274
7777,1,0,0,47.06409521978967,0,63.52899789726592
7778,0,1,0,53.95462927362418,0,64.3257759146878
7779,0,1,0,69.66174656463171,0,65.57216462282288
7780,1,0,0,48.43806592688048,1,62.76178209499708
7781,1,0,1,42.36729169229032,1,60.32965921753358
7782,1,0,0,47.47055200461804,0,64.68449450591331
7783,1,0,1,57.94427721082921,1,62.8783028436712
7784,0,0,0,45.65923459371195,0,63.96053722769276
7785,1,1,1,51.40634033430348,1,61.64346816377878
7786,0,0,1,49.38723566465893,1,60.16269922714493
7787,1,1,0,48.40538901546811,1,67.4573313923615
7788,1,1,1,44.15958900581968,1,62.66477397594949
7789,0,1,0,58.98068269221008,0,64.61424293136403
7790,0,0,1,44.90794886439333,0,59.530552084992
7791,1,1,1,48.67323021913813,1,60.67552395771268
7792,1,1,1,55.14816617428653,1,62.91430503492534
7793,1,1,1,54.77652170114348,1,62.69384559461298
7794,0,1,0,47.97454153152318,1,61.64096807178377
7795,0,0,0,54.84172387711691,0,63.40660067394717
7796,1,1,0,47.55220960341174,0,63.56840702437855
7797,1,0,1,25.52308103193409,1,58.89957452967113
7798,0,1,0,65.65819564637772,1,63.66513968503224
7799,0,0,0,54.89005918226993,0,64.12952891477265
7800,1,0,0,67.64920156759753,0,64.03802581782381
7801,0,1,0,56.63210743267849,0,65.24397447455833
7802,1,1,1,43.3410510797251,1,61.80485279061518
7803,1,1,1,55.44622000093162,1,60.38198214783529
7804,0,1,1,60.41490574736205,0,64.54521805221432
7805,1,0,0,39.76406774136308,1,62.56348572369905
7806,1,1,0,46.60456693801615,0,61.88174373498316
7807,1,0,0,49.49959719554928,1,65.08873177430036
7808,0,1,1,63.28312948984744,0,62.74181331766024
7809,1,1,1,52.02428655383461,1,62.14892199602374
7810,1,0,0,54.28802947810473,0,64.85735878172035
7811,0,1,1,48.95254396832248,1,62.67191633249652
7812,1,1,1,58.9136241244376,1,59.65136761083352
7813,0,0,0,24.59735908733549,1,60.59637939161817
7814,1,0,1,41.0596835693961,0,59.74431438786581
7815,0,1,1,58.18966565869379,0,62.7836060742262
7816,0,0,1,30.90224883770586,0,55.18280180131527
7817,1,1,1,36.02988640871654,1,63.14667707938504
7818,0,1,1,37.44906473015498,1,59.28744469300589
7819,0,0,0,50.62802596546123,1,58.89017583088684
7820,0,1,0,43.58064403814047,0,60.11608738398106
7821,0,0,1,41.20914845022241,0,59.36602252094534
7822,0,1,0,53.75775809445003,0,65.05611384351113
7823,0,0,0,44.00684333336211,0,59.84587554837231
7824,0,0,0,57.76454013878011,0,65.32112684498858
7825,0,1,1,66.32428741960483,0,63.48211692548768
7826,1,1,0,41.46237337364954,1,62.74610769658247
7827,0,0,0,38.18723483747625,0,60.61460879108078
7828,1,1,0,38.92481075317497,1,62.51516877688311
7829,0,0,0,70.09649370385793,0,63.9867475032074
7830,1,0,0,54.21381857073114,0,62.78363760015286
7831,0,1,0,56.56890965392891,0,63.73716958293038
7832,1,0,1,54.3487193084826,1,61.67100412287403
7833,0,0,0,46.51940527188331,1,63.38105218496626
7834,1,0,0,59.10138561388722,1,65.45448441748417
7835,0,0,1,36.51164254721463,1,59.62921949529002
7836,1,1,1,36.73616568335668,0,62.56660876225953
7837,0,1,1,42.9233143899905,0,60.06997144605837
7838,1,0,1,52.17539588511698,1,64.98978660450682
7839,1,1,0,50.40472557004695,1,62.26936272855981
7840,0,1,0,52.07245674618202,0,65.01733728128303
7841,0,0,0,56.07656097516614,0,65.19193911388361
7842,0,0,1,56.92487700923672,0,65.05204259417307
7843,1,0,1,25.85649580757069,1,58.43043306344298
7844,0,0,0,58.99249070613148,0,64.71422999124377
7845,1,1,0,49.74428159192798,1,62.42261307909351
7846,1,1,1,52.9445837108879,0,63.18891920946992
7847,0,0,1,51.96026564462101,0,63.8235851010441
7848,1,0,1,47.52810018521303,1,60.64011056315996
7849,1,0,0,32.78786893606261,0,57.79674861448284
7850,1,1,1,41.9692708227731,1,59.6626900278718
7851,0,1,0,41.47182674687021,0,60.50502369905256
7852,1,1,0,60.98366870026339,0,63.90474682865198
7853,1,1,1,40.02763985721495,1,63.80979594323739
7854,1,0,0,36.69996867083935,1,58.50373857688887
7855,1,1,0,54.03926526096534,1,62.11407205790746
7856,0,0,1,50.51933731051526,0,61.10176401487193
7857,0,1,0,43.42085754285722,1,63.04360789377613
7858,0,0,0,63.05850178846761,0,64.44789047721191
7859,1,1,1,60.30736941185737,1,62.60410407704516
7860,0,0,1,53.07946779111835,0,60.68381410404196
7861,0,1,0,47.82130286425497,0,66.04463275806275
7862,0,0,1,44.71031226258183,1,62.387320618384
7863,0,0,1,19.77401017677449,0,55.74643542501842
7864,1,1,0,57.37387805548877,1,59.31553929399345
7865,1,0,1,43.47331311822015,1,61.89348941748633
7866,0,1,1,47.11701280846543,0,64.1164028748956
7867,0,0,1,38.17080161812228,0,62.22791671946893
7868,0,0,1,56.54063123460903,0,60.21292377381656
7869,1,1,0,48.52974223403803,0,60.63469628725114
7870,1,0,1,50.0507834857549,1,61.8782673531095
7871,1,0,1,27.02291464500885,1,57.38063536620762
7872,0,1,1,48.85985454027933,0,61.13347830160218
7873,0,0,0,29.81047955564954,0,62.61141346813397
7874,1,0,0,59.87148631645653,1,69.40211638244375
7875,0,1,0,59.42124122135672,0,64.05111173808882
7876,0,1,0,60.21845688772599,0,63.32784312650016
7877,1,0,0,37.33874210442794,0,64.5363968968834
7878,0,0,0,33.75558449547855,0,61.49416711986088
7879,1,0,1,51.59466672893835,1,62.74942674856732
7880,0,1,1,41.05397117501045,0,59.64940718160948
7881,1,1,1,25.18024334883439,1,58.06023639994291
7882,0,0,0,48.59087393761765,0,64.56647297145012
7883,1,1,1,39.23438396027782,1,62.18262345287622
7884,1,0,1,65.88244736975119,1,62.13495594124511
7885,0,0,1,46.2619274568299,0,58.1371672874348
7886,0,0,1,28.36833297724278,0,56.25946464795133
7887,0,0,0,53.03856102954438,0,60.3149422193607
7888,0,1,0,55.33684984275177,0,63.69026735817893
7889,1,1,0,46.79372500737768,1,60.17305581425235
7890,0,1,0,53.46332523243802,0,65.39887551534044
7891,0,1,1,46.72174737229866,0,63.39801088450874
7892,0,0,1,53.75074625737225,0,65.03409414460937
7893,1,1,1,51.18664834983633,1,61.01228956068226
7894,1,0,1,58.06266543216529,1,60.83451322082085
7895,0,1,0,51.1764438147798,0,62.01789650942339
7896,1,0,1,43.55915110480684,1,62.85768291232768
7897,0,1,1,51.0768044094563,0,63.72913918465582
7898,1,1,1,34.50643624141275,1,57.20525760135508
7899,0,0,0,43.34443636936143,1,61.9781312118509
7900,0,1,0,55.34575766013127,0,61.24932747759257
7901,0,1,1,38.9535340117497,0,57.96501254757715
7902,0,0,0,76.31292062662308,0,68.27597507051679
7903,1,1,0,47.3763578762969,1,63.99631947847413
7904,0,1,1,59.17610998305821,0,63.12145631663207
7905,1,0,1,49.28480754152654,1,61.00204657879363
7906,1,0,0,34.76320984402048,0,60.92905169520804
7907,1,0,1,35.12080124306599,0,57.69214550317561
7908,0,1,1,44.78320754490765,0,60.14946769574406
7909,1,1,0,57.34395323737338,1,64.71380908819911
7910,0,0,0,49.55185427186727,1,63.94214293902346
7911,0,0,0,61.14438580750746,1,65.61061516940714
7912,0,1,0,47.22943407895446,1,66.07082758212211
7913,1,0,1,54.57572073033084,1,65.82656430396337
7914,0,0,0,39.01344665435095,0,61.38349970633946
7915,0,1,1,48.46700998192163,1,59.58659048045224
7916,0,1,1,26.02499460269144,1,59.01312461598275
7917,1,1,0,55.3797683114676,1,68.04561982955124
7918,0,1,1,50.92571444735844,0,61.30013739878554
7919,1,1,0,65.15410255854083,1,64.94901070757236
7920,0,0,0,49.28855977114925,0,65.46296366958596
7921,0,0,1,42.77454862677134,0,62.43180725585734
7922,1,0,1,35.31432628018881,1,58.98503195031481
7923,1,1,1,44.60092691080538,0,61.17425823834222
7924,0,1,0,61.48703247395893,0,64.74649370415656
7925,1,1,1,59.6159943627521,1,65.66144079591461
7926,0,1,1,51.29015423027423,1,60.77853942171048
7927,1,1,1,61.76901798978118,1,67.0625794736782
7928,0,1,0,67.45183838365097,0,63.05346875118328
7929,1,1,1,46.37787667894473,0,62.81446037777179
7930,1,0,0,54.34351882646693,1,62.39501947308169
7931,0,0,1,40.83063498200575,0,56.78907214756081
7932,0,1,0,61.55167699303736,1,65.39893563069265
7933,0,1,1,38.37497004381915,0,58.39054858305284
7934,0,1,1,45.77374187622313,0,61.45503210526595
7935,1,1,1,44.80450792846968,1,58.851381795435
7936,1,0,0,38.90217915001889,0,60.04525346881801
7937,0,1,0,63.28163786588094,0,62.58848638598939
7938,1,1,0,39.59655255868445,0,60.81941404084744
7939,1,1,1,55.59462300246361,1,67.27879503454258
7940,1,0,0,55.64371811564286,0,65.68652805231179
7941,0,1,0,51.95278894393568,0,61.94798479628553
7942,0,0,1,58.4157106634853,0,60.5901950420306
7943,0,1,0,47.61721274265726,0,59.69237834304126
7944,1,1,0,36.98071153905237,1,60.52222444603638
7945,1,1,0,49.9931534616906,0,62.55016215490336
7946,1,0,1,44.9264288022959,1,61.4267555766208
7947,1,1,1,38.82442603485843,0,61.44088050472101
7948,1,1,1,45.96008988280251,0,60.55179728487146
7949,0,1,1,40.04269504170384,0,63.24799166818048
7950,1,0,1,42.72576154335674,1,61.38587323192075
7951,0,1,1,39.93397254202765,0,59.32841835535984
7952,0,1,1,47.34356341651527,0,62.35937717654893
7953,0,1,1,40.27855277826741,0,60.11923976579462
7954,0,0,1,45.22073687295715,1,58.16948233058035
7955,0,0,1,47.49690645388876,0,59.45969106879667
7956,0,0,0,33.31952951173939,0,61.40963529845823
7957,1,1,1,55.979111010522,0,64.07773811813689
7958,1,0,0,62.9894466118439,1,65.39411664403148
7959,0,1,1,51.40574991718963,1,64.03230974371868
7960,0,1,0,39.49069142833354,0,61.89991424648404
7961,1,0,0,60.90363372654785,0,65.99983711768525
7962,1,0,1,29.34723974412026,0,58.36413134068468
7963,1,0,1,34.68871278842476,1,59.89387895728364
7964,1,0,1,30.21527519511893,1,56.17149776538588
7965,0,1,1,56.33411163556021,0,63.93076709342524
7966,0,0,0,51.15445831623185,0,63.04937125038099
7967,1,1,0,49.52070491514034,0,62.06451441974292
7968,0,0,1,36.7915983962293,0,58.26060732934687
7969,0,1,0,52.64471884680849,0,67.08673375768691
7970,0,1,1,41.22691292160186,0,61.19512402089092
7971,1,0,0,51.12714644554531,1,63.4658704547771
7972,1,1,0,47.69980424767432,1,67.54325904152607
7973,1,0,0,49.63117890505492,1,62.14164741098318
7974,0,0,1,56.06215438778312,0,61.22252221166926
7975,0,1,1,42.69522622046224,1,60.22898973065923
7976,1,1,0,58.38957772572988,1,67.66858766518118
7977,0,1,0,64.80461834335593,0,63.5239815364306
7978,0,0,1,40.34178518775211,1,58.44136167868799
7979,0,0,0,39.54522322245229,0,62.61087460993189
7980,0,1,1,53.37322389325768,0,64.98580849822451
7981,1,1,1,29.52522725322927,1,59.32679127788985
7982,0,1,1,51.31414616866816,0,59.94497810767431
7983,0,0,1,48.28366425824271,0,61.81550249668154
7984,1,1,0,55.52746984669962,1,65.81128750143802
7985,1,1,0,54.41304365954304,1,60.08224180761655
7986,1,1,0,53.7644802708725,0,65.0313981840653
7987,0,0,1,19.10269653723477,0,58.30471941213209
7988,1,1,1,38.04403775591143,1,60.68054318220479
7989,0,0,0,47.67975666793946,0,62.60803403767899
7990,0,1,1,53.56776822705342,0,61.56232730292639
7991,0,1,0,39.94623591299779,0,58.95857101812244
7992,1,0,1,41.59656781508627,1,58.5392277756171
7993,0,0,0,64.71252531936261,0,63.23698029726944
7994,1,0,0,41.47515132803139,1,62.65752943806961
7995,1,0,1,45.85310393783715,1,63.02092375969988
7996,1,1,1,62.73887212493824,0,62.66252877083556
7997,0,1,0,78.0671996923018,0,68.14178951023992
7998,0,0,1,44.47031008853709,1,58.38564801007219
7999,1,0,1,42.31761787312502,0,61.41274387829773
8000,1,0,1,60.52500272363019,1,68.25596274355409
8001,1,1,1,46.74721341124708,1,65.92334621576552
8002,1,0,1,63.87226625305973,1,62.62768468686004
8003,1,0,1,45.51227617352728,1,62.04431094629854
8004,0,0,0,47.78960101556269,0,62.28617587549081
8005,1,1,0,43.12788611311252,0,63.48809801334897
8006,1,0,0,72.00992819176696,1,66.78118477532666
8007,0,0,0,51.98785035617168,1,60.55258424529458
8008,0,1,1,56.33099110469228,0,60.84221935613314
8009,1,1,0,50.3029452005612,1,64.62963667622407
8010,0,0,0,55.430640821149,0,65.88050519829709
8011,1,0,0,29.08819222358882,0,64.11339859179284
8012,1,0,1,68.92497889622075,1,64.88543759976622
8013,1,0,0,54.34850814185951,0,65.92466790823141
8014,0,1,0,43.12270499269486,1,59.69442238068208
8015,0,0,0,44.59572955616486,1,62.76911857798766
8016,0,0,0,62.11313666341703,1,64.87220981164678
8017,0,0,0,22.34572998979523,0,60.82851425257446
8018,1,0,1,47.00238579076127,0,62.37995018720773
8019,1,1,1,55.3997043534964,0,65.69013521248579
8020,0,1,1,62.42665351891098,0,60.71895066022157
8021,0,0,1,33.13046337972864,0,58.06054701187309
8022,1,1,0,60.40892464098904,1,66.72107694768368
8023,1,1,1,36.39986739046459,1,59.35910548672371
8024,1,0,0,58.70524565889038,1,63.60751199180338
8025,1,1,1,25.66049314300354,1,58.63910326754289
8026,1,1,0,57.21068335295767,1,67.07968261018249
8027,1,1,0,50.5338381134782,1,61.20767075198435
8028,0,1,1,41.47436590257904,0,59.39465711569317
8029,1,0,0,62.9495265409236,1,62.88234319443744
8030,1,1,1,30.86602465216697,1,63.20360496575896
8031,0,0,0,33.54218566954729,0,58.83615676726489
8032,0,0,0,71.58787285411077,1,69.21132672593862
8033,1,1,0,66.36033586262735,0,67.29605696406604
8034,1,0,0,39.74508829223786,1,62.37500862579513
8035,0,1,1,49.37815060481675,0,65.52605993365295
8036,0,0,1,52.96254058633161,1,67.60556942415641
8037,1,1,1,48.06163445762719,1,60.36123608120302
8038,0,0,0,50.10334659679175,0,62.24609475938088
8039,0,0,0,42.94995335384679,0,60.36437705556335
8040,1,0,1,56.94299653276444,1,62.72571555549023
8041,0,0,0,64.78965452131906,1,61.59636625519073
8042,1,0,0,58.60833998676334,1,65.31740452012805
8043,0,1,0,44.15736272078848,0,62.52831197226016
8044,1,0,1,44.03675198578149,0,57.51578833832811
8045,0,1,0,78.1722745024973,1,65.81334332654785
8046,0,1,1,45.32304567778915,0,64.20939586910409
8047,1,1,1,43.03070659465514,1,60.5896215046464
8048,1,0,0,52.54435406331111,1,66.95832934233684
8049,1,0,1,47.66985753400061,0,60.36702964649135
8050,0,1,1,58.54456975498347,0,63.05120819574945
8051,0,0,1,48.96506893149495,0,60.68834818440243
8052,1,0,0,47.38462086245442,1,61.04327167723099
8053,1,1,1,33.85124381974222,0,58.1531018574779
8054,0,1,1,40.28038327530933,0,61.22787761941886
8055,0,0,1,36.18402011542454,0,58.23857324492938
8056,1,0,1,61.76761264345851,0,59.91584280696553
8057,0,1,0,49.86412176318278,0,63.99806323698667
8058,0,1,0,45.95870619300598,1,61.55125798342115
8059,1,0,0,65.51295398301593,1,65.25070614273265
8060,1,0,0,58.05809700603898,1,64.25104334464024
8061,0,1,1,64.68551881819864,0,64.78967081202664
8062,0,1,1,71.14935978099726,0,65.91773053713699
8063,0,0,0,54.9570308576942,0,65.30258183367907
8064,0,1,0,73.58505622211605,1,65.45076972967705
8065,1,1,1,41.14778236996872,1,59.72850000859417
8066,0,1,0,44.68039063070031,0,63.48007127099623
8067,0,1,1,53.19430294633602,0,59.97128633627838
8068,1,1,0,55.6129710860992,1,62.60007944614593
8069,0,0,1,40.49318925000577,0,60.06120375545279
8070,1,0,0,44.40699390860414,0,62.83246998265673
8071,0,1,1,40.42490979642646,0,58.71774557269417
8072,0,1,0,62.42036794229184,1,64.21090565022322
8073,1,1,1,48.23142864692782,1,64.17989041133468
8074,0,0,0,45.64304231838711,0,59.59266798078994
8075,1,0,1,48.65613500352029,1,64.12349819577858
8076,0,0,0,52.77897741404716,0,63.53386450444408
8077,1,1,0,79.89756584847228,1,69.48151649601665
8078,1,0,1,66.71872007372383,1,64.84737011665894
8079,1,1,0,43.67395900188399,1,64.46483750625173
8080,1,0,0,65.79983381830391,1,65.06945721846296
8081,1,1,0,66.25001427531662,1,68.17315815643015
8082,1,1,0,46.3399217856237,1,59.51717721294106
8083,1,0,0,46.46402406406431,1,61.78747531740417
8084,1,1,0,45.42662795282622,1,65.16426673826869
8085,0,1,0,48.43927025361877,1,62.52100578110283
8086,0,1,1,52.61536147151593,0,60.43962470178849
8087,0,0,0,57.13322223490628,0,66.43465498872179
8088,1,0,1,48.95062013321813,0,61.27123706106737
8089,0,0,0,44.41388625927011,0,60.48788314444757
8090,1,0,1,48.64680872560009,0,58.25854404341148
8091,0,1,0,47.4418212197315,1,61.66475111833972
8092,1,0,1,63.4264348504126,1,61.81685892449112
8093,1,0,0,52.73012289560157,1,62.7179605922331
8094,0,1,0,60.27457155012274,1,63.91811320467274
8095,0,1,1,43.76653960569486,0,62.27686776170964
8096,0,0,0,56.25212259872077,0,65.17002687680584
8097,0,0,1,40.25505557159387,0,61.3361556709237
8098,1,1,0,51.17860829612282,1,62.42257846092805
8099,0,0,0,46.35912071437679,1,61.71783790692366
8100,1,1,0,53.50498524231001,0,65.45995913565609
8101,1,1,0,55.07771102047713,1,61.66622219146593
8102,1,0,1,41.01570197815914,0,60.09211073019118
8103,0,1,0,42.68864651882278,0,62.75174704801294
8104,1,0,1,52.53197882242409,1,57.62819840496231
8105,0,1,1,49.75880948235675,0,62.55627004589184
8106,1,1,0,67.64403097930622,1,64.65912897907948
8107,0,1,0,44.1571751327505,0,62.09116594192501
8108,1,0,0,31.53658225314706,1,60.56218810438367
8109,1,1,0,56.94568720446486,1,67.83858828003063
8110,1,1,0,50.38090550728064,1,67.05750964137073
8111,0,0,1,51.63098662941472,0,61.83083570216085
8112,1,0,0,39.47900689719149,0,61.22547803887883
8113,0,0,1,35.98352727406719,0,60.99476937048965
8114,0,1,0,57.7166586318238,1,63.45508646349872
8115,0,1,0,50.50477492906542,0,64.21722403681177
8116,1,1,1,50.58784205397025,1,62.31776753931336
8117,1,0,0,46.54933315339183,1,64.94889294278833
8118,0,1,0,39.70101616491721,0,61.13015765903334
8119,0,0,0,52.80668114804037,0,61.82714713739517
8120,0,0,1,52.51110689224618,0,62.56145032695851
8121,0,0,0,55.25669199050107,0,62.38768123658684
8122,1,0,1,57.77444920411072,1,62.32383905598704
8123,0,0,0,51.47260824470637,0,61.39715161030245
8124,1,0,0,46.65916812893663,0,61.18976802727538
8125,1,1,0,53.06661782887632,0,59.62432805054443
8126,0,0,1,34.14544647059915,0,58.68818442200548
8127,0,1,1,45.66818479159195,0,61.97636819057
8128,0,0,1,42.33452458258734,0,61.53645553325479
8129,1,1,0,33.26540439374206,1,64.42409433021115
8130,1,0,0,75.41931128852197,1,67.1514975119766
8131,0,0,0,56.15104223882717,0,63.92640656784815
8132,1,1,0,48.29424883220182,1,65.75855107161571
8133,1,0,0,46.39614071378683,1,59.95328147398713
8134,1,0,0,43.59946319709353,1,59.64303867621188
8135,1,0,1,48.5459443484193,1,60.05750331052028
8136,1,1,0,58.15591825216676,1,65.0073708006462
8137,1,0,1,44.6700171858757,1,62.05810763972089
8138,1,0,0,39.64347409744689,0,59.68323053763646
8139,1,1,0,48.88766565810398,0,61.66154587310257
8140,1,1,1,51.72820354926851,1,64.25587355129733
8141,0,1,1,63.47147365992662,0,65.03109850033739
8142,1,0,0,56.91950757227206,1,65.10653280373396
8143,0,1,1,59.66526197269695,0,60.14097162918178
8144,0,0,1,38.54593421535822,0,59.66390007852872
8145,0,1,1,44.14210288443286,0,61.14211333321682
8146,0,1,0,56.29129211139716,1,65.91359870114793
8147,1,0,0,47.05745549510691,1,63.08942305641346
8148,0,1,1,48.41493405488852,0,62.34944688100878
8149,1,1,1,38.49131175155956,1,59.52065857035532
8150,0,1,0,64.51969948049586,0,66.31209716640916
8151,1,1,0,48.22878403005893,1,66.04379470692359
8152,1,1,1,43.28160049030141,1,62.95911949880862
8153,0,0,0,22.75028330643068,0,53.34284370503058
8154,1,1,1,44.43316122383487,1,63.96979230408993
8155,0,0,0,50.40367334115979,0,63.39435843329328
8156,0,1,0,38.22963578411381,1,60.76050097377157
8157,0,0,1,41.64025166028658,1,59.43890386326829
8158,1,0,0,46.30952950334055,1,59.80811491025029
8159,0,0,0,42.20198927931048,0,60.46919189962453
8160,1,1,0,56.40549365891156,1,66.56274256732989
8161,1,0,1,62.10259986446116,0,61.43973405250642
8162,0,1,0,44.94975687001793,0,60.59535457065076
8163,1,0,0,44.7993295069205,1,64.23470224828405
8164,1,1,0,34.44217790622043,1,61.97751108110264
8165,0,0,1,54.22516235988508,0,61.61957040523403
8166,0,1,0,53.67469474091331,0,62.62826357794809
8167,1,1,1,57.35954970733836,1,66.01002397017308
8168,0,0,0,51.90967083996169,0,62.45679325765998
8169,0,0,0,36.43087006950077,0,58.97288263909204
8170,1,0,0,37.45475441142415,0,61.12994181997533
8171,1,1,1,46.86753865574546,1,65.6908521912878
8172,0,1,1,39.88212113007067,0,57.60104851059559
8173,1,0,1,20.55730067386107,1,57.62812506637011
8174,0,1,0,54.93769968183561,0,62.31816619055529
8175,0,1,1,50.99406850998469,0,60.97941070987929
8176,1,1,1,53.50812895514247,1,61.65237677353137
8177,1,1,0,51.78226625516898,1,65.37133539574987
8178,1,1,1,38.14287302692577,1,59.78760641391408
8179,0,1,0,52.72457642880178,0,62.20928205313392
8180,0,1,0,69.20940269333295,1,65.20591392139055
8181,0,1,0,36.27767338368066,0,61.23490965467569
8182,0,0,1,45.96614388429963,0,58.34119214625088
8183,0,0,1,49.63068794681322,0,62.71784318925794
8184,1,0,0,56.45809730001747,0,62.70915096710955
8185,1,1,1,39.54816050356293,1,60.3439613513236
8186,1,0,0,47.43807060982223,0,66.65969427648659
8187,1,0,0,41.76762560525091,1,63.85729870953155
8188,0,1,0,42.7440810174112,0,63.89384768260717
8189,1,0,1,57.65728130945005,0,60.8746330583367
8190,1,0,0,57.74593079186572,1,64.38092335561456
8191,0,0,0,40.20319373774579,0,59.19312363256349
8192,1,1,1,59.41627511952973,1,62.07221924338533
8193,1,0,1,43.77979623217836,1,58.60752474522054
8194,0,0,1,52.78473808697394,0,59.30261077407717
8195,0,0,0,50.44456770023992,0,61.77505147074694
8196,1,0,1,40.76189683682443,0,54.34019925071349
8197,1,1,0,50.36812259345595,1,63.79356164102666
8198,0,0,1,45.2242218579159,1,59.95711389792614
8199,0,1,0,60.45674533055337,0,64.69788039450529
8200,0,1,0,40.47788293284038,1,57.84845503033873
8201,1,1,0,60.41586553799445,1,64.46279988581198
8202,1,1,1,63.65941086416373,1,64.90356849219287
8203,1,0,1,63.72130432179991,0,64.258091333644
8204,1,1,1,48.09216095335693,0,60.75330301131092
8205,0,0,1,49.5767544123273,1,60.08378850336894
8206,1,0,1,42.74913122956388,1,60.54713480067632
8207,0,1,1,40.09883980559189,0,61.06085033906148
8208,1,0,0,54.81314397655181,1,61.83330566115624
8209,0,0,1,49.64021336547075,0,61.58209633550175
8210,1,0,1,51.89720399193191,1,61.76518608627143
8211,0,0,1,42.94058899799157,0,59.00828158642521
8212,0,0,1,43.47186834519162,0,61.8654926495964
8213,0,1,0,55.46941276728786,0,62.29584911525216
8214,1,0,0,52.54593451404337,1,61.58443778803039
8215,0,1,1,63.46714006306204,0,62.66487363849848
8216,1,1,0,44.39599456302788,1,64.95709505894909
8217,1,1,1,54.44961676043511,0,64.53806464172196
8218,0,1,1,68.84901438854666,1,63.82648162537975
8219,0,1,1,66.6587375793809,0,65.82348218846126
8220,1,0,1,39.24841645158298,0,58.82441359718923
8221,0,1,0,40.6695630801545,1,59.10350256418742
8222,1,1,0,37.68233315490199,1,63.62429407442929
8223,0,0,1,32.79071832543411,0,54.76723796734068
8224,0,0,0,47.33831161468695,0,63.02401351373454
8225,0,1,1,48.90171044172045,0,60.11347540387112
8226,0,0,0,58.77005909231416,0,64.55707111839128
8227,1,0,0,52.71524817586162,1,63.50392172902414
8228,1,1,1,42.07702976557196,1,60.64774469588112
8229,0,1,0,53.3767664958533,1,64.77394671759519
8230,1,0,1,36.06001453883709,0,60.82681015620628
8231,0,1,1,65.55232773287877,1,64.64963702110664
8232,1,1,1,46.69769921105608,0,60.73141551845849
8233,0,0,1,44.99029687024189,1,62.05109871117023
8234,1,0,0,38.85401213125124,0,60.41836896604757
8235,1,1,0,50.35032263560947,1,65.47559310375733
8236,0,0,1,40.0309355460718,1,57.20899054167549
8237,0,0,0,58.24784160112908,1,64.3231498032342
8238,0,0,0,44.02972826013714,1,63.60106673959783
8239,0,1,0,59.04553072535141,0,64.22718308447453
8240,0,1,1,61.17023106282188,0,61.35366657593926
8241,0,1,0,44.85656941421136,1,62.27835740108584
8242,0,0,0,33.38479445892646,1,61.0322993708006
8243,0,1,0,46.43973326537505,1,62.3854219092246
8244,0,0,1,70.6447830279365,0,64.3765096292904
8245,0,1,1,48.48244158007436,0,59.50504494462893
8246,0,0,0,42.92632239399993,0,62.44362002499353
8247,1,0,1,51.34141092251375,0,58.71456954974299
8248,0,0,0,23.68433231466424,0,59.72371720041082
8249,1,1,1,57.0743886751195,1,63.36070545240784
8250,1,0,0,51.83476955857197,1,65.16370963671727
8251,0,0,0,46.15350153709211,0,61.1742996782374
8252,1,1,0,61.77781114302562,1,68.14082278476677
8253,0,1,0,44.36410828009078,0,61.48932813850269
8254,0,0,0,37.98821153395878,0,60.76930717106173
8255,0,1,0,61.57942830936815,0,64.73469909121795
8256,0,1,1,42.6949529102115,0,60.95290213585832
8257,1,1,0,37.83973204362873,1,57.20618297511063
8258,1,0,0,39.51760775034106,1,65.60089158968873
8259,1,1,1,38.19689719328917,1,56.99278907925827
8260,1,0,1,40.74447369109034,1,60.61282132347205
8261,0,0,1,44.2626002204229,0,59.10561970563264
8262,1,1,0,33.24166125822691,1,64.47040263563915
8263,0,0,0,56.35805705064032,0,60.83772313669577
8264,1,0,1,35.50835262705756,0,58.54757547999701
8265,0,0,0,59.98826419164649,0,62.72261615600355
8266,0,1,1,55.90090994575569,0,62.37555853231876
8267,1,1,0,50.38877772190401,1,61.91554172777378
8268,0,1,1,39.23653193846351,0,61.07576740398328
8269,0,0,1,31.91746412353167,0,56.5283065487677
8270,0,1,0,47.72460044974672,0,65.78340894645712
8271,0,1,1,35.78326173876222,0,60.11425523172463
8272,0,0,1,40.72502893352857,0,59.61824683359013
8273,0,1,0,47.70195952609583,1,61.50911068892988
8274,1,0,0,38.54005140461761,1,62.82747956546786
8275,0,0,1,43.95301768163611,1,60.70705986272073
8276,1,0,1,34.90894283871766,1,60.6260777412063
8277,0,1,1,59.48591058493233,0,60.42739512679113
8278,0,1,1,44.6800278689964,1,62.02223962710701
8279,1,1,0,58.23016513037871,0,60.0247435798924
8280,1,1,1,43.98822128268596,0,61.40683051222994
8281,0,1,1,54.92702764003102,0,64.60139953683124
8282,0,0,0,59.04792223443952,0,64.00809586983317
8283,1,1,1,43.50747344743687,1,63.31568973208671
8284,1,0,1,45.86035494865934,1,59.61431005335329
8285,0,0,0,50.49356098872013,1,60.61623753772451
8286,1,1,0,43.13492635993604,0,63.26612686234413
8287,1,1,0,44.61884951734417,1,63.51345523236484
8288,1,1,0,53.04517862646443,1,65.47136210026184
8289,0,1,1,29.97557560883088,0,55.82182987192999
8290,0,1,0,50.63762082440169,0,62.97216756233249
8291,1,0,0,50.54003000297336,1,63.51185903168539
8292,0,1,1,41.58316901585818,0,61.61986108230978
8293,0,0,0,65.90193266319319,0,65.26862965693023
8294,1,0,1,37.33677006902747,1,60.75777240954032
8295,1,0,1,62.4578950000682,0,61.77915923212493
8296,1,0,1,47.13250339938246,0,59.49433405339747
8297,1,1,1,48.46601971662789,1,62.43510511662463
8298,0,0,1,50.15225780192743,0,62.93386186064607
8299,0,0,0,51.76709574560682,0,63.82204509080633
8300,1,1,1,53.12444415940773,1,66.04044562886349
8301,1,0,0,45.52881764197632,1,64.60960799337388
8302,0,0,0,44.32919163296594,0,61.13670487771716
8303,1,0,1,55.03062056088356,0,63.724229026028
8304,0,1,0,43.9085449214428,0,63.95979562313714
8305,0,1,1,43.02125270266149,0,62.51228039117044
8306,0,1,1,45.1769457984237,0,59.03014873185116
8307,0,1,0,45.96504147690808,1,65.17771323045845
8308,1,1,1,49.45870100345323,1,61.01133549792578
8309,0,0,0,51.74926229736495,1,62.98682112938865
8310,0,0,0,54.40053335798269,0,62.4283586284738
8311,0,1,0,36.29200598277334,1,61.45798961507186
8312,1,1,0,46.07910385029944,0,60.08653008895899
8313,0,0,0,35.19426940700033,0,63.11127268067279
8314,1,1,1,50.56396124043633,1,61.98917235994166
8315,0,1,0,58.42942510764041,0,62.88927114123293
8316,0,0,1,29.25112037581295,1,56.7963715390502
8317,1,1,0,60.38926392328671,1,64.36254641143739
8318,0,0,1,40.89169364250983,0,56.89641700152205
8319,0,1,1,31.82164960989155,1,57.62692622785534
8320,0,0,0,54.65035430492028,0,65.58555689315816
8321,0,0,1,48.7317427890727,0,60.86784962957861
8322,1,1,0,70.86845759014238,1,65.92845195442183
8323,1,1,0,57.34503187262425,1,65.30587642749724
8324,1,1,0,77.66594172254527,1,69.46649105639906
8325,0,1,0,49.62499889678437,0,60.00818326124562
8326,1,1,1,24.84550629558104,1,58.48227400618502
8327,0,1,1,50.3926910764704,0,64.25703508537993
8328,1,0,0,43.36080631887852,0,58.67988171185446
8329,0,0,0,56.7620836121043,0,62.50504870853207
8330,0,0,1,40.40131394538764,1,62.43361873112841
8331,0,0,1,64.39155323324262,0,63.31957695990899
8332,1,0,1,46.99668662164056,1,61.09040979394367
8333,0,1,0,54.26702771165358,0,64.18318571008288
8334,0,0,0,38.84471455435084,1,63.36634654497646
8335,0,0,0,56.72309942630491,0,62.65632736517379
8336,0,0,1,29.02704060466223,0,58.28455641939918
8337,1,0,0,25.45904325996204,1,60.2563437461497
8338,0,0,0,48.83393778636463,0,61.11835253546864
8339,0,0,0,59.59891211618236,1,66.56623464734821
8340,1,1,0,43.57063582088452,1,63.75897672893164
8341,1,0,1,40.78738806231473,1,60.5593652627035
8342,0,0,1,45.28348686400253,1,58.1623986815345
8343,1,1,1,58.29691988267442,1,63.58291161041605
8344,0,0,1,47.96062165526997,0,59.30030916705056
8345,1,0,0,60.92129433903241,0,63.56704308142442
8346,1,1,0,52.02007607395225,1,64.60382019329236
8347,0,1,0,29.39377161022014,0,61.7972363905276
8348,0,0,1,19.96202913927297,0,54.93526243255178
8349,0,1,0,53.10513335881598,0,64.51719864168048
8350,0,0,1,36.68883972322176,0,57.78700501091464
8351,0,1,1,63.58191456827391,0,62.37210485335164
8352,1,0,0,49.03882700382081,1,64.26965455919132
8353,1,1,1,60.72800147636302,1,64.6224400871328
8354,0,1,0,48.27946814451028,0,62.81474123226288
8355,1,0,0,68.08516515711766,1,64.68599543756159
8356,1,0,1,49.33222256997656,1,60.8167238696666
8357,0,1,0,38.6990591894585,1,63.11099176642655
8358,0,1,0,54.45348912480005,0,65.78040844398339
8359,1,1,1,53.21904536022379,1,62.00805522267086
8360,1,1,1,50.1065660955183,1,67.14460875982012
8361,1,1,1,49.06323479664962,0,60.36119927539737
8362,1,0,0,40.18395697991988,1,61.37264318883173
8363,1,1,0,55.22641971575075,1,65.29876163247204
8364,0,1,0,39.54330504089261,0,61.93765658198841
8365,0,1,1,42.44228838778535,0,59.85100750928321
8366,1,1,0,48.54048000445927,1,64.43234191537871
8367,1,0,1,40.2722065227852,1,63.80424523571636
8368,1,1,0,49.67421658845958,1,65.4200917689724
8369,0,0,1,46.78120600266535,0,59.57183019235827
8370,0,1,1,40.89145550700304,0,60.09566482432452
8371,0,1,0,42.60283582671867,0,60.51968162334344
8372,0,0,1,44.61562594589598,0,58.0579833324099
8373,1,0,0,50.60004828588933,1,64.30905243257097
8374,0,0,0,62.12642949748746,1,63.19786175163643
8375,1,1,1,42.31282628244968,1,63.72864379925811
8376,1,0,0,50.63025099710465,1,67.27533767636405
8377,0,0,0,50.54396251307643,0,62.17509028589674
8378,1,0,1,27.46101681260518,1,58.26513044585007
8379,1,0,0,56.64094659903653,1,63.11877536203219
8380,0,1,0,53.63652848540382,0,63.47758426692923
8381,0,1,0,30.01366840072135,0,60.5195278110905
8382,1,1,1,49.34622059438784,1,64.42127466605326
8383,0,0,0,46.31082570172678,0,62.66302428086553
8384,0,0,0,38.51094860086022,1,58.85892616809834
8385,0,0,1,54.08455661686311,0,59.73403208261152
8386,1,0,0,48.59201289694057,0,64.36720122595673
8387,0,0,0,44.91394689986365,0,59.86676200829515
8388,0,1,0,57.36043739114118,1,63.09244255842732
8389,0,1,1,62.50163291049913,0,64.16071485030473
8390,0,1,0,36.11523429054498,1,62.0672970179367
8391,1,1,0,59.91347873258417,1,65.43960284562819
8392,1,0,1,47.26993900782491,1,63.28765727494875
8393,1,1,0,65.19958282353794,1,67.46983675596562
8394,1,0,1,42.77217638622508,1,60.9247681930385
8395,1,1,1,47.61976877684538,1,62.86159631901278
8396,1,0,1,46.13092448434576,1,60.59737713800252
8397,1,1,0,53.67917225439012,1,64.16395135818867
8398,0,0,0,50.66121278270229,0,62.58771367097745
8399,0,1,1,33.00641783703014,0,63.54031871152018
8400,1,0,1,38.90897149781693,1,58.95801130484416
8401,1,1,1,45.74048038813781,1,61.56429443916637
8402,0,0,0,55.20905637188115,0,61.71774959775911
8403,0,0,1,50.21522513596304,1,64.54389735487126
8404,1,0,1,71.57407373451842,1,63.38256558192
8405,1,0,0,48.75732775790158,1,63.52769575823327
8406,1,1,0,61.04510842758471,1,67.3196891170755
8407,0,1,1,55.56452206115865,0,59.43490984494856
8408,1,0,1,50.5547908938786,1,64.20068165367262
8409,1,1,0,38.79436633234842,1,62.87370132897324
8410,1,0,1,64.02179872612714,0,62.78630375952873
8411,0,0,0,48.03197092308933,0,62.45089185924344
8412,0,0,0,43.16076659026034,0,63.15125186758802
8413,0,0,0,34.17935458906719,0,61.70041858278235
8414,1,0,1,45.75925941137167,1,59.11537967200928
8415,0,0,1,53.14658953143139,0,59.60499008675636
8416,0,0,0,35.24937571774427,0,59.40231229930816
8417,0,1,1,43.72489513186332,0,61.47929754370683
8418,1,1,0,68.42894078810912,0,61.99170945847507
8419,0,0,0,43.91126143781399,0,62.80596934502275
8420,0,1,0,36.01335478202281,1,59.24305094570803
8421,1,0,0,50.17340780398479,0,63.00358605834862
8422,0,1,1,51.30258762130796,1,62.57282168415602
8423,0,1,0,55.58186399656446,1,66.26054150097789
8424,0,1,0,50.46882491065418,1,62.10767698576122
8425,1,1,0,60.46545518969226,1,64.78327602275999
8426,1,0,0,45.14051699415566,1,62.69219149041455
8427,1,1,1,46.55079489366686,1,65.77318314818567
8428,0,0,1,40.30816659213209,1,60.27264898442192
8429,0,0,0,54.08755678309847,0,62.24639314481537
8430,1,1,1,45.92513769169999,1,64.17348446527377
8431,1,1,0,51.22750592801196,1,61.92223054485327
8432,1,1,0,41.65487124575066,0,62.94825479470081
8433,1,1,1,51.76658351751392,1,60.14383182605934
8434,1,0,0,49.6605118518336,0,61.63393164778842
8435,0,0,0,56.93242189811165,1,63.83157917162696
8436,1,1,1,62.64011525333682,1,67.61648056524213
8437,1,1,1,69.11225366837255,1,63.38747813573136
8438,1,1,1,57.21565933205485,0,61.33508938577149
8439,1,0,1,38.72765335899494,1,60.45976111031737
8440,1,0,0,33.96551127455985,1,59.56410153389874
8441,1,1,0,41.238280149923,1,61.3443123550767
8442,1,0,1,50.99421798989404,1,58.35834951610317
8443,1,0,1,34.10874919852326,0,59.90678365050571
8444,1,1,1,56.64912660471276,1,62.33559060932701
8445,0,1,1,53.52649917044987,0,62.8766747080498
8446,1,0,0,49.71352084302679,1,62.00112467484276
8447,0,1,1,21.78785628159146,0,56.09657788324238
8448,1,1,1,50.90958198637509,1,60.61000162955873
8449,0,1,0,57.32905795561133,0,64.95946591613928
8450,0,1,1,31.21527931875517,0,58.36023381529731
8451,0,1,1,48.73524582149908,0,59.66304602867532
8452,0,0,1,52.43113334408955,1,61.39265349147293
8453,0,1,1,30.50496877163294,0,57.00876403399084
8454,1,0,0,50.28359561165921,1,62.61192605321695
8455,1,0,0,49.79623370766851,1,61.6474819901854
8456,1,1,0,50.44145756708073,1,63.8675226637316
8457,1,1,0,49.55929959435389,1,62.05090717079572
8458,1,1,0,62.48447204718916,1,62.77561989445454
8459,1,0,1,44.01224370937248,0,61.45439992033166
8460,0,0,1,48.44153948396077,0,57.83910866588685
8461,0,0,0,36.97915997808252,0,62.29138503521886
8462,0,1,1,39.56512695998689,0,61.41640790043419
8463,0,0,0,35.32457346205733,0,63.80906907612518
8464,1,1,0,36.82344306439141,1,60.75346086568992
8465,0,0,0,41.82485742804566,0,62.93552714812696
8466,1,1,1,66.27015363967973,1,66.0368872110795
8467,1,1,0,46.82161642199424,0,60.74058176492527
8468,1,1,1,46.5501023490631,0,61.74145277089167
8469,0,0,1,46.33214443544642,0,60.56857510969631
8470,1,1,1,41.20090080811168,0,62.62270868881611
8471,1,0,0,51.60354605766089,1,61.91999407870999
8472,1,1,0,48.95167741927186,0,65.11012635168674
8473,0,0,0,48.54550419571946,0,63.06733175969377
8474,1,0,0,73.7263002735275,1,70.58291662283715
8475,1,1,1,50.71916050045962,1,61.37595666995408
8476,1,0,1,36.30843027127715,1,60.28640669933425
8477,0,0,0,43.18313558991127,0,57.28808366706823
8478,0,1,1,48.90498398332198,0,63.25392264931032
8479,1,1,0,32.99713413415803,0,61.49184220500808
8480,0,1,0,54.18040438642256,0,65.34152270229704
8481,1,1,1,38.61176509183111,1,61.73798234872191
8482,0,0,0,82.93687444280536,0,67.18618747458399
8483,0,0,0,50.34542905068695,0,62.20755537407788
8484,0,1,1,49.88401935102991,1,60.00819625693801
8485,0,1,1,69.17251734302587,0,60.90390480864784
8486,1,1,0,50.06073402640457,1,67.11366617768373
8487,0,0,1,52.75015065087404,1,60.74043724085294
8488,0,0,1,46.2783561584037,1,62.22424005219782
8489,0,1,1,39.73887553707246,1,60.38701972391599
8490,1,0,1,26.51759394761942,0,58.44123741316288
8491,1,0,1,45.49896664735445,1,62.15929365556667
8492,0,1,0,50.2120076306872,0,62.43352159735166
8493,1,1,0,52.43207400432106,1,61.58188234849155
8494,1,1,0,64.33051770927578,0,66.27015276701619
8495,0,0,1,39.72788534656087,0,59.58712521610087
8496,0,0,1,34.1633771601825,0,56.81816198979273
8497,0,0,1,33.30421006271503,0,59.62494618733439
8498,1,0,1,39.5488801524659,1,60.03879487454512
8499,1,0,0,59.05450165832054,1,64.72454363713172
8500,1,0,0,56.87621583723386,1,60.84494380314342
8501,0,0,1,44.59813026254245,0,61.09600268605124
8502,1,1,1,50.2753777219293,1,64.06544065770159
8503,1,1,1,44.58262714845431,1,59.80365258405386
8504,1,1,0,71.97648684237868,1,67.29174521376076
8505,1,1,0,48.91067794541461,1,60.47210575463518
8506,1,1,1,50.02768299176257,1,62.98667644992134
8507,0,0,1,67.47007922223794,0,64.89365882557901
8508,1,1,0,44.30571211767129,1,63.643873139529
8509,0,0,0,39.62715371688162,0,64.30475877883001
8510,1,1,0,63.76541022852697,0,63.98160442925146
8511,0,1,1,39.10787087347583,0,56.92243825943151
8512,0,0,0,41.86490736852468,0,62.22849577158971
8513,0,1,0,45.29794421550672,0,61.5705979895534
8514,0,1,1,54.44094409630143,0,63.09990810558372
8515,0,0,1,45.94707263179798,0,61.09540416987342
8516,1,0,1,39.15979977393567,1,62.94208772798821
8517,0,0,0,47.10917363295046,0,62.82021958429471
8518,1,0,1,52.08545494813105,1,62.62407563143003
8519,1,0,1,34.22404436783359,0,61.00894415810772
8520,0,1,0,43.85528612447722,0,60.53011908627617
8521,1,0,1,56.50984902185368,1,66.66932666480032
8522,0,1,0,34.5429697124596,1,61.51346930086849
8523,1,1,1,46.70875470610322,0,60.05858241376741
8524,1,0,0,47.12509190484739,1,61.90597994019711
8525,1,1,1,52.05979048094255,0,62.80625326216116
8526,1,0,0,59.7205054516139,1,66.29468796125593
8527,0,1,0,36.61174159177937,0,59.3314396094909
8528,0,0,1,37.58812075239925,0,58.48803721917925
8529,0,0,0,57.98352205719834,0,63.31312221958107
8530,1,1,1,41.82020475255997,1,60.01237154616117
8531,1,0,1,42.46732004070898,1,60.81745859925111
8532,0,0,0,46.25076182352129,1,64.76186414648556
8533,1,1,1,38.56448395815416,1,61.07471071593405
8534,0,1,0,57.12454765988126,1,65.10717288421975
8535,0,0,0,58.66086353415277,0,64.65025812709177
8536,0,1,1,24.3593862210277,1,58.17739280058395
8537,1,0,0,56.76919789907549,0,60.70537133874165
8538,0,1,0,46.23957910169831,0,59.56966759288188
8539,1,1,1,46.00115285671875,1,62.15387866746524
8540,1,0,1,34.17661852963343,1,58.87729687414695
8541,1,0,1,35.86580399507769,1,59.63480676056388
8542,1,0,1,54.1327368965723,1,60.99081565172612
8543,1,1,1,40.87632764125216,1,58.46691466964108
8544,0,0,0,37.67416362080154,0,61.57148732422948
8545,1,0,0,48.17291325021677,1,61.47990052206431
8546,1,1,1,56.27035954835195,1,66.23338864519837
8547,1,1,1,63.91392811879085,1,64.97215635190547
8548,0,0,1,42.60045729080602,0,60.40885219177449
8549,0,1,0,44.72079799271813,0,60.0378147856203
8550,0,0,1,42.98689401120598,0,58.42925888772011
8551,0,1,0,56.50964847557227,0,62.88357841607572
8552,1,1,1,64.25588710177024,0,62.62021694597719
8553,1,1,0,53.45095341651371,1,66.16924575959203
8554,1,1,1,46.21525748007808,1,60.27931843791179
8555,0,0,0,67.34076339519358,0,65.96238399679679
8556,0,1,0,49.08921038066244,0,60.89533456376417
8557,0,1,0,50.89617779313562,0,63.8961541398014
8558,1,1,1,28.79219483727017,0,56.65804081229236
8559,0,1,0,45.85657631360249,0,65.51678344675375
8560,1,0,1,51.04726004658883,1,63.81498797097439
8561,1,0,0,43.93777593725188,1,62.83732051484927
8562,0,0,0,54.88163192413622,0,64.43765371432298
8563,1,0,0,57.03432384333726,1,66.22340795835396
8564,0,1,1,46.84908349703682,0,61.51080575859308
8565,0,0,0,43.22211725815141,0,61.28398578324618
8566,0,1,1,63.24871321943112,0,62.46168871638441
8567,0,1,1,43.60074734444463,0,56.37399550719902
8568,0,0,1,46.19623019761834,0,58.8012907486325
8569,0,1,0,47.31220514420052,0,59.63371672376826
8570,1,0,1,42.81661183820965,1,62.74115044354432
8571,1,0,0,60.30566963656469,1,64.00914383236322
8572,0,0,1,33.51158275143682,0,60.76245418226212
8573,1,1,1,55.42508280188165,0,63.98931837488362
8574,0,1,1,41.22046764707687,0,60.91149017347564
8575,1,1,0,39.11972760419815,1,63.6103406984354
8576,0,1,0,71.84126682290493,0,66.53296008197727
8577,1,0,1,44.79571713326965,1,61.14462189314751
8578,1,1,1,49.1994880172582,1,60.66860185667994
8579,0,0,1,44.66700935148629,0,59.39587677601845
8580,0,1,1,53.98560842696298,0,61.64026452466783
8581,0,1,1,47.56282034979305,0,61.01147047212694
8582,1,0,0,39.1736477831086,1,60.7727751241892
8583,1,1,0,58.35987462289155,1,63.81686222667571
8584,0,1,1,36.81796696381721,1,59.82630245943023
8585,0,0,1,42.67635931855522,1,60.97802875114387
8586,1,0,1,74.34155173294224,1,64.93187044962053
8587,0,1,1,37.02522222212824,0,60.1406059852687
8588,1,1,1,48.36638748469422,1,61.55082890819873
8589,0,1,0,54.17521018615125,1,63.90092143605195
8590,0,0,1,65.7651725924446,0,63.42775973454538
8591,1,1,0,70.81158113534998,1,68.37482286355149
8592,1,1,1,37.7815098665686,1,60.90948467429029
8593,1,0,0,49.92004510941634,1,63.80387047993091
8594,1,1,0,51.06345236570171,1,61.12077333740319
8595,0,1,1,36.20735084469722,0,56.12934670670213
8596,1,1,1,64.0780551962897,1,64.2662991561519
8597,1,1,0,61.99515217666521,0,66.14476059297299
8598,0,1,0,43.16342151943675,0,61.20931612217503
8599,0,1,0,62.1755056304488,1,66.27787026166519
8600,0,1,1,43.96623449748711,0,60.82273606883815
8601,0,0,1,45.76158832889845,0,58.3440504924271
8602,0,1,1,42.24058028262147,1,62.30657922596124
8603,1,1,1,44.93295855744971,1,61.61996933721041
8604,1,0,0,61.52931307687825,0,61.68035041517748
8605,1,1,1,54.39749103974958,1,63.30004502694253
8606,0,0,1,41.26969980345594,0,58.74531694569733
8607,1,1,0,39.51476467018115,1,64.62475733883996
8608,0,0,1,52.95307021387089,1,59.10113758315669
8609,1,0,0,44.34247303335664,1,62.07947827417621
8610,0,1,0,69.00723400547359,0,64.47543469783386
8611,0,1,1,53.70202234558984,0,60.99846459555935
8612,0,0,1,54.10727813786622,0,61.8881547648546
8613,0,1,0,41.81982345040248,1,61.63141778917586
8614,1,0,0,40.0098100597651,1,62.5564181898544
8615,0,0,1,44.61307601505966,0,59.40574005712686
8616,0,1,0,55.37996316512771,0,63.01236792911055
8617,1,0,0,54.26950900343036,1,64.61841494662656
8618,1,0,0,57.34342245939519,1,63.97657508545532
8619,1,1,1,37.00246093703242,1,61.03992527461612
8620,0,0,0,27.65313266295103,0,61.65204105411974
8621,1,0,1,45.87764970785032,1,62.52050347681794
8622,0,1,0,55.09002843009623,0,64.20886611719426
8623,1,0,0,49.65074754429934,0,62.61696462488315
8624,0,0,1,70.11092180667367,0,63.57114528597405
8625,0,0,1,55.38377966047702,0,63.52450449721466
8626,1,0,1,36.56289412200658,1,64.89936872629151
8627,0,1,0,66.01399007219992,0,64.26227446421694
8628,1,0,0,47.80385316767946,1,61.92509621690524
8629,1,0,0,57.52298053477676,0,62.19963523507388
8630,1,0,1,58.0246734130926,1,62.05217918480766
8631,0,1,1,23.20201208464576,1,59.83363896347803
8632,0,0,0,44.04959814765382,0,60.9280157478117
8633,0,1,0,52.37904953334312,1,63.00751180723798
8634,0,1,1,50.97382712825867,0,64.20051270383951
8635,1,0,0,42.59587451416454,1,66.21815520989699
8636,1,0,0,61.01791715439381,1,66.19451024595479
8637,1,0,1,40.25602573307103,0,57.54576775767191
8638,1,1,1,44.8046273489243,1,61.79369575861687
8639,0,0,1,42.34853861595384,0,59.72926222187949
8640,0,1,1,54.50246101839868,0,62.30259994857064
8641,1,1,0,64.46630716225432,0,65.02698356096238
8642,1,1,0,58.66718898480288,0,62.35235143987271
8643,0,0,1,47.3596777226448,0,61.64986092948887
8644,0,1,1,47.82501123841112,0,62.89524421483009
8645,1,1,0,42.65095193450905,1,64.01736613446454
8646,1,1,1,64.95194917131111,1,64.68168349955232
8647,1,1,0,79.90095754110465,1,73.01961471861904
8648,0,0,0,38.80551638687493,0,64.23493958325808
8649,0,1,0,50.35573030615783,0,62.58775605815911
8650,1,0,1,32.59007474167717,0,57.62064938757533
8651,1,1,1,51.41620137813771,1,62.31778635590029
8652,0,0,0,45.25329687392212,0,60.33157392230724
8653,0,1,1,28.90235798924821,0,57.17948830816046
8654,0,1,1,50.10032175320808,0,63.61477101385361
8655,1,1,1,46.54641091758736,1,59.99130032972314
8656,0,1,1,27.36399743975597,0,59.29315205034452
8657,0,1,1,36.57349429655428,0,58.50281300695744
8658,1,0,1,50.24480829205766,0,62.39471794442952
8659,1,1,0,56.51937034572988,1,62.94741678402301
8660,1,1,1,62.16046905289803,1,63.2986894812944
8661,0,1,0,56.64046039646123,0,62.99219622069091
8662,0,0,0,43.48389278903288,0,58.23984349712394
8663,1,1,1,34.10744503517107,1,60.26532559005708
8664,1,1,0,55.24721276731184,1,65.653972928914
8665,0,1,0,47.81722550413357,0,65.67394605286253
8666,1,0,0,51.49908688723706,0,63.91258168168715
8667,0,0,1,33.3803604084822,0,59.02825719643632
8668,1,0,1,44.99077963174747,1,60.68701183005295
8669,0,1,1,43.42262577531565,0,62.3318578657725
8670,1,1,1,20.68518216031239,0,55.81798074686556
8671,1,0,0,43.7707451648682,0,59.30100439407007
8672,1,0,1,42.0636608217257,1,58.72915395523079
8673,0,0,1,33.28204944373751,0,58.99346096851491
8674,1,1,0,54.23023518702254,1,64.00343951085225
8675,0,0,0,60.38064032469523,1,66.07616133549452
8676,1,1,1,61.82786743501673,1,64.49115726778562
8677,1,0,1,34.28469299998959,1,61.23189153044261
8678,1,0,1,66.84201317562695,1,65.90089566047322
8679,1,1,0,61.01408711836734,1,65.98219507913714
8680,1,0,1,27.8798264083269,1,59.33411817644976
8681,1,0,1,54.82706687678471,1,63.08262380977645
8682,0,0,1,30.45423930346158,0,59.50697368082712
8683,0,0,0,33.49077380100893,0,58.86831043583501
8684,0,1,1,43.17732479638477,1,63.04665136463689
8685,1,0,0,48.50295574626911,1,66.89476671961764
8686,0,1,0,63.13672902626583,0,64.82563500455805
8687,1,0,0,50.6370905041322,0,61.49611734853992
8688,0,1,0,55.16671134805995,0,64.00858576917767
8689,1,1,1,38.10678003448356,1,58.41305241247159
8690,1,0,0,54.36057161902529,1,63.00162392208995
8691,0,1,0,50.4121130233265,0,61.42768718560949
8692,1,1,1,59.51793405523789,1,64.93216869640719
8693,0,0,0,44.3722469220467,1,61.64680446875336
8694,0,0,1,33.7143957609044,0,60.48579410616084
8695,1,1,1,52.70739992959739,1,65.59259010771876
8696,0,0,0,64.03699133672892,0,67.27662079391055
8697,1,0,1,45.03643158279353,1,62.80584960740325
8698,1,0,1,42.90811037859951,1,60.52631225149374
8699,1,1,0,34.26307376024351,1,56.59805775222767
8700,1,1,0,39.01087640474262,1,61.34152670543465
8701,0,0,1,42.50796854881504,0,63.22042558106219
8702,1,0,1,45.02735224020889,1,63.8358383621088
8703,1,0,0,44.77817643761414,0,64.50034517967745
8704,1,0,0,51.66513021098958,1,65.11220425423407
8705,1,1,1,35.93819661826894,1,59.43211028106502
8706,0,0,1,50.533993604678,0,62.76174935830199
8707,0,0,1,50.45930692296327,0,60.53826836223426
8708,0,1,0,51.45815940402358,0,63.78447139015707
8709,0,0,0,67.10726065507781,0,65.15301307773005
8710,1,0,1,47.73716794511297,0,58.88748937732586
8711,0,0,1,61.18652795581754,0,64.74663131859825
8712,0,0,1,40.34642346944376,1,60.69214284617297
8713,0,0,1,41.76881166903426,0,62.99615128593965
8714,1,0,1,58.37606112084543,1,63.55542886892908
8715,0,0,1,43.7747622708852,0,59.49531853506974
8716,1,0,1,34.88270539649898,1,62.05509742779906
8717,0,1,0,47.03867005419919,0,63.04807381561906
8718,0,1,0,36.22967616758101,0,57.4182600791864
8719,0,0,0,52.07197707401313,0,66.52890917056951
8720,1,0,1,40.80104105023631,1,60.04715571237522
8721,1,0,0,71.23177324064744,1,66.2948387526724
8722,0,0,1,33.55635502802426,0,56.98165025666476
8723,1,0,1,19.48299303932054,1,58.69421254366844
8724,0,0,1,38.20239241923829,0,58.45229326923383
8725,0,1,1,42.12945475684597,1,61.36473913202445
8726,1,1,1,48.76189958050554,1,56.02829600990108
8727,1,0,1,41.02828271457422,1,62.27308582234442
8728,0,1,0,58.41729272389943,0,65.06749414813476
8729,1,1,0,59.02036129209738,1,61.77523002909928
8730,0,1,1,44.71978378227509,0,58.56951869500857
8731,0,0,1,56.13707277511594,0,59.90545651646265
8732,0,0,0,56.58469372333974,0,66.38388802652896
8733,1,0,1,50.35528760473205,0,61.81987434417223
8734,0,1,1,63.41308216643715,1,62.0896882214271
8735,1,1,1,50.74783490450334,1,62.90401802782646
8736,1,0,1,47.40438964126633,1,62.50806072045806
8737,0,1,0,46.31261604894127,1,62.98098898773047
8738,1,1,1,57.0281293847371,1,59.86755212513993
8739,0,1,1,25.40847076232646,0,61.16916970255595
8740,0,0,0,40.19069721711844,0,57.85513595611717
8741,0,1,0,59.19848388705949,0,66.5230304705932
8742,0,0,1,48.07140934767209,0,58.62456933133596
8743,1,1,1,45.59133684247726,1,62.56825144397421
8744,0,0,0,31.56151881034211,0,60.08093035185309
8745,0,0,0,63.48975134881228,0,64.52584469913435
8746,0,0,1,47.64642807272944,0,59.31253995044123
8747,1,1,1,64.2278629214282,1,66.05767793395923
8748,1,0,0,55.69406134640428,1,63.91784012852295
8749,1,1,1,56.11520788446532,0,65.52054130232017
8750,1,0,1,49.43470521142589,1,62.5544221815545
8751,0,0,0,42.2592093638102,1,63.88608897936425
8752,0,0,1,38.12471741414362,1,61.8142213213021
8753,0,0,1,48.90431397139411,0,64.09410352361736
8754,0,1,1,50.23020927562622,0,65.45207232316243
8755,0,1,1,56.07473362843157,0,64.85752289635424
8756,1,0,1,53.23478189970413,1,62.65611115645282
8757,0,1,0,40.41981321197962,0,61.90953310562401
8758,1,1,0,51.77586033331087,1,59.77968463588648
8759,0,0,0,48.12492164599555,0,64.33182715978306
8760,1,1,1,51.46167871917174,1,64.76862165015122
8761,1,1,0,47.53217862512903,1,62.09884615132175
8762,1,1,0,44.41009347400112,0,60.9584261834894
8763,0,1,0,54.0642804606697,0,61.83963456485208
8764,0,0,0,40.69149687933044,0,63.86756399910404
8765,0,0,0,55.94930667535412,0,65.32720006814763
8766,1,0,0,45.01531570407791,1,61.45215647500688
8767,0,0,1,48.29034373756862,0,61.35260682096832
8768,1,1,0,63.91897165959785,0,62.54599452247253
8769,0,0,0,43.19136790454299,0,63.84793552755841
8770,0,0,1,41.06126508372889,0,61.55509346769374
8771,0,0,0,46.80799179923019,1,61.87147996531483
8772,1,1,1,49.72397617999454,0,60.81738653638985
8773,1,0,0,50.88088645814121,0,62.72583592736309
8774,0,1,1,42.27627672627582,0,60.42631974541322
8775,0,1,1,42.68833637930949,0,60.71648672986658
8776,1,0,1,54.80809381517462,1,64.30805546915779
8777,0,1,0,61.1002863671462,0,64.21780197475718
8778,1,1,1,41.80037367370711,1,61.98129277315483
8779,1,1,1,42.38183984533031,0,59.28524852202156
8780,1,1,1,59.95399912212001,1,59.53135803862458
8781,0,1,0,57.13895262042521,0,64.76482623227402
8782,0,0,0,54.54663878265155,1,66.38309583603564
8783,0,0,1,49.52845967193641,0,63.85642361374777
8784,1,0,0,41.46588487473875,0,61.10115105996612
8785,1,1,0,59.31853765296681,1,63.25537058712047
8786,1,0,0,81.39309240242005,1,65.02393338382564
8787,1,1,0,66.22390927310387,1,67.77959220487367
8788,1,1,1,43.22117893441273,1,60.86133181350558
8789,0,0,1,52.27321874896484,0,60.48988204382312
8790,0,0,1,43.3785841923396,0,63.22754220247124
8791,0,1,0,69.47881820521232,0,64.5379066955861
8792,0,0,1,36.01864865408315,0,58.63638562450669
8793,1,0,1,32.90034995047416,1,60.10764052994715
8794,1,0,0,65.02229766827055,1,65.13911374054061
8795,1,1,1,27.20635684064335,1,60.07030268864207
8796,0,1,0,48.49351078990708,0,61.51435056747673
8797,1,1,1,58.9347601628053,1,66.17048167352198
8798,1,1,1,48.09591459997718,1,63.90860955174035
8799,0,1,1,43.66168808933358,0,62.19335711124624
8800,1,1,1,42.20576338121291,1,60.69692626577425
8801,1,1,1,33.68153370720584,1,60.61551018613964
8802,0,1,0,49.32520073970699,0,63.00968524072415
8803,1,0,0,43.54014165128331,0,61.80760453044302
8804,1,0,0,52.10462083016297,1,64.05405796923426
8805,0,0,1,64.3010560859276,0,65.54787078096214
8806,0,0,0,58.86088910444503,0,65.27987972159205
8807,0,0,1,22.15964972949062,0,57.04550770829705
8808,1,0,0,52.85902549101581,0,59.32893270367963
8809,0,1,1,61.1029400975261,0,63.48132016311357
8810,1,0,1,43.83650819606866,1,59.87270007002964
8811,1,0,1,52.26181569101593,1,61.89706882485724
8812,1,1,1,40.80843891602329,1,58.41593124609363
8813,0,1,1,46.79040474362602,0,61.4484765372628
8814,0,1,0,46.09786383269461,0,61.17101217594636
8815,1,1,0,63.45216485819633,1,70.43586592531466
8816,1,1,0,40.19422350482741,0,59.19598475456733
8817,0,0,1,64.57662065495339,0,64.85011381084645
8818,1,1,0,54.93720456390877,1,64.68710169377722
8819,1,1,0,31.82477026109122,1,63.64285467430695
8820,0,1,0,51.73324270029826,0,62.08768413976217
8821,0,0,1,52.98181581304364,0,63.52159230796943
8822,1,1,0,54.54968433914653,1,64.66538887391911
8823,0,0,1,42.61619887268687,1,59.78376468769088
8824,0,1,1,51.49360906762644,0,59.71824995531321
8825,0,1,1,42.96297555877189,0,59.55030601038959
8826,1,1,1,50.37594182347003,1,66.27487009977507
8827,1,0,1,43.57563755068396,0,58.37016664295677
8828,1,0,1,57.26215017071485,1,61.62995006294198
8829,1,0,1,52.93199689107461,0,61.37297599736285
8830,1,0,1,41.6729501094829,1,58.44996403276375
8831,1,1,0,52.40213810936709,1,63.22807063566103
8832,1,1,0,53.41960750908865,1,65.96398371890187
8833,1,1,0,54.85921328767292,1,67.29992153542952
8834,1,1,1,51.93233931175944,1,61.29777730082898
8835,1,1,0,56.35131629802613,1,68.03232593642028
8836,1,0,1,45.95423617674228,0,58.69568325925819
8837,0,1,0,71.52868762119374,0,67.83111526901556
8838,0,1,1,54.27962184939474,0,61.55289975887299
8839,0,1,0,35.56497395196088,0,61.20973768814717
8840,1,0,0,50.29119375410677,1,63.12244600314067
8841,0,1,1,48.00372619110357,0,63.19842100393218
8842,0,0,0,41.52415361801386,0,61.13185850463341
8843,0,0,0,34.70511628767416,0,59.06307954636581
8844,0,0,1,51.88364140139766,0,58.92960442926184
8845,1,1,0,46.12415379526369,0,63.98169242185456
8846,0,1,0,46.9058885202159,0,67.37232898027422
8847,1,0,0,63.18070710334523,1,65.92213905447255
8848,0,1,0,75.06470723035676,0,65.12134709007756
8849,1,1,1,40.97779942646505,1,63.42057104294783
8850,0,0,0,50.23782619315326,0,60.73720419720252
8851,0,0,0,32.28079399407867,1,59.10555828327416
8852,1,0,1,39.35627035338295,0,60.09585162806622
8853,0,0,0,41.43780062702422,0,62.21668739341191
8854,1,1,1,56.58780511192079,1,64.22421441307887
8855,1,1,0,42.41215379129729,0,60.63848486211194
8856,0,1,0,32.14665947721608,0,60.13012601123271
8857,0,0,0,51.80305827999442,0,61.18066243330449
8858,0,1,0,39.00330580640988,0,59.57865498357849
8859,1,1,0,46.82572759785017,1,62.79768225522619
8860,0,0,0,45.2030247461076,0,62.9977970833462
8861,0,0,1,65.79002937441635,1,62.84240340677968
8862,0,1,1,58.25491795749754,0,62.18288185661119
8863,0,1,1,46.38104096584998,0,58.3465546194554
8864,0,0,0,34.75682512388626,0,61.05177443638306
8865,0,1,1,49.277510794995,0,62.62178456051412
8866,1,0,1,57.50237437161159,0,64.18080670416553
8867,0,1,0,49.25798216430731,1,62.40709007364023
8868,1,0,1,39.67484242167223,1,61.33791868630529
8869,1,0,0,33.07919737276715,1,58.19644839305784
8870,1,0,1,29.76432158446443,1,61.81621435766325
8871,1,0,0,47.27858095858661,1,61.85433805060089
8872,1,0,0,52.44700805072765,1,60.4444066464912
8873,1,0,1,54.52076208839546,1,61.06391810914516
8874,0,0,0,44.90199889329985,1,62.03810896950681
8875,0,0,1,62.38972611950328,0,59.42503801234621
8876,1,1,0,50.43193529434174,1,63.83391307182458
8877,1,0,1,43.8914990603616,1,60.51186352987411
8878,0,1,1,54.25403105679537,0,64.0313014901692
8879,0,0,0,47.58707786429342,1,62.71114215062066
8880,1,1,0,47.51215598832053,1,59.51685884901839
8881,1,1,1,36.84288949433787,0,60.17698254401597
8882,1,0,0,58.71679561902806,0,65.13346951923579
8883,1,1,1,52.92676372757817,1,62.56958090618851
8884,0,1,0,45.64335335034551,1,63.36444748582673
8885,1,0,1,47.32291993313606,1,61.12931099516388
8886,0,1,0,61.31403972045779,0,67.96250540848885
8887,0,1,0,60.18239431741333,0,63.02689528752926
8888,1,0,0,52.40896577662893,1,63.72865478195869
8889,0,1,0,50.68000082799531,0,65.82690205009816
8890,0,0,1,32.77308620837607,1,59.95262320521454
8891,1,0,0,43.84713193328858,1,60.32994093268555
8892,0,0,0,32.02195924324286,0,61.19276885415366
8893,1,0,1,50.71521835752961,1,60.55274213667197
8894,0,0,1,34.71986483944521,1,62.04140981893988
8895,1,1,1,46.64306820722965,1,61.14411374098423
8896,0,1,1,51.27194253501209,0,62.15380705555066
8897,1,1,0,65.93094071266131,1,62.10367467278078
8898,1,0,0,43.60002608287729,1,59.24607483766341
8899,0,1,1,64.44955401340337,0,63.02923765344917
8900,1,0,1,37.69477277763109,0,59.65938369059663
8901,0,0,1,65.08949289813467,0,61.63120049011604
8902,0,0,0,60.56564532967723,0,64.54402331079643
8903,1,1,1,33.31810596829521,1,63.3166791323484
8904,0,0,1,54.20150140333305,0,63.14862243037378
8905,1,1,0,56.68303260246849,0,63.4362975941028
8906,1,0,0,43.19974776581255,1,57.76981019734838
8907,1,0,1,49.74868512522836,1,63.38497836632985
8908,0,1,1,51.46000584341618,0,61.30312472825675
8909,1,1,0,57.98002772370051,1,62.21135521180653
8910,0,0,0,48.72656168024029,0,64.647619333016
8911,0,0,1,66.83241318273879,1,68.20887790106329
8912,0,1,0,69.25601813076084,0,65.12548085139865
8913,0,1,1,61.02577166788005,0,62.63147370562087
8914,1,0,0,56.78140229836874,1,65.34394890029729
8915,0,1,0,51.15656581911897,1,63.45025553098322
8916,0,0,1,37.16511679324429,0,59.01038940102633
8917,0,0,1,52.50792670378622,0,61.65948047711199
8918,0,0,1,51.90299516010163,0,61.43963209495885
8919,0,1,1,52.76344254585712,0,63.86815990249416
8920,1,1,0,45.29249095388368,0,63.45447985313641
8921,0,1,0,60.73822531866854,0,62.96670232242295
8922,1,0,1,34.55590688667016,0,56.95698537325251
8923,1,0,0,64.45382137278888,1,63.79349885845242
8924,1,0,0,39.23757096623886,1,64.49278357135698
8925,1,0,1,44.82648659081043,1,64.54321347544861
8926,1,1,0,66.96435218998498,1,69.53596281521756
8927,0,1,0,50.24764789658856,0,63.50703148477076
8928,1,0,0,59.14731009647065,1,64.48810684150526
8929,0,0,0,38.93613331546359,0,60.68903300370922
8930,0,0,1,32.97411310379284,0,58.29734550436001
8931,0,1,1,49.39306204525825,0,60.17911456449945
8932,0,0,0,51.40569684979963,1,62.9495987826667
8933,1,0,0,38.18638071076361,1,60.53498347587523
8934,0,0,0,60.62779304899777,1,65.04706843334122
8935,1,0,1,39.9675159072703,1,62.88666210112761
8936,1,0,1,44.98311420879316,1,61.4463096519242
8937,1,0,0,40.23529851065049,1,62.04457401437331
8938,0,1,1,64.58494817376349,0,60.46940443805105
8939,1,1,1,42.16855288526453,1,59.57625590665725
8940,1,1,1,44.62439246639106,1,63.86437054904808
8941,0,1,1,41.22647707378494,0,59.10060820396879
8942,0,1,1,46.73331275776038,0,59.46645353439908
8943,1,0,1,47.17977050110392,0,61.96433758697054
8944,0,0,0,38.21156804270605,0,61.18209554512448
8945,1,1,0,50.18246635166201,0,62.0957063833289
8946,0,0,1,62.76175372347835,1,62.92377467168976
8947,0,0,0,50.29229045021109,1,67.55832577736915
8948,1,1,1,50.15117898217454,1,60.03165494349347
8949,1,1,1,41.73179219580608,0,60.9128410382998
8950,1,0,0,66.48847777659442,1,68.08533323105105
8951,0,1,0,42.24563143659829,0,63.2031574351708
8952,1,0,1,43.19113701382541,0,63.32133085749891
8953,1,1,1,40.16895839355517,1,61.84832763924457
8954,1,0,1,45.39750232846217,0,60.44967874606849
8955,1,1,0,52.49884592794286,1,63.45899828783777
8956,0,1,1,49.2438715528024,0,61.0385783884784
8957,1,0,0,45.79129426831667,0,60.27696676351044
8958,1,0,0,65.24907682033127,1,64.76356154119996
8959,1,1,1,57.08692365822557,1,65.62442956843147
8960,1,0,0,35.69058414768455,1,63.85266215843046
8961,0,1,1,50.90268032631397,0,59.94128805796231
8962,1,0,0,50.13201506858732,1,62.7542771275882
8963,1,1,0,50.43189675063581,1,65.8503566954296
8964,0,1,0,54.77417986608176,1,61.76271817757606
8965,1,1,0,54.33280169254095,1,65.15680480898253
8966,1,0,1,39.7400610263407,1,61.34095914933582
8967,1,0,1,61.15028608924368,0,62.72448891932731
8968,1,0,0,43.38057524091759,1,65.91496852990937
8969,1,0,0,50.03484121697276,1,65.0995231994612
8970,0,0,1,53.62924932829868,1,63.16428102874784
8971,1,0,0,31.32235401854395,1,60.15837498256423
8972,1,1,1,49.63926195047231,1,63.06881904407504
8973,1,1,1,43.33292796489114,1,60.4494250703093
8974,0,1,0,47.18967801265219,0,65.55709087699609
8975,0,0,1,30.38605520482565,0,54.12004478382177
8976,0,1,0,41.12048483538199,0,61.30463660921365
8977,0,0,1,37.10514280904511,1,58.3202295662625
8978,1,1,1,41.22033326350326,1,61.65163789810035
8979,0,0,0,48.31042549415337,0,59.85111285546309
8980,0,1,1,38.18045957430385,0,60.54740155720403
8981,1,0,0,48.44883790251309,0,65.33527503789568
8982,1,0,1,38.91969361641947,1,62.89190348695699
8983,0,0,1,32.62482419647709,0,57.06022888311828
8984,0,0,0,52.30780296123944,0,65.59798927725755
8985,0,1,0,63.81641058652293,0,64.99810582212304
8986,1,0,0,49.76458847793558,1,63.48462193787962
8987,1,0,1,44.55500211247699,1,59.6486998412559
8988,1,1,0,42.03280378944449,1,59.85594256383655
8989,1,1,1,58.67053230665899,0,65.97060703156328
8990,0,1,0,41.12887274059413,0,62.38578296016325
8991,0,1,0,67.00032732761242,1,66.88789882492065
8992,0,1,0,51.55838882365506,0,64.96565225981058
8993,1,0,0,71.39842161040343,1,67.27573763286411
8994,0,1,1,48.42594396604343,0,58.96329878994355
8995,0,0,0,53.31248163745047,0,65.30617516388082
8996,1,0,1,28.37678134533253,1,57.41389428237566
8997,1,0,0,69.72058679636586,1,65.83937933543905
8998,1,1,0,57.54635778258388,0,63.68432501518657
8999,0,0,1,52.85972044111365,0,63.70785758924254
9000,0,0,1,44.91049877828333,0,55.94226080716764
9001,1,1,0,45.35861338108023,1,61.83418145984169
9002,0,1,0,50.07236659093593,1,60.18531374247079
9003,0,1,0,21.51387204768703,0,61.35320881420714
9004,0,0,1,37.42869420653123,0,57.26347651651167
9005,1,0,1,33.560119862072,0,60.16468160952358
9006,1,0,0,67.59880252035416,0,65.36025824299485
9007,1,0,1,50.07554532378659,1,61.56305327936969
9008,1,0,0,56.61191610992875,0,64.1790299863038
9009,1,0,1,68.39086714020992,0,62.57500198300724
9010,0,1,0,29.84069780251371,0,58.97826479775346
9011,0,0,0,47.83374432192369,1,61.60546389186871
9012,0,0,0,47.93080688464478,0,63.6300766626387
9013,0,1,0,56.86730371766103,1,67.40357058322118
9014,1,0,1,46.7976790863143,1,60.8259859653524
9015,0,1,1,45.18164157811326,0,59.96436593794547
9016,1,0,1,42.77810895828205,1,61.78134783111354
9017,1,0,0,63.82999345999327,1,64.19829990414792
9018,0,0,1,49.89479404391973,0,59.46079896516889
9019,0,1,0,44.45122049577505,0,63.88106728331569
9020,0,0,1,39.47710617382085,0,57.24195553706342
9021,0,0,0,46.92914098298716,1,60.7787517535174
9022,1,0,1,47.1989361083461,1,63.84922218957973
9023,0,1,0,65.78882335792093,0,64.65099595888415
9024,1,0,0,34.55427753086425,0,57.32011280532396
9025,0,1,1,62.53031258294041,0,64.64243065460607
9026,0,1,0,39.21905982444888,0,62.17122664261675
9027,0,1,1,28.13997616782125,0,57.94077723139149
9028,0,0,1,43.54909787021541,0,59.60232092802331
9029,1,1,1,36.71550940284586,1,61.20211336872658
9030,0,0,0,55.83364476638138,1,65.12975792888035
9031,0,1,1,49.3293889443299,0,60.21900769289898
9032,1,1,0,45.47942748216329,1,61.06265788220203
9033,0,0,1,54.9321748947903,0,62.03203868124746
9034,0,1,1,45.08284659676771,0,62.45429534435198
9035,1,1,1,33.15969951258145,0,57.75935125245249
9036,0,0,1,53.82699652198963,0,63.55466779681904
9037,1,1,0,58.57768522088367,1,65.66895674818097
9038,1,1,1,41.87861721479129,0,59.66385774935583
9039,1,1,1,42.38755659428187,1,64.57618348913758
9040,1,1,0,48.94210862900488,1,63.82852055329746
9041,1,0,1,43.91176441533864,1,60.51321122192601
9042,0,1,1,66.40039305276875,0,64.03037345229939
9043,1,0,1,54.25548851098313,1,63.94408217527466
9044,0,1,1,59.66964256351584,1,65.05782574578204
9045,0,0,1,52.76695368371243,0,65.32838723324528
9046,0,1,0,51.0631069168515,0,65.21210825155309
9047,1,0,0,50.30622668493889,1,61.99144318203115
9048,0,1,1,49.50417792822871,0,64.03690890871701
9049,1,1,1,53.49153151604825,0,65.23976379645921
9050,1,0,0,53.8472727956002,0,62.65486624792027
9051,0,0,0,43.21254149779134,0,62.06817171623363
9052,0,0,0,34.7012498342583,0,59.34002303447781
9053,0,0,0,62.68169499140367,0,65.02356964278009
9054,1,0,0,39.98253528182528,1,64.74740880618644
9055,0,1,0,49.76969592172328,0,63.71628179932317
9056,1,0,1,30.94811657421911,1,60.2824189845543
9057,1,0,1,32.84324043612578,1,60.05074838559051
9058,1,0,1,42.12538938739321,0,61.73924222818995
9059,1,0,0,39.08092959669885,1,60.50823297704262
9060,1,0,0,69.48221536947668,1,68.56139673703511
9061,1,0,0,57.53512807727385,1,64.54232828808688
9062,0,1,1,39.74073736941064,0,58.21328426480691
9063,0,1,1,55.9127969105793,1,65.61720350584766
9064,1,0,1,35.25748443703029,1,62.4222816580209
9065,0,1,1,43.91184466662753,1,58.38286447744994
9066,0,0,0,46.73845335462528,0,61.68876623372684
9067,1,0,1,69.19514842801522,1,65.15279174048818
9068,0,0,0,61.49109364103393,0,65.71392613270045
9069,1,0,1,53.88610173057773,1,61.90606129805681
9070,1,0,1,59.50638479946321,1,61.00701024911902
9071,1,1,0,47.31970785175771,0,65.68749252621707
9072,0,0,0,46.86304064637142,1,65.66907760345252
9073,0,0,1,50.72596798217982,0,57.76725330498793
9074,0,0,0,38.14924659782029,0,61.8524621299808
9075,1,1,0,56.51703419144032,1,64.12556395054187
9076,1,1,1,44.71626830809517,0,59.741889934945
9077,0,0,1,40.12501577964875,0,59.17578053550605
9078,1,1,1,73.16802531415688,1,63.35548977350566
9079,1,0,1,55.17992786312989,1,62.86429903035825
9080,1,1,0,56.71136418560152,1,66.11554295537644
9081,1,0,1,48.20422903091256,1,62.81395726249367
9082,0,1,0,36.73823772471861,0,62.44469932917634
9083,0,0,1,58.75033784422074,0,65.2500364322853
9084,0,0,0,43.78863130004183,0,64.28856295770102
9085,1,0,1,45.49190466130414,1,64.32564983088271
9086,0,1,0,48.28753639165149,0,61.27122162205686
9087,1,1,1,63.99958005958691,0,64.67544543175406
9088,0,1,0,58.17363695756056,0,62.57843000339498
9089,1,1,0,56.31340615783276,1,65.95227947912308
9090,1,0,1,53.59068742495003,0,63.74968219248829
9091,1,1,0,63.64738207814502,1,64.80904767497557
9092,0,1,1,44.85037711375998,0,55.42670732982429
9093,1,0,1,51.03014338081845,0,59.15541895641242
9094,0,0,1,53.6075964894281,0,61.68375883695215
9095,0,1,1,39.48981901439763,0,60.35024334007677
9096,1,1,0,55.38251260391996,1,63.34578174403941
9097,0,1,0,43.14631211922671,0,59.00390778983224
9098,1,1,0,61.69042523191625,1,67.1963015165373
9099,1,1,0,45.61729530722498,0,60.27687922850918
9100,0,1,0,49.33298900183036,1,61.613594941117
9101,1,1,1,39.43287824620941,1,62.92129257319619
9102,1,0,1,39.16417322015356,1,59.99534039068183
9103,0,0,1,46.10229608461341,0,62.16374793773246
9104,0,0,1,37.49542671193355,0,60.66881370642644
9105,1,0,0,19.23599960333648,1,58.24639720072691
9106,1,1,0,60.77711985855535,0,65.40377009971803
9107,0,1,1,48.50674779091488,0,62.97692917899646
9108,0,0,0,33.7461961929252,0,57.61405376438947
9109,1,1,0,51.64824142853552,1,64.45916756552145
9110,0,1,0,45.64178018639347,0,63.9434105529331
9111,0,0,0,61.64224686196384,1,63.50555322285283
9112,1,1,1,38.89468371100299,1,60.7502390296917
9113,1,1,1,44.72090501047528,1,59.4909670838736
9114,0,1,1,52.2986321985266,1,64.74075823471519
9115,0,0,1,48.74435979043541,0,58.31222905160883
9116,0,1,0,51.41824131931085,1,62.32590858219207
9117,1,0,1,53.83874771944902,0,58.22606481896848
9118,1,1,1,54.11699838454926,1,62.58119009170422
9119,1,0,1,41.83328776672359,1,64.79884855556153
9120,1,1,0,55.9749787125529,1,65.17620074460717
9121,0,1,0,63.08854308661518,0,64.08881728614574
9122,0,0,0,38.0693354038728,0,61.26565219017081
9123,0,1,0,45.67738311129419,0,63.6299549477592
9124,1,0,1,60.04998659885827,1,65.24589814235392
9125,0,0,0,46.62869236698049,0,63.51277887526862
9126,0,1,1,42.41624714036909,0,60.1468122061674
9127,0,1,0,42.77314483388614,1,64.33639858642371
9128,1,1,0,57.77494233793482,1,60.71968009152599
9129,0,1,1,44.58288641281688,0,59.82985693125517
9130,1,1,0,54.3827337933392,0,64.09602017067134
9131,1,1,1,51.79822159252625,0,59.82640227546374
9132,1,1,1,52.55592665135264,1,60.91168080091928
9133,0,0,0,47.75884335730516,0,60.74835595315029
9134,1,0,1,43.22061873605984,1,58.7827419880816
9135,1,0,1,42.42242905948975,0,56.23546520194013
9136,1,1,1,59.28924624352413,1,62.85535843277459
9137,0,0,1,48.06721146078296,1,59.60040058393775
9138,1,0,0,35.77977815246812,1,59.0729328333137
9139,1,1,1,43.77334669540576,1,61.2007031796858
9140,1,1,1,38.57017681898891,0,59.72415180441204
9141,0,1,1,59.37048921342811,0,63.14084813187084
9142,0,0,0,34.49730079597568,1,58.37915426036484
9143,1,1,0,58.24675862490032,1,65.15713674687088
9144,1,1,1,44.31551838908133,1,64.21719271254273
9145,0,0,1,29.71482277215877,0,59.37724918761794
9146,0,0,0,51.46501161224436,1,62.40531143599414
9147,1,1,0,59.49908390667923,1,66.48574965501325
9148,1,0,0,51.70217893081071,1,65.55827271187285
9149,1,1,1,58.10657593033048,0,61.17094847764046
9150,0,1,1,60.97473206719387,0,62.93266602040243
9151,1,1,1,46.39515731304179,1,59.90348445247236
9152,1,0,0,45.37975077229878,0,61.02487155619148
9153,0,0,1,53.03996742552957,0,63.74419516092583
9154,1,1,1,44.72740912786139,1,59.94544060072158
9155,0,1,1,47.26186935429676,0,59.70155773864411
9156,0,0,1,40.43844320680612,0,59.16780388959955
9157,1,1,0,51.39264738271293,0,60.62762927170047
9158,1,0,0,52.56263996967429,0,63.1740002661985
9159,0,1,1,50.36863275766748,0,58.67485898896652
9160,1,0,1,40.99052974013139,1,58.81122094763139
9161,1,1,0,63.46776344977329,1,64.3920805758096
9162,1,1,0,54.04426646424236,1,66.15754271483618
9163,0,1,1,39.05104966294473,0,59.81479179021475
9164,0,0,1,46.34167879832303,0,65.30041295363324
9165,0,0,1,50.80790205563592,1,59.90044004220106
9166,1,1,1,74.68204898116628,1,69.78267692416007
9167,1,1,1,34.88400737075853,1,60.14263039971168
9168,0,0,0,49.7294907822596,1,62.85775582057047
9169,1,0,0,53.21712172517037,1,65.80836700557629
9170,1,1,0,62.65813776885115,0,65.74692639298297
9171,1,0,1,64.26080701315898,1,65.31237226164947
9172,1,0,0,44.46948095387163,0,60.59459988843776
9173,1,0,0,55.80934794927924,1,62.75273467628054
9174,0,0,1,50.01078604565717,0,61.44794971902953
9175,0,1,1,33.19824558739047,1,55.57785966864263
9176,1,1,1,37.20641086646891,1,62.53398781439817
9177,0,1,0,60.77490455087538,0,61.41369122548934
9178,1,0,1,52.93901246321387,1,68.19320568851462
9179,1,1,0,37.24201072553387,1,63.20979685983406
9180,1,1,0,54.81730769500368,1,65.50647626321572
9181,0,1,1,53.88228372613987,0,63.20444900209045
9182,1,0,1,40.90775278830208,1,62.67472704021004
9183,0,1,1,36.31945168373164,0,61.35486870558571
9184,1,0,0,70.80359467584248,1,63.90848643784653
9185,1,1,0,71.54294704339149,0,63.47103771189378
9186,1,1,1,47.39294663510038,1,62.95598455890791
9187,0,1,0,61.64366498431448,0,65.49133107928225
9188,0,1,1,48.36342057993733,0,62.8561463369278
9189,1,0,0,56.70531312319382,1,68.44204667456609
9190,1,1,1,47.0891123228032,1,61.81838655713575
9191,0,1,1,40.4953131288605,1,62.77857148840999
9192,1,1,0,51.94568647004182,1,62.08421254873974
9193,1,1,1,57.36063020336587,1,63.77041198699985
9194,1,1,0,63.67504166819764,1,66.14199507364717
9195,0,1,0,42.28870485828402,0,64.17277546148658
9196,0,1,1,52.19370107075169,1,61.13433101301369
9197,0,1,0,67.60572543291266,0,64.77819960583355
9198,0,1,1,41.70029269555386,0,60.14572945979349
9199,1,1,1,43.56075778023798,1,59.72806186986046
9200,1,1,0,51.66249932144499,0,63.20287100016036
9201,0,0,1,42.93109387598265,0,60.17708150648266
9202,1,1,0,47.541068427352,1,61.72643923943549
9203,1,0,0,42.57885432768606,0,58.84863692470433
9204,0,1,1,39.08102067884298,0,55.96352396477095
9205,1,1,0,43.5839700165922,1,60.04404158699076
9206,1,0,1,54.88745746684545,1,63.68471879328078
9207,1,0,0,59.74878724254434,1,64.79061576660334
9208,1,1,0,41.50343990832857,1,62.25118509746485
9209,0,1,0,54.62051232698565,0,64.50254434377857
9210,0,1,1,35.34569147533148,1,62.63363231915559
9211,1,0,1,49.7323044473757,1,59.0399657781144
9212,0,1,1,27.88929633279418,0,59.36640669652432
9213,0,0,1,45.6056572256937,0,61.1107671242923
9214,1,1,0,45.01718655112707,1,62.99242584958922
9215,1,0,0,53.44233723489125,1,62.09600823283034
9216,1,0,0,47.64694840120173,1,61.64073849393853
9217,1,0,1,39.78749413224453,1,59.03710187130425
9218,0,1,1,51.11691494150178,0,63.00495262134621
9219,1,0,1,34.16020509108171,1,61.68644352173971
9220,0,1,1,37.77775661002106,0,61.92119161459467
9221,1,0,0,71.85866650832479,1,69.8126138967974
9222,0,1,1,52.21681985828423,1,62.74995094555727
9223,1,1,1,58.44292733753075,1,63.3976813263497
9224,0,0,1,37.87844766711574,0,57.40786472000279
9225,0,1,0,41.65909481567693,0,61.74873870037464
9226,0,1,0,55.7998215141859,0,64.17467948990482
9227,0,0,1,36.58947572162513,1,58.79920171607749
9228,1,1,0,32.38713525479087,0,60.34822763153421
9229,1,0,0,47.16709354681586,0,60.2810008588536
9230,1,0,1,53.43885280752524,1,59.54565249267396
9231,0,1,1,61.30791584157844,1,64.96266937758301
9232,0,0,0,40.96256581602205,1,62.45400976630745
9233,0,0,0,51.00288370650004,0,61.92614400879421
9234,0,1,0,36.5511267387995,1,62.29093196519337
9235,0,0,1,38.89384151384667,0,61.55169266540216
9236,0,1,0,38.78462444634108,0,60.29588722232828
9237,1,1,0,38.00387127590848,1,59.65593849250919
9238,0,0,0,63.78057201641289,0,65.84811039804843
9239,1,1,0,40.01005764844287,1,61.48046468728711
9240,0,1,1,45.09366165220717,0,59.87487065523554
9241,1,0,1,58.09911391270506,0,63.30442945055805
9242,1,0,1,55.8783419277726,0,66.14924882174419
9243,1,1,1,40.59906404145869,1,64.72588231499373
9244,0,0,1,40.31581016213007,0,60.02270885126527
9245,1,1,1,40.59444986312691,1,61.35458894154458
9246,0,1,1,43.51168227610501,0,57.68252749188122
9247,1,1,1,55.33712428989188,0,61.00955778390153
9248,0,0,0,52.6693466986242,1,63.74864544333892
9249,0,1,1,42.34927271453089,0,61.06058840433715
9250,1,0,1,41.00361469303385,1,60.90797406718993
9251,0,1,1,32.23713814068682,0,59.8322383080604
9252,0,1,1,53.37594692765397,0,61.6561003682337
9253,1,0,0,50.65365456562679,0,63.51294903835069
9254,0,0,0,59.35106212930273,0,66.87560483855933
9255,1,1,0,59.53865830930131,0,67.14419482623349
9256,1,0,0,60.67478970549121,1,67.4991148689778
9257,0,0,0,62.49117498492086,0,63.27790957187697
9258,0,0,1,25.94121697911847,1,59.82461119269261
9259,1,0,1,42.0071035025508,1,61.53930063579485
9260,0,1,0,41.95558760415927,0,61.00507368454386
9261,1,1,1,37.48010461259992,0,61.67181359739701
9262,0,1,0,40.49556922780617,0,61.74684791471712
9263,1,1,0,60.53480147310351,1,65.96998681747138
9264,1,0,0,55.61770563143236,1,65.37018249085672
9265,0,1,1,48.56911691837691,0,62.02198900201612
9266,0,0,1,44.36420593766861,0,58.90591614621764
9267,1,1,1,47.93727450473981,1,63.43515134589702
9268,0,0,1,59.79713828856958,0,64.89878829327805
9269,1,0,1,46.46656916215608,1,61.3086249796532
9270,1,0,0,33.35115597931232,0,60.23193490167862
9271,1,1,1,49.21422292112246,1,62.65981635235339
9272,0,1,1,40.33928137990809,0,58.88293920090123
9273,1,0,0,57.1117054461826,1,66.88946301656441
9274,0,1,0,46.01544181645081,0,62.34272992292476
9275,1,0,1,43.79286802668865,1,61.61530404332242
9276,1,1,0,53.24770680199008,0,64.37532738833478
9277,0,0,1,39.12409222750476,0,58.79404410485853
9278,1,0,0,46.63576523226713,1,63.4288703888505
9279,1,0,0,56.1371572729328,1,62.61967791040069
9280,1,0,1,60.58311154458297,1,63.95285376910272
9281,1,1,1,56.17287473065462,1,61.39999234592511
9282,1,1,1,48.44953884324007,0,63.96553868438638
9283,1,1,0,34.13628032688362,1,66.16704283727714
9284,1,1,1,52.43006900583327,1,63.9591472562668
9285,0,0,1,57.11283769579158,0,61.60406660118887
9286,0,1,0,71.19979830026038,0,67.02073076697282
9287,0,0,1,50.6730680487687,0,60.38116979392527
9288,0,0,1,49.00290579856668,0,59.52045409312667
9289,0,1,1,53.5544492693744,1,64.13984288648668
9290,1,0,0,37.19222454285176,0,60.93483636329396
9291,0,0,1,39.34558990449888,0,57.0828049417624
9292,0,0,0,38.28014119645137,0,58.66421601996636
9293,0,0,1,44.00438474916992,1,63.67151016658396
9294,1,1,0,46.05540825677581,1,60.49160192273906
9295,1,1,0,71.75735088696078,1,66.35704409266113
9296,0,1,0,65.92190155672924,0,65.68624921507525
9297,0,1,1,60.33501506227876,0,60.97714167782663
9298,1,1,0,49.86386155056633,0,61.92435795198866
9299,1,0,1,52.00025904606865,1,61.46615049795582
9300,0,1,1,31.39120710279893,0,59.4472825717842
9301,0,0,0,31.7833193700527,0,58.62047345988547
9302,1,0,0,35.86698946623303,1,62.38862201378392
9303,1,0,1,27.96566776060355,1,58.58454068111051
9304,1,0,1,55.0732681936729,1,62.24023327536567
9305,0,0,0,56.72510105965303,0,61.62491394007522
9306,1,1,0,51.5228195959122,1,65.81179350200838
9307,0,1,0,61.02785026422137,0,65.77797485890441
9308,1,0,0,73.01395419096475,0,65.73778102470563
9309,1,1,0,62.61613084345689,1,65.63082115939663
9310,0,1,0,56.59110629063279,0,65.19884716385062
9311,1,1,1,53.0077431001454,1,63.55727867362386
9312,1,1,0,58.74573885094227,0,62.48512613008614
9313,1,1,0,34.95366352245103,1,61.04182857170434
9314,0,1,0,45.43742086009132,0,60.3851815533276
9315,1,0,1,59.41947897960881,1,62.69818455221349
9316,1,0,0,62.81499565632254,1,65.29144236869755
9317,0,1,1,32.52424932334811,0,60.3004231101338
9318,1,1,1,49.15605608795769,1,63.28818822315197
9319,0,0,0,43.8345333575922,0,62.89429167279438
9320,0,1,0,58.55060893900334,1,64.52376622924294
9321,0,1,1,58.76711499519573,0,61.34547322361694
9322,1,0,1,42.74289497343275,0,60.11877705672996
9323,0,1,1,55.63926435127685,0,61.78325058739726
9324,0,0,0,46.63146541572171,0,57.87714911531004
9325,0,0,1,52.67453353411443,0,61.90329237666982
9326,0,0,1,37.6795012969969,0,58.89101089495107
9327,0,0,0,47.95943294512953,1,62.68151966790639
9328,0,1,1,50.07693869776087,1,59.45741219232165
9329,0,1,0,48.15138202460427,0,64.52293610620785
9330,1,0,1,23.66820799304606,0,59.56060667973792
9331,0,0,0,48.58149348228797,0,61.81190820827069
9332,1,0,0,49.42488060934217,1,63.09547624273812
9333,1,0,0,35.96306498685092,0,59.94461005477669
9334,0,1,0,42.62203594180852,0,60.52778258342049
9335,1,0,1,48.33764237160548,1,63.92017175656004
9336,0,1,0,71.5787846247427,0,67.93992455131942
9337,1,0,0,44.30804837459296,1,64.89594997527743
9338,0,0,0,48.11108603272851,0,60.62316667782203
9339,1,0,0,43.08248572743824,0,60.60201582877953
9340,1,0,1,42.54873207382835,0,60.17043482113603
9341,0,1,1,66.49784709179642,0,60.10417313952404
9342,0,1,0,43.3221840979656,0,61.28785211661292
9343,0,1,1,45.78822144245547,0,60.68333001756575
9344,1,0,1,67.19321680768472,1,62.60131532648309
9345,0,0,1,48.30498784094944,0,58.81119871629871
9346,0,1,0,59.00834628211347,0,64.38579695700403
9347,1,1,1,47.37728998127059,1,65.21475196718755
9348,0,1,1,54.29600680978395,0,63.07991431614835
9349,0,1,0,72.04194783679941,0,67.30061853422887
9350,0,0,0,47.50763750201902,0,64.02060271293378
9351,1,0,0,43.17247917613231,0,59.76117379023461
9352,1,0,0,50.19762048081367,1,65.19788698858459
9353,0,0,0,46.30446350810676,0,64.12526392506568
9354,0,0,0,44.76405890712377,0,58.89196461287518
9355,1,1,1,43.46335869079922,1,61.02009844573273
9356,0,0,1,39.70891930698826,0,58.82483755502118
9357,1,1,1,66.04142121631087,1,63.73351696603231
9358,0,0,0,71.83571943610858,0,64.83041415664125
9359,1,0,1,36.09856548027417,0,57.43530586879061
9360,1,0,1,51.37830401602862,1,63.95334526208919
9361,1,0,1,52.86789444672648,1,58.54693783692984
9362,1,0,1,38.24084376233131,1,60.71433849515009
9363,1,1,0,44.91656875223541,1,63.56080377943515
9364,0,1,0,61.77981636880615,0,66.37646997157084
9365,1,1,0,42.61757118918449,1,62.17650867494968
9366,1,0,0,60.29735885205135,1,70.06769615049775
9367,0,1,1,48.88520160113352,0,62.75533074884415
9368,0,1,1,50.88122164736296,1,65.07103599318572
9369,1,0,1,63.60842557929487,1,68.28055844762672
9370,1,0,1,59.06141273712009,0,65.01241235118158
9371,0,1,1,47.61009640716929,0,58.92500418666588
9372,0,0,1,46.94440789011436,0,60.69890002983597
9373,1,1,1,31.48891567457968,1,59.25176725266604
9374,0,1,1,44.83717537887362,1,60.03052562757991
9375,1,1,1,34.32460940040563,1,60.83877628191937
9376,0,0,0,53.09819464336777,0,61.00346501457409
9377,0,1,1,45.97637916741174,0,60.69371633221746
9378,0,0,0,54.30261420006865,0,64.3012855673429
9379,0,1,1,64.2887935527034,0,62.79929518149974
9380,0,1,0,42.90783168051587,0,58.39236070397873
9381,0,1,1,39.36270189424835,0,59.12122559400149
9382,0,0,1,49.3563448004959,0,62.40795574795376
9383,1,1,1,66.62035819496772,0,60.66115482640627
9384,1,1,0,45.55257159524367,1,60.68005846003255
9385,0,1,1,53.21852943723484,0,61.75941531481279
9386,1,1,0,46.48476772236516,0,62.92004161506672
9387,1,1,0,52.54643665598643,1,64.23318423367506
9388,0,0,0,35.9891734154575,0,60.89655935762458
9389,1,1,1,59.13772343905887,1,65.72989738693076
9390,1,1,0,49.02301744662797,1,65.60311930328996
9391,0,1,1,47.50038080376354,1,63.08534342352785
9392,1,0,1,42.62942510998036,1,62.41403266149817
9393,0,0,1,59.80465826363206,0,62.86396488825945
9394,0,0,1,55.57250448879407,0,61.86085543365328
9395,1,1,0,67.34521553642335,0,63.29941776066822
9396,1,1,0,48.57836975602443,0,64.40856185887212
9397,0,1,0,62.27906258912428,0,65.47641422868574
9398,0,1,1,51.67127334738828,0,60.96822216612725
9399,0,1,0,50.24159936054632,0,62.91574754667656
9400,0,1,1,52.87793244383667,0,59.66385254513701
9401,1,0,0,59.56160161484905,0,62.4195765560692
9402,0,0,0,60.54997461281899,0,65.14315648307647
9403,0,1,1,39.84185618831945,1,61.10912369496214
9404,0,0,0,55.677123221107,0,64.22128814806686
9405,1,1,1,60.68796855155999,1,63.83766411026296
9406,0,0,0,53.34063622516239,1,62.2187165388202
9407,0,0,0,47.28398961330549,0,63.10247416952477
9408,0,0,0,51.72073295104116,0,62.75865908644816
9409,0,1,0,47.91067806449218,0,62.55435200963914
9410,1,1,0,62.25123690600596,0,62.8559843993029
9411,1,1,1,54.07725491057061,1,64.42434703653356
9412,1,0,1,42.47966061153235,1,61.48236841343023
9413,1,1,0,44.64058940487834,0,63.28573312991002
9414,0,1,0,66.84268032423594,0,66.07101347339437
9415,1,1,1,57.88163726966376,1,61.96270500651512
9416,1,1,0,42.38235974494635,0,60.3509977245341
9417,1,0,1,62.12292545210664,1,63.72641661903779
9418,0,1,0,60.8002412919037,0,62.30783239278975
9419,0,0,1,55.88399305673278,0,59.95056212416306
9420,1,1,0,37.79297826893918,1,65.26226940125082
9421,0,0,1,33.36714556883209,0,54.67723057787858
9422,1,1,1,53.6015375004635,1,65.28309169731472
9423,0,1,1,53.27956894906454,0,62.50966998697815
9424,0,1,1,39.18041156079114,0,56.97811676454062
9425,0,0,1,41.4613713996397,0,63.61844064935145
9426,0,1,0,39.61582167080908,1,58.81369312788513
9427,1,1,1,40.27596959732125,0,63.1605331796722
9428,0,0,0,65.00955467805861,0,64.15442694068315
9429,1,0,1,49.48209548004565,0,60.31929002511754
9430,1,0,1,28.28080919622997,0,58.2180243919603
9431,1,1,1,47.43610012520846,1,62.33409876865775
9432,1,1,0,32.38945881311942,0,61.00381839846339
9433,1,1,0,38.39048874381105,1,62.29376459805368
9434,0,1,1,59.6073603917379,0,64.17137823942141
9435,0,0,1,39.75362235271917,0,59.43063206149817
9436,0,0,0,53.04962056025809,0,63.6965413442277
9437,1,0,1,41.38571952747775,1,59.62057268918191
9438,0,0,1,50.34575220217608,0,60.92221582320452
9439,1,0,1,39.40577822009462,1,61.00429628745452
9440,1,0,0,54.84515327995375,1,62.65204055083569
9441,1,0,0,51.57798087214595,1,63.43603441493268
9442,0,1,1,45.58595738868259,0,59.40145709091701
9443,0,0,1,54.86322336888705,0,61.84500153268043
9444,0,1,0,29.67171545439551,0,61.76640062609056
9445,0,1,1,56.53011182898992,1,64.64123604517775
9446,0,0,1,34.10958781212822,0,54.03960805649665
9447,1,0,0,51.45622062268814,0,60.88295441327158
9448,1,0,1,50.2638754654791,1,59.28140221234305
9449,0,1,1,51.55526171148522,0,60.43086274335239
9450,0,1,0,48.71377317129543,0,62.69833129148072
9451,0,1,1,61.78377668470446,1,64.88902778211208
9452,0,1,1,47.30262486697626,1,59.1996735406922
9453,1,0,1,36.48047082168888,1,60.22834451616311
9454,0,0,0,45.43662306839451,1,60.67408255293043
9455,1,0,1,45.6064547285715,1,63.70579458288183
9456,0,0,1,40.79659706531396,1,57.13469196537148
9457,1,1,0,62.00070696458467,1,66.12350914581879
9458,0,0,1,39.18343033630097,1,60.72091334816741
9459,1,0,1,36.77500987654263,1,58.94090780190263
9460,0,1,0,62.27279187924555,0,65.50420532158191
9461,1,0,0,48.65565665158879,0,61.91381860280317
9462,0,1,0,60.78296789411311,1,65.9448306997314
9463,0,0,1,36.92049166072,1,59.52074120138121
9464,0,1,1,38.42847577886671,0,57.07155078069264
9465,1,0,0,40.32252897825745,1,63.77811377873928
9466,0,0,0,58.96678952308108,0,62.47298931156607
9467,0,0,1,38.90419861577838,0,62.60013763429344
9468,1,0,0,58.16053053572735,0,61.99023381734137
9469,1,0,0,56.96890356449681,1,64.05079869417023
9470,1,1,0,41.19422977166086,1,62.52373106809993
9471,0,0,0,70.16870561212265,0,66.95552190814703
9472,0,1,1,51.22811829812217,0,62.02247951344533
9473,1,0,1,44.86441411160846,1,60.03547835100495
9474,0,0,0,48.57773707981374,0,63.32219723395692
9475,1,1,0,60.81482134739686,1,65.47888113739754
9476,0,0,1,54.50181261121121,0,62.00731165876748
9477,0,1,0,48.23499001985362,0,64.83775199109778
9478,0,0,1,46.43083425346475,0,59.23789516391953
9479,1,1,0,59.51810021865449,1,63.55759989523837
9480,1,1,1,47.65014169007883,1,63.98243798753577
9481,1,1,1,45.43131394019976,1,63.21651840608154
9482,0,1,1,50.03526646958871,0,61.09783484418819
9483,0,0,1,46.80997599947355,0,61.76965049101572
9484,0,0,1,27.50948438340946,0,57.00632818676451
9485,1,1,0,42.58250610456066,1,67.88541744338147
9486,1,0,0,40.92192905079498,1,65.42643848479449
9487,1,0,0,45.50386372978409,0,60.3925331543861
9488,1,1,0,56.36869777797443,0,64.06070572320931
9489,0,1,0,44.20422961344502,1,64.41418615331109
9490,0,1,1,41.26435483572146,0,59.84255611990671
9491,1,0,0,52.57219370156582,1,63.2677538382616
9492,0,1,0,63.98558661684088,0,66.57052092586336
9493,1,0,1,47.60918317798382,1,63.07388566336867
9494,0,0,0,39.13274970066242,0,63.71893741084518
9495,1,0,0,36.66324225614155,1,61.05036041614854
9496,1,0,1,51.82851123539022,1,63.67569533689174
9497,1,1,0,54.19603050451827,1,64.11123991127381
9498,1,1,1,29.8518294506385,0,58.3166632462552
9499,1,1,1,51.8708523494976,1,64.48755119672701
9500,1,0,1,55.3873027791284,1,63.68106415599922
9501,1,1,1,39.30731937938472,1,61.82852259470936
9502,0,1,1,40.28935044337044,0,57.81504900683174
9503,1,0,1,40.5089579826526,1,60.33597146126911
9504,1,1,0,43.5291450543155,1,60.44413877674705
9505,1,0,0,53.32653422925789,1,63.26537422002187
9506,0,0,1,46.26892449803345,0,56.65639401107469
9507,1,1,1,45.58879755615085,1,64.89000993492618
9508,1,1,0,52.10348579081803,1,65.50471724040959
9509,0,1,0,54.22927618562433,0,64.02748608644738
9510,0,1,1,33.44975874943212,0,58.34149042871279
9511,1,0,1,43.54784705123205,1,62.48576678590915
9512,1,0,1,43.87290129101677,1,61.13359894139483
9513,1,0,0,60.01941316683417,1,68.22438644236242
9514,0,0,0,44.91409961141348,0,59.01148746915268
9515,0,1,1,44.88117784075115,0,60.57426449031145
9516,0,0,0,49.485082743339,0,65.37081480562215
9517,1,1,1,45.11950667594744,1,61.22439999134951
9518,0,0,0,51.63793296376849,0,63.11236291246977
9519,1,0,1,51.74554088698287,1,61.43131088469165
9520,0,1,0,56.21230759689936,0,63.96255822212979
9521,0,0,0,46.98784386579177,0,61.4179764874242
9522,1,1,1,61.44438709327144,1,63.87142808713525
9523,0,1,1,52.18671644254901,0,63.25646715898757
9524,0,0,1,31.0043606283071,0,56.98916030318308
9525,0,0,1,33.82977939486827,0,61.40177626524117
9526,1,0,0,46.24863513677903,1,60.68768954281632
9527,1,0,1,44.67117489824728,1,59.07812611452215
9528,0,0,0,68.58952362925235,0,67.102101401689
9529,1,0,1,51.45069447072533,0,60.55372340320399
9530,0,0,1,46.04573421515333,0,60.56142521513478
9531,1,0,0,43.74330308104129,1,63.88277901085259
9532,0,1,0,57.71284275166417,0,61.30802983184612
9533,0,0,1,30.45506752639021,0,61.71054445559066
9534,0,1,1,46.02613004950403,0,58.36970523598616
9535,1,1,0,44.8666775793204,0,64.32622581036354
9536,1,1,1,33.70425449369077,0,57.28491955926953
9537,0,0,0,30.14893265372216,0,59.94631261351382
9538,0,0,1,46.15323709388823,0,56.20720096919782
9539,1,0,1,49.8484623788381,1,60.44088198129494
9540,0,0,1,23.2553941315598,0,55.33754394757963
9541,1,0,0,54.54675349047027,0,64.76179876508151
9542,0,1,0,74.17088276980053,0,65.31068442238745
9543,1,0,1,59.24223788860053,1,63.61035808042622
9544,0,1,1,48.72358653974077,0,59.47292414705978
9545,0,1,0,60.56465256427948,0,65.54541642200772
9546,1,1,1,51.90058149958436,1,64.11958282409931
9547,0,0,1,43.73472765238996,1,62.60839291871945
9548,0,0,0,49.72663169481638,0,60.71854298277639
9549,1,1,0,49.42947352859357,1,62.20948868868311
9550,0,1,1,44.7580425750845,0,60.84775090137248
9551,1,0,0,50.83435635284351,1,62.99683610147602
9552,0,0,1,54.11227911669553,0,62.06394320836822
9553,0,0,1,45.73921940067506,0,59.18327080526821
9554,0,1,1,38.15238833227201,0,60.48838163604966
9555,1,0,0,50.70002877533302,1,59.92710219619523
9556,1,0,0,60.7133047061964,0,61.47503020514542
9557,1,0,0,62.17709154894372,1,62.90704912094755
9558,1,0,1,38.56489758030215,0,59.91057990137949
9559,1,1,1,50.13849199537452,1,65.94408346382997
9560,0,0,0,49.7755403256573,1,62.67273270639578
9561,0,1,0,68.59008346704414,0,65.17295571875282
9562,0,0,0,30.09823191882757,0,60.65411299661969
9563,0,0,1,53.27693002335403,0,63.70231447775231
9564,0,0,1,52.19398726598499,0,60.44446732911065
9565,0,1,0,47.31190402915669,0,61.98117250155733
9566,1,0,0,47.15158502598606,1,62.20928910220832
9567,1,0,0,52.34837925056671,1,60.19102147402032
9568,1,0,0,59.39248681136091,1,62.29428427744323
9569,1,0,0,36.28656087628839,1,62.15527429906308
9570,0,1,0,72.9920727328616,1,64.31574349302934
9571,1,1,1,43.07010301381078,1,61.28291145707251
9572,1,1,0,65.25731841954678,1,66.1886502192098
9573,0,1,1,52.21688182496381,1,62.80748150095408
9574,0,1,0,53.73030025864164,0,61.93925280810078
9575,1,0,0,43.43892915773704,0,61.13851330714947
9576,0,0,1,59.33479544126605,0,62.9520486062566
9577,1,0,1,53.37003734959487,1,66.02999047739954
9578,0,0,1,43.89401179335145,0,60.50455078128918
9579,1,0,0,49.96121168126597,1,61.27044267541996
9580,1,1,1,48.6116083776675,1,62.12389985672615
9581,1,0,0,51.37927031931901,1,65.27892218939583
9582,0,0,0,44.90214225882999,0,62.33122176681077
9583,0,0,0,48.97188020001379,0,63.1044387898154
9584,0,1,0,45.84406461411741,0,64.41972422466873
9585,0,0,0,35.929073358491,1,62.50090446748571
9586,0,0,1,25.69547505483895,0,58.58980700931971
9587,0,0,1,70.02134539272839,0,66.30525009373471
9588,0,1,0,51.64164341555307,0,61.84788481804614
9589,0,1,1,51.09299639375354,0,60.05880590650189
9590,1,0,1,38.98794385682092,1,61.53508366704589
9591,1,1,0,49.89095758070277,1,61.0235297622605
9592,0,1,0,60.61684703008125,0,70.01357797072784
9593,1,1,1,34.94203309581869,1,65.53958004269266
9594,1,0,0,45.70640069554237,0,60.81955852558531
9595,1,1,1,49.61687068938112,0,61.37137588913405
9596,0,1,0,56.62458137454968,0,64.40273302064244
9597,1,0,0,51.99804927798604,1,67.12271442410294
9598,0,0,0,38.95531389537337,0,60.17863493835348
9599,0,0,0,64.51593714524785,0,64.5703211685648
9600,1,0,1,44.7498166618114,1,59.07399856393187
9601,0,1,1,43.47991212555804,0,61.01423628590248
9602,1,1,1,38.74366793640647,1,62.26709875125363
9603,1,0,0,49.04986941965612,0,62.43290770466309
9604,1,0,1,34.90233779615709,1,54.23305681466059
9605,0,0,0,63.59508457981275,1,63.88150100050268
9606,0,0,0,30.23223402731481,0,57.60056993116241
9607,0,1,0,49.87548414127355,0,62.13988519198202
9608,0,1,0,48.22587100620653,1,59.61715909107951
9609,0,0,1,42.15521565145811,1,59.74234246139548
9610,1,0,1,44.99760762481683,0,59.10105532152845
9611,1,0,1,64.55253530601303,1,66.52571379173689
9612,0,0,0,17.45377270247408,0,57.65199159808058
9613,1,1,1,59.00672345880662,1,63.13023139515897
9614,1,1,0,41.64782907047098,1,61.45501469762595
9615,1,1,0,50.20429535923754,1,61.84848403217757
9616,1,0,1,52.51493114209475,1,61.10481721602678
9617,1,1,1,46.52895300881848,1,60.77840165354957
9618,0,0,1,33.85834329196854,0,60.82949293694219
9619,0,1,1,47.12738320834472,0,62.72860113188295
9620,1,1,1,55.76042409357348,1,62.2542380018856
9621,1,0,1,38.82724543598991,1,59.50107481779389
9622,1,0,0,44.7551404173805,1,61.17997215901763
9623,1,1,0,35.08070398731926,0,63.93559085298796
9624,0,1,1,49.14306694442556,1,60.69704363282344
9625,1,0,0,57.36933214377853,0,64.21378395489052
9626,0,0,1,59.08207803422227,1,61.37375434010085
9627,1,0,0,46.61614036034749,0,62.27659483714736
9628,1,0,0,63.02824410813,1,67.27364672914507
9629,0,0,1,41.80006388324146,1,60.97273258910145
9630,1,0,0,55.47076965016689,0,62.57490887546037
9631,1,1,1,47.0899251102627,1,65.98917792918535
9632,0,0,0,58.60476964055991,0,63.72909662684084
9633,0,1,1,47.3190414795405,0,60.91687535217575
9634,1,0,0,56.32761215613777,1,59.73163163881872
9635,0,1,0,52.38210310911637,0,64.82031575703886
9636,1,1,1,34.52666399941181,1,61.08016338050984
9637,1,1,0,24.22437401643566,0,59.31314449678531
9638,1,0,1,56.30977729830008,0,62.24973328009533
9639,1,1,0,45.5286426747336,1,68.47755417301312
9640,1,1,0,51.05528433124684,1,66.66948840484544
9641,0,1,0,38.90055189981377,0,60.59547168458293
9642,0,0,0,53.3895144645949,1,62.62288338509114
9643,1,0,0,46.90955491550009,0,60.39896569601574
9644,1,0,1,44.17978940267051,0,57.7952671973766
9645,0,1,1,56.36519365390209,1,61.35701006378625
9646,0,1,0,57.68551335470715,0,64.16293040247292
9647,1,1,0,44.78270164005031,0,61.19839914295491
9648,0,0,0,47.23469869058918,0,61.25784097129038
9649,0,1,0,57.68850692587662,0,61.06681635429498
9650,0,1,0,61.36926493234568,0,66.29401424909146
9651,1,1,1,34.31708189965093,0,61.3669073347257
9652,1,1,0,56.01110521000214,1,67.11768557200037
9653,0,1,1,55.68196313889375,0,61.66068753027849
9654,1,1,0,56.53308167865628,0,62.92830478431242
9655,0,1,0,65.51262923870877,1,67.21448559136587
9656,1,1,1,48.87168933935907,1,62.00693891334225
9657,1,1,0,33.94051620952283,1,60.04112380655125
9658,0,0,0,42.62093109948788,0,63.91294392493067
9659,0,0,1,52.71068228367724,0,61.73475118742812
9660,1,0,0,44.20925763663872,1,60.8634893069131
9661,0,1,0,44.85591312653469,0,63.30843587278893
9662,0,1,0,44.91265664509284,0,66.38153798277467
9663,0,0,1,43.8935181430229,0,57.33487462920504
9664,0,0,0,43.53054306799195,0,61.72494236198118
9665,0,1,0,47.26511925568809,0,61.03623856917677
9666,0,1,0,58.62243358172663,0,65.47376546695169
9667,1,0,0,42.05063997306666,1,60.47414934027038
9668,1,0,0,49.07389020010122,1,64.08322205475707
9669,1,0,0,58.14773947218553,1,60.22504680966092
9670,0,0,1,43.77892306882063,1,63.83458437144485
9671,0,0,1,33.64354324000347,0,57.35397981035685
9672,0,1,1,50.16750386287911,0,63.66408651287199
9673,0,0,0,50.8187276208582,0,63.90028345853415
9674,0,1,1,42.21283074822504,0,60.78762539092836
9675,0,0,0,51.67800063399216,1,64.96778278072905
9676,1,1,0,55.17639931079205,0,64.14673564136709
9677,1,1,0,38.51923687239399,1,61.10342718624509
9678,1,0,1,63.51476409606516,1,65.30099700085235
9679,1,1,0,56.61395699281218,0,66.72486760355997
9680,0,1,1,67.44220117378966,0,66.34713210653699
9681,0,1,0,62.78547612151559,1,64.04449411293037
9682,1,0,1,36.51230154148058,1,62.24638986014887
9683,0,0,1,47.7306226246839,0,61.63208051688725
9684,0,0,1,60.10533297337503,1,61.39249336504115
9685,1,0,1,39.25663250686624,1,59.10706300902068
9686,1,1,0,54.19377698711538,0,63.85412577595999
9687,0,0,0,40.71489890795709,0,60.71932904663467
9688,0,0,1,36.88530395304284,0,59.60072589145599
9689,1,1,1,54.60101379255184,1,63.53105421468772
9690,1,0,1,56.24942989269334,1,60.1984341399393
9691,1,1,1,51.49309803890367,1,63.87123887850752
9692,0,1,1,38.01030734983749,0,57.97624054783133
9693,1,0,1,47.12325612588657,1,60.92954907218159
9694,1,0,0,44.68612286905967,1,60.03320496742938
9695,0,0,0,41.95968624952103,0,62.76757360248592
9696,0,0,0,36.89538018355697,0,60.40161423738283
9697,1,1,1,54.00801079409079,1,61.66750921440919
9698,1,0,1,48.43240187356742,1,60.3209844516476
9699,1,0,0,62.99339895042269,1,63.31339356490852
9700,0,1,1,25.07859092529552,0,56.46656006450008
9701,0,1,1,35.79155195245463,0,64.02105167074399
9702,1,1,1,38.2361276891006,1,59.78392452110057
9703,1,0,0,47.16408902134162,1,63.1393451155772
9704,0,1,0,41.31051004518416,0,60.16405718658394
9705,0,1,1,27.36292912331778,0,59.14231213555238
9706,1,1,0,47.82918552837116,0,60.71364270173175
9707,1,0,0,61.97586663296291,1,69.10620298380526
9708,1,1,0,63.84448674350884,1,66.57846512090435
9709,0,0,0,48.93361130781103,1,61.2815875477147
9710,1,1,1,67.40964024015082,1,63.10173845403693
9711,0,1,0,45.38386004318498,0,60.27054697887208
9712,0,1,1,45.90365109080574,0,62.95337714261203
9713,1,0,0,33.83275179092474,0,60.93559513084332
9714,0,1,1,41.66055622187182,0,59.92096698229068
9715,1,0,0,61.6517937363327,0,65.30249107472976
9716,1,1,0,39.70497362015725,1,61.36527402854345
9717,1,1,0,53.40084100069686,1,61.37879845383905
9718,1,1,1,48.35933716439384,0,59.097550320441
9719,0,1,0,56.15878739154224,0,65.71552828593104
9720,1,0,1,51.54986425956213,1,63.48682144096628
9721,0,1,1,51.73658136727104,0,59.81925214038456
9722,1,1,1,57.26998501013577,0,64.01698389459899
9723,0,1,0,58.34238535130164,0,64.89545383122244
9724,1,1,1,26.99421337633854,1,58.02395764558457
9725,0,0,1,36.38261475185043,1,61.26990723563066
9726,1,1,0,42.2559950761481,1,62.50435587525747
9727,0,1,0,47.34495317817347,0,62.99494374212333
9728,1,1,1,38.46318694937192,1,63.54046639845154
9729,1,1,1,49.60396821713959,1,62.67658204120826
9730,0,0,1,30.62205894837549,0,53.19040502286915
9731,0,1,1,66.62276831609941,1,63.87160636740461
9732,1,1,0,49.98343725857099,0,64.03560286274144
9733,1,0,0,49.0008809478708,1,60.17135893027922
9734,1,0,0,55.53133203525964,1,66.01193650801248
9735,1,1,1,60.85979756043219,1,64.2980841802636
9736,1,1,0,70.52125408509028,1,68.10416211289407
9737,0,1,0,62.30509249321658,1,62.78722261134683
9738,1,0,0,51.35026115600719,1,63.97408269512347
9739,1,1,0,62.88500059588743,1,68.91764759222644
9740,0,0,0,33.61157890575571,0,62.02626933603678
9741,0,1,0,61.7358401484622,0,62.82419995818353
9742,1,0,1,53.03383446941569,0,62.19029850767161
9743,0,1,0,52.11578876402643,1,64.71471262955305
9744,0,0,0,45.29133485473908,0,60.8322326247952
9745,1,1,1,45.3157533293035,1,61.29990198223387
9746,1,1,1,48.5345849133946,1,64.14882074551559
9747,0,1,1,42.82983419452312,0,57.44436019521105
9748,1,1,1,38.94561283169525,1,61.91126578812468
9749,1,0,1,66.36951181095895,1,65.73224633972345
9750,0,1,1,54.47876238077946,0,61.48898743947316
9751,0,0,1,63.6061802411504,0,60.70944378000316
9752,0,1,1,52.25998914302067,0,64.08459576841025
9753,0,0,0,44.72477184463363,1,66.64464145183112
9754,0,0,0,48.36777424120883,1,64.2593013643525
9755,0,0,1,56.02750897471512,0,61.29806872953902
9756,0,1,0,58.0258309134844,1,67.06481210576004
9757,0,1,1,50.81369036706955,0,67.64069000510814
9758,0,1,0,58.04839761245897,0,64.08138713765261
9759,1,1,1,46.42815359854047,1,56.47749638221909
9760,1,0,0,48.30063315631236,1,65.37021204601388
9761,1,1,0,41.18326997755315,1,59.03549203020074
9762,0,1,0,47.13623280362363,0,65.55679678698066
9763,1,1,1,73.19618566816274,0,66.24445766477146
9764,0,1,0,55.61111653358658,0,64.76505196804553
9765,0,0,1,59.22754393459799,0,63.53939919516325
9766,1,0,1,65.70204900376342,1,64.35967495436029
9767,0,0,0,43.1780883098056,0,64.48488005071472
9768,1,0,0,26.31374619393732,1,62.32566947391809
9769,1,1,1,62.95314804303699,1,62.07920381858401
9770,1,0,1,46.11988508443222,1,61.1246009363432
9771,0,1,1,43.15829621086138,0,59.20851390236678
9772,0,1,1,56.4853619907573,0,63.77506010413414
9773,1,0,1,34.95060363444857,1,58.80287732379011
9774,0,1,1,43.09488919873036,1,58.62688658506851
9775,0,0,0,54.33184737632519,0,59.29457675084129
9776,0,1,0,45.49960984515682,0,63.20999715453399
9777,1,1,1,55.207490963349,1,63.53907799730259
9778,1,1,1,37.25099916427369,1,60.04891421029547
9779,1,1,1,48.93230362779541,1,61.8578257145049
9780,0,1,0,58.6657856583417,0,66.81699400564349
9781,0,1,1,46.19822425057462,1,54.96236002823321
9782,1,1,1,45.28107927092627,1,60.70862696133383
9783,0,0,1,30.4819411613711,0,54.80881121482557
9784,0,1,1,46.22541785436461,1,64.61015168746208
9785,1,0,1,55.76534088522688,0,58.91811425860483
9786,0,0,1,39.79827666081325,0,58.30521553963803
9787,0,1,0,46.67627839494143,0,59.66580705852137
9788,0,1,1,41.56853235519991,0,60.13305681956086
9789,0,0,1,46.26668196276072,0,58.61927101384585
9790,1,0,0,40.57476687745862,1,60.66366233865678
9791,0,1,1,52.09092369710897,0,63.45557234907709
9792,1,1,0,37.41489587446539,0,59.00135597569625
9793,0,0,1,57.99803673329541,0,59.55485056170583
9794,1,0,1,29.68696092231126,0,57.36473117923981
9795,1,1,0,64.6358635348535,0,64.5353900509506
9796,1,1,1,53.86457634441565,1,65.7333634096389
9797,1,1,0,43.30448666199175,1,64.83666243999046
9798,0,0,0,28.7937156144535,1,61.98727065876889
9799,0,0,0,43.16331468486776,1,63.75547418902172
9800,1,1,0,56.88042057897158,1,66.46040321083169
9801,0,0,0,50.233051321879,0,62.12677424856933
9802,0,0,1,41.4429546891021,1,59.75480004527661
9803,1,0,1,54.17845073660043,1,61.89308071480652
9804,0,0,0,49.47133640460522,0,62.16439629370993
9805,1,1,0,59.38601722405953,0,64.73816146152596
9806,1,1,1,36.7002816930014,1,58.57814110732676
9807,1,0,1,55.03138884482806,1,64.75704464785846
9808,1,1,0,52.64639819726997,0,64.06190148007576
9809,1,0,1,36.53722457498716,1,60.47791726134893
9810,0,1,1,37.57852049934434,0,57.98381251998048
9811,1,1,1,52.5351355266958,0,60.25831853610146
9812,1,0,0,55.7114043349432,1,64.03342160050741
9813,1,0,0,62.06454633772057,1,62.4828209964716
9814,1,1,1,34.47047366770398,1,60.76010691450071
9815,0,1,1,34.66085722038211,1,58.13776468356106
9816,1,0,1,33.89082766578623,0,56.9914719451367
9817,1,1,0,54.59919586365869,0,63.25496854847107
9818,0,1,0,56.733727702411,0,64.12691758884817
9819,1,0,1,32.18656241509022,0,54.41346472631512
9820,0,1,0,49.29076203278133,0,63.1905755309578
9821,1,1,1,41.51995176110936,1,60.98788239243955
9822,1,1,0,52.69286931450524,0,61.29396021052013
9823,1,1,1,60.57302008568879,0,61.66295239454742
9824,0,0,0,50.4205226637146,0,63.13626860968029
9825,0,1,1,54.11003654920894,0,60.509079419233
9826,1,1,0,63.08668747140842,1,65.82510646707209
9827,1,0,1,52.00621083240375,1,64.80455276327262
9828,1,1,0,49.63274501902544,1,61.08139041180961
9829,0,0,1,44.62629541647733,0,62.01560690986111
9830,0,0,0,54.94674758731016,1,62.14405686683792
9831,1,1,1,42.46242093420678,0,60.83241738380167
9832,1,0,1,59.37991045049702,1,64.60129088387119
9833,0,1,0,47.83756649577335,0,61.5364209691233
9834,1,1,1,44.99328983862723,0,59.14101112764615
9835,1,1,1,40.93902312168478,1,61.18896764417556
9836,1,1,1,45.60866437419255,1,60.92113965411287
9837,0,0,1,49.52280302013007,0,61.42381888601761
9838,1,1,1,42.32917449909117,1,61.1414829625962
9839,1,0,0,59.01411981161385,1,65.34444959882805
9840,0,0,1,52.97757550243504,0,59.4992970040729
9841,1,1,0,51.41495393259449,0,62.44845334524523
9842,0,1,1,36.06651645714517,0,60.91107955307429
9843,1,1,1,51.8318871460936,1,61.68052094942872
9844,1,1,0,56.47043424442825,1,67.02016390200143
9845,1,0,0,45.73697898625653,0,61.33805845917593
9846,0,0,1,42.19828759780742,0,56.7081668086553
9847,0,1,1,42.62485955242658,0,58.09558334520198
9848,0,0,1,41.07082272591857,0,59.09183336042175
9849,1,1,1,24.6521836323716,1,62.29209371595903
9850,1,1,0,28.90543177794997,0,58.36153506571777
9851,0,0,0,69.4527044433943,0,63.74013635588558
9852,1,0,1,55.40881768365013,1,63.09134897816224
9853,0,1,0,55.37348888835381,0,63.09244700666229
9854,1,0,1,49.10930176444977,1,62.1632256994921
9855,0,1,0,46.08405726750364,0,65.57953492738461
9856,1,0,1,32.44826624281066,1,57.8265726544934
9857,1,0,0,57.08656221235881,0,62.42529678425424
9858,0,0,1,52.71459554663825,0,59.8938827394333
9859,0,1,1,59.45515307111145,0,63.46041288191082
9860,1,1,0,44.19379610490778,1,60.73011684834815
9861,0,0,0,57.39953953078015,0,64.44813644620369
9862,0,1,1,40.27025949189764,0,61.41210369931972
9863,1,1,1,58.68634183461663,0,60.77648624554097
9864,0,1,1,44.02079797362445,0,61.83877611340593
9865,1,0,1,44.93188416429305,1,64.12138231936133
9866,1,1,0,56.16128911145635,1,62.48393222386221
9867,1,0,0,56.84567608551693,0,61.67237972491243
9868,1,1,1,51.43446509818855,1,64.79876858551134
9869,1,0,0,50.03736251714943,0,61.77019634650699
9870,0,0,1,57.40072609966634,0,61.71061970828622
9871,0,0,1,39.12320287793155,0,60.34224291953446
9872,0,0,0,39.27543903207504,0,59.93573297705932
9873,0,0,1,32.92551403930145,0,56.94341842621997
9874,0,0,0,59.08185290450818,0,63.49247491914314
9875,0,1,1,48.29030995680241,0,63.66987905137879
9876,1,1,0,54.49307317367164,1,64.32089366202149
9877,1,0,1,56.30240496153756,1,65.10698369565976
9878,0,1,0,49.92393559721492,0,60.42587740316435
9879,0,1,0,50.9543728675807,0,65.1779247293169
9880,0,1,1,53.23792071915491,0,60.6749452182806
9881,0,1,0,72.81976347582751,0,66.62426527420477
9882,0,0,0,46.42344990020112,1,62.45913600543692
9883,1,1,1,46.15123004229942,1,59.86464828561783
9884,1,1,0,37.89524017618093,1,64.32157875313958
9885,1,1,1,41.88915825828505,1,62.79989979911386
9886,0,1,1,49.07864349327601,0,63.02137958797859
9887,0,1,1,40.66413676677944,0,61.65770467004607
9888,0,1,1,32.5014204958304,0,62.90450754174563
9889,0,0,0,52.46198533698283,0,61.73223791412192
9890,1,1,0,56.39150150037602,1,65.27793714205754
9891,1,1,0,30.91196724979726,1,63.51863929496992
9892,1,1,1,40.24669045727126,1,60.98491991093049
9893,0,1,1,46.20195474532258,0,60.8971140428635
9894,0,0,0,39.98065648273135,0,62.72557191357758
9895,1,1,0,56.62271008523571,1,64.82366218831541
9896,1,0,1,57.36511273856435,1,60.71757210612543
9897,1,1,0,59.78138218136351,1,64.76342308687393
9898,0,1,0,55.92078624952043,0,65.25468734805054
9899,1,0,1,32.91544561496764,0,56.96372187594686
9900,0,1,1,50.67195271729483,1,62.53706018702461
9901,1,1,0,55.2276523782636,0,62.82584529941397
9902,0,1,1,47.81443483500263,0,62.7050244482768
9903,1,0,0,46.34936034558081,1,60.81259373531585
9904,1,0,1,48.51629498852795,1,60.62415862648188
9905,0,0,1,50.13276832087623,1,59.40910342232816
9906,0,0,0,49.36295851244513,0,60.28271035840984
9907,0,0,1,44.26124204663998,0,59.92401434318691
9908,1,0,0,57.13150595825982,0,65.19145464328206
9909,0,0,1,45.53559563824714,0,62.14606228645431
9910,1,0,0,50.31300939723178,1,61.32463411583888
9911,0,1,1,50.70116745283104,0,59.71550820064071
9912,0,1,1,59.69968465948126,1,64.94034988733962
9913,1,1,0,59.03245787228376,1,63.81208756540191
9914,0,0,0,43.70199341459538,0,59.59060120623347
9915,0,0,0,70.68910727529354,0,60.84450920185247
9916,1,1,1,50.68956471101603,1,62.98814934902722
9917,1,1,0,53.7458254573442,0,64.44902449872157
9918,0,0,0,56.45287630265107,0,60.78834542748286
9919,0,0,1,46.43884289749297,0,58.54721079708111
9920,1,1,1,47.5025205722473,1,60.07011237070343
9921,1,1,0,50.81134615492223,1,62.96086117920146
9922,0,0,0,64.01239735611824,0,64.39418341678693
9923,1,0,1,61.44360361594304,1,62.95234719421276
9924,0,0,1,42.79701079225249,0,60.18673851221361
9925,1,0,0,36.59593784744963,0,57.34969695297497
9926,0,0,1,60.23946124707743,1,61.71050731782429
9927,1,1,1,53.2164216999067,0,64.01199517458258
9928,0,1,0,45.08444646745359,1,63.88477075067471
9929,0,1,0,34.39650069000133,0,60.86246971139498
9930,1,0,0,55.20718681710867,0,62.21537224251578
9931,1,1,1,62.76311479527227,1,64.41748116103548
9932,1,0,1,34.71697239125464,1,58.35368431905854
9933,1,0,1,34.6421919990963,1,62.01613602172759
9934,0,1,1,59.1126159482578,0,63.61966328987801
9935,1,0,0,60.31331466292099,1,65.44000556717799
9936,0,0,1,39.47148474968004,0,58.48543009909589
9937,0,0,1,45.5445800275386,0,63.0208553117868
9938,0,1,1,47.65165174088173,0,64.43140140451305
9939,1,0,0,29.19976145114163,1,60.57330557056363
9940,0,0,0,52.66826479553329,0,62.7616796889753
9941,1,0,1,44.54303768491582,1,61.15364300283814
9942,0,0,0,46.78561357637594,0,60.85735773413686
9943,1,1,1,57.1810310305836,0,63.77206604678879
9944,0,0,0,45.81229463846293,1,62.08434584489918
9945,1,1,1,66.2981475409924,1,66.30361537105146
9946,0,0,0,43.50598431216412,1,60.22983443859554
9947,1,1,0,43.24220532969234,1,65.11432743939356
9948,0,0,0,38.34665821278082,0,60.9340332908079
9949,0,1,1,50.61462007416969,0,65.13789878189377
9950,0,1,0,57.71359484597184,1,61.57865178237089
9951,0,0,1,32.28907761124789,0,62.12760646930091
9952,0,1,0,42.16743887311229,0,62.83184501748774
9953,1,1,0,55.02985635647568,1,68.72148659884625
9954,0,0,0,49.23769217109344,0,62.92106604514726
9955,0,1,0,44.15459709507114,0,58.37790268591029
9956,1,0,1,48.68678608869815,1,59.95629828696202
9957,1,0,0,46.86833693731431,0,61.7333274262945
9958,0,1,0,49.97505976815893,1,61.92899602735909
9959,1,1,1,37.42114031070358,1,59.2453490905688
9960,0,0,1,47.15909985411768,0,63.39847852483562
9961,1,0,0,37.07433477915671,1,62.9836539795651
9962,1,1,0,46.8659376489331,1,61.38172516159666
9963,0,0,1,40.07869666322429,0,59.31410687185802
9964,1,1,0,38.13025818133124,0,61.70439546175281
9965,0,0,0,45.28957103098858,1,62.79097322205404
9966,0,0,1,53.59931039128359,0,61.16760327502931
9967,1,1,0,46.76939336059938,1,63.88564408688498
9968,0,0,1,45.57610434148376,1,59.22904559902802
9969,0,1,1,37.66376926206269,1,62.60441798207191
9970,1,0,1,40.79632363825269,0,60.19859513708799
9971,0,0,1,53.40211694708354,0,61.55856588195036
9972,1,0,1,35.65109853094903,1,61.35551473378573
9973,1,0,0,46.99647705023196,1,62.61691476382968
9974,1,1,0,59.94536308919108,1,68.17201177545712
9975,0,1,0,44.03990707321147,0,63.27840517567483
9976,0,0,1,31.33659876475242,1,59.64065225859919
9977,1,1,0,50.48205922280005,1,63.54145386987352
9978,1,1,0,45.67971751273046,1,63.07097226761118
9979,0,1,0,42.60432233491433,0,61.06414356610092
9980,0,1,1,38.01856587453943,1,62.84104108440266
9981,1,1,1,24.84238578407589,0,58.87075801725686
9982,1,0,0,54.95143935784556,0,61.89536747545454
9983,0,1,0,50.5319850082989,0,62.34886949637887
9984,0,0,1,44.35479488608171,0,57.7851854222263
9985,0,1,1,34.93456231625618,0,59.81468477100425
9986,1,1,0,68.13507456581354,1,65.8332466849634
9987,0,0,1,61.09892176560232,0,62.6114655728074
9988,0,1,1,62.74715166680214,1,61.85167732509053
9989,1,1,1,54.38663961179842,0,60.28491179659932
9990,1,1,0,61.69324800818519,1,70.24974512736746
9991,0,0,0,40.63585450054462,0,55.92010357544554
9992,0,0,1,53.98624970553271,0,61.4248147684039
9993,0,0,1,45.59338081172721,1,61.72598615979719
9994,0,1,0,50.95339923080046,0,63.71149367193926
9995,1,0,0,41.75521851743139,0,63.25547802249088
9996,1,0,1,48.48292707622243,1,58.77763238861647
9997,1,0,1,38.21567192772634,1,61.68934049103758
9998,0,0,1,53.50841512841332,0,62.34777310285574
9999,1,0,1,44.88280972559499,1,61.05368144014375
10000,1,1,0,48.23254917464773,1,63.50319643648529
10001,0,1,1,22.3625583191371,1,57.22790492324044
10002,0,0,0,36.88622948874169,0,61.34408855459396
10003,1,1,0,44.39394483349039,0,63.68514974223006
10004,0,1,0,73.92984358977273,0,65.48350941445213
10005,1,1,1,48.64393552442253,1,59.90351051170079
10006,0,1,0,54.34562899649983,0,63.85842124254532
10007,0,0,1,40.01111342728267,1,63.89725378823046
10008,0,0,0,52.75539250142131,0,61.31550107819266
10009,0,0,1,57.26918932609903,0,63.94114259338606
10010,1,0,0,40.35246709187069,1,61.81458597796805
10011,1,0,1,39.84857047575374,1,61.33773012559376
10012,0,1,0,54.92899668979706,0,63.41058516357128
10013,0,0,0,59.45150607023226,0,66.96047581099305
10014,1,1,1,39.15223141948913,0,58.86586043215672
10015,0,1,0,61.09492207253267,1,65.82113160145006
10016,1,1,1,48.05533447468413,1,61.27607383432521
10017,0,1,1,40.62194413384783,0,58.04892832044676
10018,0,1,0,47.06972426634631,0,61.94219397325252
10019,0,1,1,54.45810572810137,0,61.59228109725555
10020,1,1,1,29.39181197668802,0,59.90325211596194
10021,0,0,0,60.81488314365539,0,63.2658713911965
10022,1,0,0,46.9868014807753,1,63.13022007830598
10023,1,0,1,46.41088548661104,1,62.74742106145738
10024,1,0,1,53.76927350178489,1,61.81362406565904
10025,1,0,1,56.86521944508549,1,63.02241331488176
10026,0,1,1,35.55230412160639,0,56.60042437465857
10027,0,1,0,53.87749266770435,1,63.64758037741299
10028,1,0,1,50.82147881416151,1,57.87048528980368
10029,0,1,0,72.90137349483669,0,66.83431813556901
10030,0,1,0,46.40069109472559,0,64.32518856542369
10031,0,1,1,40.2084528825356,0,57.31682454720958
10032,0,1,1,49.83920011508215,0,61.78564746357476
10033,1,1,0,47.48871781621335,1,61.59413244223116
10034,1,1,1,43.1822871956644,0,59.65009683462504
10035,1,0,0,29.63703886620191,1,61.91238482077004
10036,0,0,0,34.27873248382937,0,60.11276349727009
10037,1,0,0,56.76444762315801,0,62.84335993707695
10038,1,1,0,56.90549334716604,1,63.92003315270167
10039,1,0,1,49.61943025411056,1,63.73534572703854
10040,1,0,0,42.21605382659731,0,58.59454848850169
10041,0,0,1,45.59172200892744,0,58.62339879786507
10042,0,1,1,35.73405344117759,0,58.28579142431067
10043,0,0,1,38.92107849553005,0,59.55753132721799
10044,1,0,1,47.66342979736548,0,57.45946712903275
10045,0,0,0,54.53256947629944,0,60.11330677033957
10046,1,0,1,46.01486474562103,1,63.68908707049795
10047,0,0,1,39.28214522229317,0,55.83325509682548
10048,0,1,0,66.17353159070144,0,65.23567459367581
10049,0,1,0,47.02923645239535,1,65.44299326547984
10050,0,0,0,39.48910883052723,0,59.98613598902269
10051,0,0,0,56.08994746397314,0,66.64877246377563
10052,0,0,0,59.77029562166481,1,63.62649971833458
10053,0,1,1,45.33860646456077,0,61.38786388918341
10054,1,0,1,47.25676069045393,0,60.03109662847545
10055,0,0,1,30.1065794568658,0,58.9349821001861
10056,1,1,0,63.25033802891362,1,67.35693702689113
10057,0,1,0,54.07636954299544,0,63.98620686416876
10058,0,0,1,56.75090865378357,0,65.62613762436649
10059,1,0,1,36.46205137996969,0,58.85455536744347
10060,0,1,0,54.18452385427864,0,65.30003893674441
10061,0,1,1,55.88274050208611,0,61.05741298077146
10062,0,0,1,36.32774971214165,0,57.20153664883747
10063,1,1,0,54.92291826653378,0,62.45724803843055
10064,0,0,1,36.88661657608791,0,59.5599655423267
10065,0,1,1,41.25955245764736,1,59.44395516572188
10066,0,0,1,38.9026801788734,0,60.7850611295451
10067,0,1,1,48.64202483959846,0,62.00238333117416
10068,1,0,1,52.43840237983713,1,64.60119908073882
10069,1,0,0,54.05168863970478,1,63.49280639192637
10070,0,0,1,48.63212621686941,1,60.17791564946142
10071,0,0,0,62.68919873396069,0,66.2479313323352
10072,0,1,1,38.82970051568839,0,61.36892428049517
10073,0,1,1,43.16575235693567,0,60.8636152172376
10074,1,1,0,48.05473809524324,1,65.75818586861466
10075,0,0,1,41.847557909309,0,58.40445511299401
10076,0,0,0,36.36943329118347,0,61.19120211508884
10077,1,0,1,38.69893562572091,1,60.6111479771844
10078,0,0,1,61.62107527905697,0,64.5484428228075
10079,0,1,1,40.6734473870733,0,61.44990625221271
10080,0,1,0,57.48986947107696,1,67.54704127052916
10081,0,0,0,58.99853225526773,1,62.49700874913147
10082,0,1,1,49.97398829958941,0,63.28304096044972
10083,1,0,0,78.72581627377835,0,65.80942392648208
10084,0,0,1,51.21991699810768,0,61.09050797284738
10085,1,0,1,28.93839878913683,1,59.43084227717517
10086,1,0,1,42.39258615595586,1,62.12948303177103
10087,0,1,0,42.79139252913681,0,61.994050840279
10088,0,1,0,46.51329694753511,0,64.67281165123052
10089,1,0,1,48.29228912074101,1,63.40231384907518
10090,0,0,0,41.50555646659487,0,63.00751160571668
10091,0,0,0,35.07943016099936,0,57.58080814051414
10092,1,0,1,54.70824576325764,1,58.32271831022646
10093,1,1,0,58.86348844975951,0,65.0925320507063
10094,1,1,1,52.84843452991358,1,60.92282171019662
10095,0,0,1,80.62997473052278,0,66.81995191993265
10096,0,1,1,71.94751051696292,0,64.92569836645308
10097,1,0,0,48.87208391838059,1,63.8907778225068
10098,1,0,1,66.82249941975491,1,61.72645704080022
10099,1,1,0,49.43607765019161,1,63.59075662707789
10100,0,1,1,45.4909739428069,0,61.40379360221568
10101,1,0,0,62.53670925786247,0,64.93716445341099
10102,1,1,1,47.27640219775717,1,65.02201601422027
10103,0,1,0,50.22042718102832,0,64.57433132872217
10104,1,1,0,51.98825478078247,0,66.58760242693057
10105,0,0,0,56.27047324679591,0,59.54115385188997
10106,1,1,0,67.14107097123676,0,65.19465602670262
10107,1,1,0,67.13172874226014,0,63.66961101047023
10108,0,1,0,55.31484047663828,0,61.39595535161219
10109,0,0,1,28.67635803494943,0,61.30140307820919
10110,1,1,0,53.44126760195693,1,64.68938778588033
10111,1,1,1,41.34716838927415,0,60.65080105496479
10112,0,1,1,46.9959257292961,0,61.15626185806772
10113,1,1,1,62.36902293913742,1,63.74517018785846
10114,1,0,1,46.33742837437871,0,60.17274164362411
10115,0,0,1,33.53332404505812,0,61.97741508302298
10116,1,0,1,17.00957358972274,1,56.18874765923448
10117,1,0,0,44.83005604558205,0,61.02545948630728
10118,1,0,0,53.52878615208486,0,63.06641589922504
10119,1,0,0,44.84107734447583,1,62.49192148554259
10120,0,1,0,67.0050527362698,0,63.90671410719799
10121,1,1,0,49.73116947069324,1,62.05662868701447
10122,1,1,1,54.22970210668577,0,62.37750380199819
10123,1,1,0,44.2436389143344,1,62.08932128745293
10124,0,0,1,42.68971359628033,0,61.11981470537361
10125,0,1,0,65.98146838482002,0,66.97550716239242
10126,0,0,1,49.04735121818377,1,62.84729551847377
10127,0,1,0,61.62046822361522,0,61.39587628394
10128,1,1,0,54.17794644587323,0,61.54051273772106
10129,0,0,0,37.13545689966638,0,61.37460894984352
10130,0,1,0,45.52735434667345,0,61.23012765377376
10131,1,0,0,43.23758508948933,1,60.32161348666934
10132,0,1,0,47.15190448307948,0,61.21642641420643
10133,0,1,0,57.7414799766679,1,62.17638236594083
10134,1,1,1,46.23248591530687,1,62.04589039188532
10135,1,1,1,51.18936010676473,1,63.71870986453684
10136,0,0,0,50.44790609949,1,63.57700920095942
10137,1,1,1,41.63331645666806,1,62.97656435941898
10138,1,0,0,39.15152275975599,0,58.71537278024689
10139,1,0,0,31.83194551612205,0,58.80415077615313
10140,1,1,1,34.84649135806578,1,58.64576870496524
10141,0,0,0,50.43675805568358,0,61.90803910522532
10142,0,1,0,35.9864088912353,0,62.17104652619048
10143,0,1,1,43.24769626250497,0,59.58795375762089
10144,1,1,0,45.33033667774193,1,63.18909868406584
10145,1,0,1,48.50668531147564,1,62.90052338751657
10146,0,1,1,42.38592496813365,0,58.85587113845213
10147,1,0,0,53.79896273463749,0,62.30012217842643
10148,0,1,1,63.96064253654234,0,63.95082072418536
10149,1,1,1,49.49896196632785,0,60.07102443773699
10150,1,1,0,45.77248381729723,1,62.02172727105672
10151,1,1,1,37.83047790116081,1,59.49518261921907
10152,1,1,1,45.87023358847498,1,64.34189125542464
10153,0,0,1,49.04447257337249,0,62.40890545536163
10154,0,0,0,43.26620919778583,0,62.39044128178187
10155,1,1,0,59.78941802020232,0,61.75697938940684
10156,1,1,0,44.49528034614492,1,61.66543396383155
10157,1,1,0,57.11562820660104,0,63.11297569410201
10158,0,0,0,71.48034509122222,1,65.71899025547933
10159,1,0,1,54.59737176648849,1,62.99367739053012
10160,0,0,0,77.22116023859301,0,64.73235107892572
10161,0,1,0,56.80140977262226,0,66.0069399542366
10162,0,1,0,37.967848190886,0,58.79992831252479
10163,1,0,1,50.24969977329914,0,61.12521738879374
10164,1,0,0,45.3296387506126,1,63.87972896431012
10165,1,1,1,57.96973706342462,1,65.82627145775392
10166,0,0,1,36.27538136802777,0,57.05426650909103
10167,0,0,0,79.2976361153639,0,67.9592292349394
10168,1,1,0,40.94931218193363,1,63.18483451183914
10169,0,1,1,58.91603209566233,1,64.47854663345235
10170,0,0,1,36.42958470293711,1,62.10328326386587
10171,1,1,1,51.8348802082898,1,62.87118178371662
10172,1,1,0,49.10772327732023,1,66.32229889426276
10173,0,0,1,43.54593832021119,0,55.5248423537017
10174,0,0,1,40.63860923955689,0,59.18373712333751
10175,1,1,0,38.85409768650705,1,59.94493823808176
10176,0,1,1,42.86807524635432,1,60.18985326536058
10177,1,1,0,49.66882760286808,1,63.03906804897432
10178,1,1,0,51.06766300297399,1,62.52494876536768
10179,1,0,1,61.28839867867313,1,65.38060145752546
10180,0,1,1,34.89949331101685,0,60.91472209394227
10181,1,1,1,62.25859086179045,1,64.62939237343581
10182,0,0,0,70.66598056310622,0,65.68610664613
10183,0,0,1,45.38221421439217,0,61.57394448065197
10184,0,0,0,44.80250584093736,0,59.341199053284
10185,1,0,0,27.00709153378657,0,58.62584850800477
10186,0,1,0,51.91603917934932,0,61.4009466855021
10187,0,0,1,38.11068537205075,1,58.70253613960718
10188,1,1,1,62.9177651861896,1,65.62760653674987
10189,0,0,1,40.69134373617135,1,62.27906125391926
10190,0,1,0,59.07395577918277,0,64.28914044660394
10191,1,1,0,60.73768018878506,1,66.82396087153302
10192,1,0,1,45.16427768335929,1,65.80651304071719
10193,0,1,0,52.09039768888297,0,62.10452174639811
10194,1,1,1,52.52973591548741,1,67.69990713429995
10195,0,0,1,34.64177238650252,0,58.38104102103451
10196,1,1,1,42.56913646843046,1,57.85330499020896
10197,0,0,0,40.55954524404058,1,60.02855088645582
10198,1,0,0,61.74152740100972,1,65.16018403771139
10199,0,0,1,41.5896585897528,0,63.0494678489575
10200,0,0,1,50.70342354576588,0,59.35912639242136
10201,0,1,1,60.29153074427545,0,62.44214416826912
10202,0,0,1,32.57635866151425,0,58.02184504299836
10203,0,1,0,59.74842825236043,1,66.07894382902319
10204,0,1,0,60.72171949372266,0,65.85168900969359
10205,0,1,0,35.53423133915975,0,58.33336138290588
10206,0,0,1,26.29092914353541,0,57.29112265601967
10207,1,1,0,68.56291908469056,1,65.54043312434526
10208,1,1,0,58.73187491225134,1,64.46583139677197
10209,0,0,0,64.92179250970707,0,65.95686863885989
10210,1,0,1,55.1920383749712,1,63.72267508980708
10211,1,1,0,65.72441570178434,1,67.7584621992621
10212,0,0,1,47.98472727898177,0,60.30349188082651
10213,1,0,1,44.69317008489847,0,58.31270172991358
10214,0,0,1,47.8296028638973,0,63.38085615485087
10215,0,1,1,43.32445007965083,1,62.15364259267541
10216,0,0,1,52.55388723102235,0,60.9873622692145
10217,0,1,0,48.99776716595303,1,64.81863258958768
10218,0,0,0,40.70790662071339,0,61.81770006401562
10219,0,0,0,47.60860476614309,0,62.47968239569222
10220,0,0,0,45.82261082865658,0,61.70512220831795
10221,0,1,0,40.13087061464138,0,59.53143321522028
10222,1,1,1,22.83347224151821,1,58.00606227876724
10223,0,1,0,62.31885255927436,0,61.99264975792609
10224,0,0,1,31.15105199096348,0,61.09688122910349
10225,1,1,1,76.82134391879011,1,68.86016463068778
10226,0,1,1,46.99636318213072,1,61.03905928839409
10227,0,1,0,43.58348509952868,0,63.76951564324426
10228,1,1,0,58.65491402214936,1,62.8127793843688
10229,0,1,1,47.14280692004306,0,60.18032415273909
10230,0,1,1,41.97082348619766,1,61.39420602148979
10231,0,1,0,41.16450082492207,1,60.25999751564441
10232,1,0,0,39.77605792458406,0,58.58711674027207
10233,0,0,0,23.51047229540972,1,60.30020084380172
10234,1,1,0,51.86714696628849,1,60.2354925700588
10235,1,0,1,31.82981675976694,1,58.22244084700172
10236,1,0,0,36.74314182237526,1,60.67490362112835
10237,0,1,0,42.19623730545955,0,60.39585856910011
10238,1,1,1,60.72060241833746,0,62.79524867355696
10239,1,0,0,57.78716163837515,1,65.79642753827538
10240,1,0,0,52.9476349455005,1,62.22123378109836
10241,0,1,0,48.86466967413159,0,63.67936447134155
10242,1,1,0,33.06996352541283,1,59.65170033719098
10243,1,1,1,51.31839698360109,1,63.23759151483122
10244,0,0,0,34.82422270286244,0,58.9323452155657
10245,0,1,1,34.02471420628125,0,60.0319289057469
10246,1,1,0,47.8461292735587,1,63.99604506587245
10247,0,0,1,36.49309848649461,0,58.27262911444689
10248,1,0,0,64.77980230834653,1,64.68855632466115
10249,1,0,1,45.83645561179873,1,63.01397538171158
10250,1,0,1,34.14009034420081,1,55.75158328310989
10251,1,0,0,65.12047683380615,1,65.06028238095578
10252,0,1,0,76.45695352965254,1,65.67297661928669
10253,0,0,1,36.86836438934836,0,58.26667415102749
10254,1,0,0,42.41390141940908,1,62.75778883034834
10255,0,1,1,38.77399377789138,0,59.14197620409749
10256,0,0,0,63.09082394832181,0,63.36504562808199
10257,1,1,1,60.72390272616761,0,62.72158760345923
10258,0,1,1,42.54925199527841,1,59.87418681202926
10259,0,0,0,47.51694285267228,0,61.52094588302829
10260,1,0,0,42.31394511534026,1,64.10356655400885
10261,0,1,0,38.99156157752127,0,60.42684739396625
10262,1,1,1,55.91540960774996,1,63.56815194521706
10263,0,0,0,58.11749935493734,1,65.71624932507089
10264,1,0,1,49.78408991123361,1,57.76186918380363
10265,1,0,0,46.67685247961722,1,62.42557722282766
10266,0,0,1,35.75346437656464,0,59.99233225323531
10267,1,1,0,53.77758924683929,1,64.4511731814423
10268,1,0,1,39.58318889936086,0,61.40031626510419
10269,0,1,1,57.43116047649622,0,66.26947590116707
10270,0,1,0,43.87643425166668,0,61.5187252099735
10271,1,1,1,37.10864811259122,1,57.07515036359046
10272,1,0,1,49.36254000301187,1,62.49576661765101
10273,1,0,1,48.23778874710954,1,63.82578081792042
10274,1,1,0,53.42179266835203,1,65.34606458141805
10275,1,1,0,50.6264348910311,1,65.34288915929912
10276,0,0,1,49.63472043995863,0,61.411921480877
10277,1,1,1,24.73417791410813,1,60.81599998468763
10278,1,1,1,52.17135169462085,1,59.43925379163549
10279,0,0,0,41.41598828459503,0,58.43967289688629
10280,0,1,0,32.28309828680705,0,61.48097338742834
10281,1,0,1,34.80497106072542,1,58.35245117503533
10282,1,0,0,60.53236826625035,0,66.79135464634929
10283,1,1,0,59.50560213317137,1,66.48717397940928
10284,0,1,0,52.65139258750798,0,64.92379168639079
10285,1,1,0,49.58230203301655,1,60.3568624060672
10286,1,0,1,38.62813791624912,1,64.04326649758988
10287,1,0,1,45.84798780205718,1,59.12044414597182
10288,1,0,0,53.06113684025745,1,63.15974319060506
10289,0,0,0,55.28632947562814,0,62.40008479650368
10290,1,1,1,22.3507394056744,1,58.8671572044768
10291,1,0,1,42.38892141934268,0,60.3728631341724
10292,0,0,1,52.95953539742876,0,64.16453267863302
10293,1,1,0,52.02743359855619,1,65.77281293288888
10294,0,0,0,58.10788463936765,1,61.53552143591077
10295,1,1,0,50.02822361583674,0,61.1007704675639
10296,1,0,0,51.02863363569239,1,63.31630417400663
10297,1,0,1,58.24356087209969,1,63.63622550939738
10298,1,0,0,66.09946600849081,1,66.87744414325029
10299,1,1,0,47.89670435852693,1,65.57024419638088
10300,1,1,1,27.04633053321145,1,57.02103201300616
10301,0,0,0,56.52810958340793,0,60.86120890987939
10302,1,0,1,48.90418805962334,1,62.96317536894849
10303,1,0,1,27.95924442999672,1,60.36510555442083
10304,1,1,1,47.8905168504183,0,59.38621998290811
10305,0,0,1,41.60935375558408,0,58.28134568908418
10306,1,1,1,50.53559081688103,1,64.72492189394535
10307,1,1,1,46.54392477870832,1,62.97745635264363
10308,0,1,1,50.34237993674974,0,66.30518424075098
10309,0,0,1,42.68643812967227,0,60.04651282897377
10310,0,1,0,51.15290414873318,0,63.72508458131015
10311,1,0,1,36.70741016814478,1,60.9329559779994
10312,0,0,1,40.63604131732423,0,60.20167697541515
10313,0,0,0,45.73921111117937,0,60.9096826434326
10314,0,1,0,42.90490768377018,0,62.2074125637192
10315,1,0,0,56.35000446214111,0,62.95082452000555
10316,0,1,0,50.24514165370187,0,59.56987219154509
10317,0,1,1,27.25696230493943,0,56.68793397332401
10318,0,1,1,31.68582408768037,0,56.17760702478141
10319,0,0,0,47.67889276400867,0,61.94837734990686
10320,0,0,1,69.0011740250123,0,65.22133054014861
10321,0,0,1,66.28439563926757,0,61.18748418904299
10322,1,0,0,56.71789543448349,1,64.84779898688036
10323,0,1,1,40.01660351641269,0,58.68678032121377
10324,0,0,1,28.19814063311967,1,58.51220359719539
10325,1,0,1,45.27543782207074,1,65.44357996989595
10326,0,0,0,33.40129486212174,0,62.00054164496309
10327,0,1,1,40.74801801294146,0,59.59716084968325
10328,0,1,1,25.24122267953395,1,57.37330787356971
10329,0,1,1,53.29019969657923,0,61.85847538523519
10330,0,1,0,57.19563305478663,1,66.97166385963126
10331,1,1,0,43.98512593203656,1,62.13818808460268
10332,1,1,1,54.31157781108136,1,66.39130887141205
10333,1,1,0,42.67255316705857,1,64.09980903564329
10334,1,1,1,60.37169612777394,0,63.70713071928537
10335,1,0,0,63.97282752055659,1,67.09434058311037
10336,0,1,0,63.2929608535613,1,65.82444697743125
10337,1,0,1,45.48600503361843,1,62.30705044244646
10338,0,1,0,63.70750618766423,0,68.52617481488994
10339,1,0,0,52.82877730069808,1,65.75321767209579
10340,1,1,0,69.9714463452778,1,65.46455245458604
10341,1,1,1,43.55733876141464,0,58.10665810659059
10342,1,1,1,36.98393134911564,0,59.04612078574942
10343,0,1,0,37.51989886785027,0,60.5439115329165
10344,1,0,1,44.57081525155665,1,62.45556207853587
10345,0,1,1,52.13678103250493,0,64.70521001033421
10346,1,1,0,47.00118674580198,0,62.88061666271107
10347,0,1,1,52.82829010164554,1,62.62696442477728
10348,1,0,0,58.91704539203481,0,66.20141585445076
10349,0,0,0,35.99198664824067,1,62.11157913498111
10350,0,0,0,65.55348163889275,0,62.80204156938278
10351,0,0,0,54.4471514954227,0,63.03744024496437
10352,1,1,0,26.29728125401957,1,61.52472980489598
10353,1,0,0,57.52773076580301,0,65.32980492816962
10354,1,0,0,50.58909359187662,1,62.24383444567895
10355,1,0,0,39.23267593369467,0,61.88773593910814
10356,0,0,0,39.00438545115873,0,62.10328704480698
10357,1,1,0,47.64705112952808,1,62.4408387385693
10358,1,0,0,39.37999847221266,1,63.91838678641101
10359,1,0,0,53.10845375044815,0,62.3704502465319
10360,1,0,1,48.94097516320376,1,63.43808121572601
10361,1,1,1,44.700995089343,1,65.11579841829605
10362,1,1,1,42.41830582726906,1,61.14975436441053
10363,0,1,0,42.13898822392617,0,62.87463154043891
10364,1,0,1,12.55868222542446,0,53.44700476814685
10365,0,1,1,43.92775860592068,0,63.3387381048663
10366,1,0,1,50.96726650965958,1,65.64128924231571
10367,1,0,0,59.71405577416223,1,63.70938902801635
10368,1,0,0,48.89017101702542,0,62.15938743784364
10369,1,1,1,46.40014232027396,1,63.95882244462062
10370,1,0,0,64.34398758029349,1,65.98856181585802
10371,0,1,0,47.73666731173379,1,58.96379685394341
10372,0,0,0,33.88867920354631,1,59.20372627227368
10373,1,0,0,65.23164902837725,0,64.63765066841576
10374,0,1,1,49.29239207748912,0,63.52377599864424
10375,0,0,0,55.52293781477081,0,64.34702299861947
10376,0,1,0,41.05489942485543,0,60.3845682294815
10377,0,0,1,40.15862602612458,0,62.71974970922086
10378,0,0,0,45.99713604896916,1,62.30759917694169
10379,1,1,0,69.04936617424093,1,69.28213888300246
10380,1,1,0,62.4116612621114,1,68.10567733313643
10381,1,1,1,48.441570526051,1,65.01313630405966
10382,0,0,1,38.78901224556194,0,61.69901484691497
10383,1,1,0,45.48725843172673,1,61.94647802054499
10384,1,0,0,37.84906640867261,0,60.11083708359893
10385,0,1,1,60.80892242612421,0,64.20122584077416
10386,0,1,0,43.60600569312869,0,63.57660835417006
10387,0,1,0,48.07770629054836,1,63.47508844226025
10388,0,0,1,63.07233800636619,0,64.0578808578173
10389,0,1,0,50.36478118539221,0,62.80828105750913
10390,1,0,0,45.66450384949623,0,64.69891687726792
10391,1,0,0,53.52432804517766,1,60.79215608415236
10392,0,0,1,50.34946126305698,0,65.17567760235377
10393,0,1,0,42.08156896928386,1,59.8288595259033
10394,0,0,1,49.93109872109677,0,60.58201609968969
10395,0,0,0,32.27724988519462,0,59.41377272688936
10396,1,0,0,46.19858533251091,1,61.03264177099813
10397,0,0,1,54.13174342746706,0,61.87912351791843
10398,1,1,0,63.56781771619728,1,65.87281021892127
10399,0,1,0,35.41601745197229,1,60.30903560195613
10400,0,0,1,53.68286267684121,0,66.71358270736781
10401,1,0,0,52.09806067230928,1,64.43093769573935
10402,1,1,0,62.36820950138618,1,63.58687240285604
10403,1,0,1,38.7870119726298,0,58.57303506691478
10404,1,1,1,41.54131504314638,1,62.33351096678138
10405,1,1,1,57.58941088651747,1,63.96819111676853
10406,1,1,0,32.4135793729528,1,59.16212734548065
10407,1,0,0,49.47128906404949,1,66.59835803757527
10408,0,0,0,46.44912811085457,0,64.06713632249587
10409,0,1,1,36.23287704886722,0,58.83699526176679
10410,0,0,0,51.54019373688336,0,62.81849841498911
10411,0,0,0,45.34562304548168,0,57.84896828267084
10412,1,0,1,48.72940434723024,1,60.53810238813705
10413,0,1,0,42.44033218270391,0,62.89177378731586
10414,0,0,1,51.77825114365837,0,61.51215565606996
10415,1,1,1,48.27024981369787,1,60.52013125831011
10416,1,0,1,46.94440004346141,1,61.77856097926622
10417,1,0,0,51.03760767871988,1,64.35041882361897
10418,0,1,0,75.78648659874568,0,66.65183581233821
10419,1,0,0,57.11340268654189,0,64.24461478359973
10420,0,1,1,28.78475642630008,1,57.33959170800618
10421,1,0,1,38.89531154844233,1,62.35137618602646
10422,0,0,1,41.07917160311921,0,61.47779076109596
10423,0,0,0,59.93484947074042,1,64.29457913193022
10424,1,0,1,52.57034154888608,0,59.51804671301393
10425,0,0,1,57.02452926973341,0,61.919447119124
10426,1,0,0,61.18780649140946,0,65.67033703796471
10427,1,1,1,45.12752228186524,1,63.79648674355597
10428,0,0,0,63.66338190995433,0,63.50890157445016
10429,1,1,0,44.3202740541569,0,63.5488721670667
10430,0,1,0,48.85264246219035,0,62.77997169898109
10431,1,0,0,51.76397265960586,1,61.67069814409755
10432,0,1,0,32.97101102763384,1,59.82832471861536
10433,0,0,0,46.18962101646055,0,64.03712191033277
10434,0,1,0,59.58476620138867,1,64.6448606780299
10435,1,0,0,49.44522700811191,1,62.69008796777801
10436,1,0,1,53.43880351171408,0,60.21335804372504
10437,0,1,1,52.09113746579142,0,60.95634389417577
10438,1,0,0,48.85919482634785,0,61.27056826444678
10439,0,1,0,53.90060698386612,1,63.10204690556488
10440,0,0,1,55.65838779351726,0,64.80931160912968
10441,1,1,0,73.01405005257473,1,66.60827349455502
10442,0,1,0,62.17354252684488,0,63.44979073622836
10443,0,1,0,49.7628147540513,1,61.81549637733659
10444,0,1,0,36.95771974587389,1,63.69984716274378
10445,0,1,1,42.58318041561319,0,55.98426168300949
10446,1,0,1,33.7491700447219,1,58.02900770523851
10447,1,1,1,62.44063601560248,0,61.69322627181353
10448,1,0,1,54.82482417428795,1,60.35991453965874
10449,1,1,0,36.277292479156,0,59.63834916763147
10450,0,1,1,52.15103845291743,0,60.51515743668156
10451,0,1,0,66.29728685416677,0,62.27948194057618
10452,0,0,0,33.89563560465393,1,64.50574890592419
10453,1,1,1,39.83067690857705,1,59.74916930336691
10454,1,0,1,39.47942848686755,1,59.25929429134938
10455,1,1,1,71.02006009867577,0,65.4144223557583
10456,0,1,0,55.92452688985777,1,63.58872994449015
10457,0,1,0,41.07958971871502,0,62.36477147727017
10458,1,1,1,44.1647393459245,1,60.17811877983672
10459,1,1,1,60.16485902155685,1,61.27151691584964
10460,1,0,0,43.1131966285558,1,60.05454662851969
10461,1,0,0,36.02146576706907,1,58.84330564404637
10462,1,0,1,43.93914097000614,1,62.00179488424255
10463,0,0,1,39.55509731091885,0,59.16325366956898
10464,0,1,0,46.57153380119554,0,62.75595675239747
10465,1,0,1,46.27113172431601,1,63.67171426542705
10466,1,1,1,40.32902923659088,1,61.12427158577011
10467,1,0,0,46.99123507673616,1,59.82534732259433
10468,1,0,1,49.53750419628687,1,58.70911753095774
10469,0,0,1,47.89640807789006,0,61.07459379265643
10470,0,1,1,42.84852526124944,0,60.85393078426262
10471,1,1,0,61.51888303777271,0,63.06644268067513
10472,1,0,1,37.10839297857943,0,59.15918114135059
10473,1,1,1,34.00516172413521,1,58.41154917983152
10474,0,1,0,39.8484455455504,0,61.4618809761411
10475,1,1,0,44.3858098087095,1,62.17560587623496
10476,1,1,0,40.9198114962863,1,62.07267896558344
10477,1,1,0,52.75531177458253,0,64.74859977797429
10478,0,1,1,44.72442619167345,0,60.49219774392451
10479,1,0,1,48.88264554122082,1,63.35798970479235
10480,0,0,0,53.52065148854554,0,67.70517638193627
10481,1,1,0,81.85639913273478,1,66.67484920432814
10482,1,0,0,60.20376770144642,0,64.83337635873418
10483,0,1,1,41.54857249595666,0,56.68633237514361
10484,0,0,0,44.05344307646186,0,59.30780330254426
10485,0,0,1,42.48041147877593,0,60.91346569222038
10486,1,0,0,48.18632486183361,0,63.3718486545569
10487,1,0,1,38.3106929428904,1,63.38439798643812
10488,0,0,0,44.21113118228945,0,61.70626882995319
10489,1,0,0,41.25504020516092,1,60.18199361024001
10490,1,0,1,46.39527241863556,1,58.44444459862036
10491,1,1,0,58.76372904237506,0,60.49628585364766
10492,0,1,1,68.43826390800379,0,65.09370269746618
10493,0,0,0,52.33397989786497,0,65.2352026205224
10494,0,0,0,55.842657884046,1,62.61755047776276
10495,0,0,1,33.78762028713832,0,56.45371851460989
10496,0,0,0,48.21098811398656,1,60.40822224194929
10497,1,1,1,52.88167800327514,1,65.93590587357144
10498,0,0,1,40.62047908044806,0,62.26730532343736
10499,0,0,0,66.40103694823176,0,64.78545407126238
10500,1,1,0,67.46279693295467,1,63.25604190603764
10501,0,0,0,36.57011089965503,0,61.98743566039327
10502,1,1,0,51.57511964148276,1,65.63251309932603
10503,1,1,1,56.07087462753352,0,58.8388583158389
10504,0,1,0,55.62775595816441,0,66.05921888490721
10505,0,0,0,36.90862357599731,1,59.96073262560324
10506,0,1,1,29.98005588296066,0,59.27075890438626
10507,0,1,1,26.08645976338902,0,58.1814233222976
10508,1,0,1,54.46719317873337,1,62.81660078155318
10509,0,1,1,62.65037131407959,1,62.59246977921006
10510,1,1,0,61.22049213864443,0,65.42492183747217
10511,1,0,0,45.38890841121598,1,63.57709476257786
10512,1,0,1,57.2848883849914,1,64.72457501318721
10513,1,0,0,43.62462401559337,1,60.83000621054363
10514,1,1,0,71.65349386566332,1,69.78170825891046
10515,1,1,1,54.23609671154741,1,62.08679806837499
10516,1,0,1,50.19812273039609,1,60.75036220529246
10517,0,0,0,34.66676416024633,1,59.59045773137414
10518,0,0,1,41.71031775998918,0,59.83908276242317
10519,1,0,0,62.46808651856541,1,65.0005086612599
10520,1,1,0,47.34044232108548,0,62.90548237900752
10521,0,0,1,35.15574324161827,0,57.92202430091481
10522,0,1,1,38.89026284779983,0,62.17476300106479
10523,1,1,0,65.00792116490143,0,67.44392377793096
10524,0,0,0,40.80154877690305,0,59.86647977139016
10525,1,0,0,46.8357842284391,0,63.36332272970896
10526,0,0,0,38.50254825350146,1,58.33152909052038
10527,0,1,0,44.33960173867634,1,65.43533828779353
10528,1,0,1,52.23119409574271,0,63.18844022665409
10529,0,1,0,36.9210230592829,0,61.66412233369862
10530,0,0,1,41.91333747915865,1,64.03754677408074
10531,0,1,0,42.71968362583124,0,62.01266341734537
10532,0,0,1,48.02036110147157,0,63.0805283498776
10533,0,0,0,40.69865134244416,1,60.95796308712394
10534,0,1,0,32.86346908074854,1,61.44153762767939
10535,1,1,0,69.98578779199238,1,67.21797675412657
10536,1,1,0,46.32972950244951,0,63.80722746256139
10537,1,1,0,30.60783274018986,0,58.58426506403875
10538,1,0,0,42.51211386067428,1,64.26718055463655
10539,1,1,1,42.46743968697383,0,62.74599957900538
10540,1,1,1,45.96126568697129,1,59.70979169382019
10541,0,0,0,37.44314650946453,1,63.28305303844483
10542,1,0,0,47.11666566859041,1,64.46814433055972
10543,0,1,0,61.30089385445469,0,66.52969192417326
10544,1,0,0,51.64340855909214,1,62.42819049269177
10545,0,1,0,60.04923567791123,0,67.61590802353876
10546,0,1,0,39.20590954659448,0,63.98336249509502
10547,1,1,1,56.4169799027062,0,62.48934900606162
10548,1,0,1,39.12388094054505,1,60.79102466313746
10549,0,0,1,43.68957209671061,0,61.75397462129075
10550,1,0,0,57.22026634069589,0,64.74579196082068
10551,0,1,0,46.21203739189222,1,63.81329308068128
10552,0,1,0,54.77239611942309,0,66.02915472566136
10553,0,0,0,37.74065723615563,1,59.09384511373045
10554,0,0,0,62.18316362980688,0,62.69933164758751
10555,0,1,1,36.34190677107198,0,59.12300376816642
10556,0,0,1,44.53941629949971,0,58.84306711132104
10557,0,0,1,38.50674718068701,0,60.66667058763421
10558,1,1,1,39.56223775877703,1,62.69983556797172
10559,0,0,1,43.4028212846819,0,57.71902112653172
10560,0,0,0,27.9189628357504,0,56.24980624375956
10561,0,0,1,39.28187361085772,0,60.70924181794929
10562,0,0,0,40.58274116289077,0,60.82155181968115
10563,0,1,0,53.02905231062307,1,64.22909060989147
10564,0,1,1,33.99396799216042,0,62.65179915287424
10565,1,0,0,42.30417993973098,1,62.04728857930338
10566,1,0,0,53.32532533899835,1,67.7248683624782
10567,0,1,0,48.00779671384394,0,59.6702223585572
10568,1,0,0,47.92301617922372,0,59.63080113675633
10569,1,1,1,40.47660225952888,1,63.92594052411275
10570,1,0,1,38.53722416281823,1,58.35416772881516
10571,0,1,1,59.80412515266466,0,62.71791848467119
10572,0,1,0,43.5320096639818,0,60.15701093112733
10573,1,0,1,46.69110132706176,1,63.47711096703908
10574,0,1,0,57.40930458962085,0,64.02052372570166
10575,1,1,0,44.98082541872076,1,62.18080625164593
10576,0,1,0,40.08615837100706,0,60.4148619557503
10577,1,0,1,58.49969541033089,1,64.20836173558445
10578,1,0,0,45.25423595649561,0,59.4277913809886
10579,1,0,1,63.05869025672486,1,63.49276799494174
10580,1,0,0,34.56507599746674,1,60.87223324413078
10581,0,0,0,59.42615148574323,1,66.27336114082802
10582,0,1,1,52.99556554106955,0,64.97011396231889
10583,1,0,0,62.82754559157724,0,61.09378005175956
10584,0,0,1,42.32291834129207,0,60.6595078112267
10585,0,1,1,44.40492491097606,1,59.48847037220033
10586,1,0,1,53.27224028952457,1,63.36892126134052
10587,0,0,1,32.85139172406336,0,57.41481493125591
10588,1,1,1,48.96385956601562,0,63.70627693230728
10589,1,1,1,44.19946545019392,1,66.44914212032468
10590,1,1,0,32.27862367815868,1,61.27344522032012
10591,1,1,0,61.02450870844578,0,62.18763809763657
10592,0,0,0,50.16460023555619,1,62.86584544894141
10593,1,1,1,39.69423601756164,1,59.18850774834222
10594,1,1,1,43.36044910526075,0,55.38257597933094
10595,1,1,0,54.85731735949636,1,63.28875781532214
10596,0,0,0,46.3858418865964,0,61.61446206305479
10597,0,1,1,64.44788750010122,0,61.51313986404218
10598,1,1,1,42.95642543306164,1,59.84649171185354
10599,0,1,0,70.17049633635534,0,65.19214409244458
10600,0,0,1,33.83009722759387,0,62.08122298540398
10601,1,1,0,69.08933669157676,1,68.04154875352417
10602,0,1,1,44.43245686072236,0,61.15820301778947
10603,1,1,0,51.04805599733344,0,63.25435776959949
10604,0,1,1,39.49876095552224,0,61.93899239257176
10605,1,1,1,41.45124478865716,1,60.18853005266037
10606,1,0,0,53.31671523104222,1,66.94570602473767
10607,0,1,1,50.1544194637562,0,60.64774112194279
10608,0,0,1,57.17633960897013,0,62.73421333648893
10609,0,1,0,41.73397245430142,0,59.05255500302579
10610,0,0,1,54.53995287796683,1,61.55567658317002
10611,0,1,0,44.4382814923678,0,60.35111572076536
10612,0,0,0,54.79725885421024,1,63.13861805514936
10613,0,1,1,33.71203547087538,1,58.85780319109165
10614,0,1,0,46.66872878665794,0,62.19078240927233
10615,1,0,1,43.77929549976469,1,62.72846805959313
10616,0,1,0,37.83787395891292,0,64.24253189138875
10617,1,0,0,32.78147763758857,0,59.50234060999799
10618,1,0,0,45.00272680419336,1,62.27854212040162
10619,1,0,0,55.02029810500208,0,65.36281061291426
10620,0,0,0,67.96390010815621,0,64.21420847973883
10621,0,1,0,50.37275930345298,0,64.86685093743158
10622,1,0,1,41.31773250142345,0,61.15095464159796
10623,0,0,1,55.09872682728637,0,61.95432527156032
10624,0,1,0,49.13727272716332,0,63.5363151492671
10625,1,1,1,50.20817335660625,1,58.9451228426533
10626,0,0,0,54.21897397024844,1,61.4626461808019
10627,1,0,0,54.56319184828067,0,61.20725424992693
10628,1,1,1,67.4173087711966,1,65.50093773729292
10629,1,1,1,49.8675699489648,0,62.32132879447506
10630,1,0,1,56.57239071134592,1,66.08106910247011
10631,0,1,0,49.73892894560696,0,59.07030276586713
10632,1,0,0,36.87827187945637,0,58.53021099146039
10633,0,1,0,64.69742067883035,0,65.35574956539372
10634,1,0,1,46.64342791007407,1,59.20374991336683
10635,1,1,1,47.15714795749893,0,62.06202107156928
10636,0,0,0,53.32453858469885,0,62.65441417612281
10637,1,0,0,56.98799442624468,1,63.48579305014857
10638,0,0,0,47.24739553356238,1,61.85808080362484
10639,1,0,1,47.36361678624917,1,61.48175037366921
10640,1,0,1,65.27518887233398,1,65.37765922427441
10641,1,0,1,54.21032015619004,1,64.84370717018885
10642,1,0,1,28.95914832579242,1,53.78463650077104
10643,1,0,0,33.98019752210077,0,63.32877009650512
10644,0,1,0,45.75650827712413,1,64.56110574611129
10645,1,0,1,59.92189330688127,0,62.0157856187713
10646,1,1,0,55.85592430543488,0,64.54487794908795
10647,0,0,1,57.71758179408622,0,62.55892484185613
10648,1,1,1,58.25128094875024,1,58.45553639097737
10649,1,1,0,50.47109642227828,1,65.30306403707723
10650,1,0,0,52.7696221602074,1,65.31457504078918
10651,0,0,0,42.05478984285234,1,61.2130272674931
10652,1,0,1,47.79971671650758,1,62.9672760438649
10653,1,1,0,65.14589588070071,0,64.39661650754702
10654,1,1,0,48.36017310157211,1,63.80764550332172
10655,0,0,1,57.82284712001728,0,60.5784145162223
10656,1,0,1,42.26703949255716,1,60.71306406428315
10657,0,0,0,42.56503868532462,1,64.48068054430931
10658,0,0,1,49.36905332939727,0,63.47409600237062
10659,0,1,0,50.48519104246824,0,64.85723895774842
10660,0,0,0,46.25099035770818,0,61.72317643060855
10661,1,1,1,36.50848351083203,1,61.89894189471637
10662,0,0,1,55.91039519540337,0,61.74897673518573
10663,1,1,1,52.3572540629912,1,60.74345906868691
10664,1,0,0,46.89395870184223,1,65.15922755973276
10665,0,0,1,54.16378762553036,0,64.51141397358593
10666,0,1,1,42.01874638613596,0,60.08505735123
10667,1,1,0,73.85623333241661,1,65.62622346819202
10668,0,1,1,49.7119830477199,1,62.49108719025094
10669,0,0,1,40.7234753440776,0,58.62777219478623
10670,0,1,0,58.11393498727181,0,66.51609118095737
10671,0,0,0,50.03693955217226,0,63.76933262685539
10672,1,0,0,68.16884970162302,0,65.34577488924027
10673,1,1,1,38.07668136415435,0,59.77750284826589
10674,1,1,1,26.20166041147679,1,58.88104427702162
10675,1,1,0,34.96325810952892,1,62.69325817930098
10676,1,1,0,69.42630088936406,1,66.29825979511915
10677,0,0,0,48.72818210340477,0,62.67415621737999
10678,1,0,1,48.43269637347841,0,57.36871777653025
10679,0,0,1,55.18076135797546,0,61.9253755737268
10680,1,0,0,51.46945433824506,1,63.02027785769729
10681,1,1,1,54.08977889440126,1,64.041130425235
10682,1,0,0,48.73362067834081,1,61.15571407225553
10683,0,0,1,44.14056736360465,0,62.3737686275685
10684,0,1,0,61.34650016513069,0,60.91811018597317
10685,0,0,0,71.08235733869577,0,69.13644928201835
10686,0,1,0,51.28812471838757,0,66.59415076147944
10687,0,1,1,47.84140662481618,0,58.10608200891796
10688,1,1,1,41.09490272599464,0,57.46672307278911
10689,0,1,0,55.24736031060118,0,63.23164095441283
10690,0,0,1,62.75823636942726,0,62.77948857993687
10691,1,0,1,42.29179127697802,1,62.63928682651684
10692,0,0,0,61.04068686099733,0,66.48709577213651
10693,0,1,0,57.02981324575878,0,64.46405212669113
10694,1,0,1,38.40576393223572,1,57.6280998466348
10695,1,1,1,30.6390353589172,1,60.04802856921327
10696,0,0,1,41.40289383642715,1,57.49999802754097
10697,0,1,1,33.56495218332428,0,57.71337519307571
10698,1,1,1,57.01380003817808,1,62.67068069871409
10699,0,1,1,40.07856471759438,1,58.46088938360896
10700,0,0,0,40.5943594713154,0,60.92638208964809
10701,0,1,1,49.95136454326536,0,61.77997324097534
10702,1,1,0,57.17024231990048,1,66.04708863319129
10703,1,1,1,35.86534347801462,1,62.73087121165285
10704,1,1,0,37.83129724551056,1,61.51047137091989
10705,0,0,1,34.7667922918924,0,59.42369175755213
10706,0,0,0,34.77825275751415,0,59.2436410532634
10707,0,0,0,53.84162810713315,0,63.01886087351488
10708,0,0,0,54.1222207063995,0,62.36988710192809
10709,1,1,1,37.91781444333924,1,59.30249370621126
10710,0,0,1,40.58211579973695,0,60.47072196350561
10711,1,1,1,37.09511800087043,1,58.75455286604494
10712,1,1,0,36.80583274737025,1,60.54169671013308
10713,1,0,1,58.69516738642695,1,63.7899769595702
10714,1,1,1,53.56915045753429,1,64.28502996427244
10715,1,1,1,33.95256065200556,1,59.78555051170684
10716,0,1,0,45.49822738439985,1,62.40139288190912
10717,0,0,1,32.30947363984927,0,60.59652602875979
10718,1,1,1,53.80476792094466,1,62.76177054911763
10719,0,1,0,56.75533156123691,0,64.26057392462695
10720,0,0,0,56.45175083153525,0,63.52355002484904
10721,0,0,1,45.66677093835531,0,59.76672410719132
10722,0,0,0,48.03492306746324,0,60.51972761081027
10723,0,0,1,63.23367759926348,0,64.44690444108289
10724,0,0,1,50.35628358947238,0,62.35223943144131
10725,0,1,1,48.60947221310176,0,59.69322717556053
10726,0,0,1,44.73286873328271,0,57.21217361692889
10727,0,0,0,51.20755770619437,0,64.29600788236067
10728,0,1,1,28.61492886494536,0,57.40104800669403
10729,1,0,0,55.88151058684097,0,62.7702890682811
10730,0,1,0,47.88242096156201,0,62.72550478171702
10731,0,0,0,35.49400269011995,0,58.90185966995919
10732,1,1,1,43.27628398425011,0,60.71807422787285
10733,0,1,0,58.04681628506061,0,62.26278794204693
10734,0,0,1,60.72924256906494,0,65.51850575248541
10735,1,1,1,30.79114752679167,1,60.08113061408774
10736,0,0,1,27.92397709998114,0,57.87014029072688
10737,1,0,0,46.4085906344426,0,60.6372805879454
10738,0,1,0,55.42037241240364,1,63.16344035778677
10739,0,1,1,46.60300592704576,0,60.64353791632322
10740,1,0,1,62.79413673973993,0,64.06617392938476
10741,1,0,1,46.24942866157225,1,61.24151991832414
10742,1,1,0,57.86289957643923,1,65.37851760098064
10743,1,0,0,52.2560093796145,1,62.51330857908344
10744,0,1,0,50.59669215822079,0,64.44092365518996
10745,1,0,1,47.59143151678643,1,61.52299209534505
10746,1,1,1,54.18504311622095,0,63.04174744493642
10747,1,1,0,67.8903568045845,0,64.88610748228386
10748,0,1,1,42.07272126014357,0,57.03584427165892
10749,1,1,1,41.85428260725244,1,59.67435094546987
10750,1,1,0,58.49698267583085,1,64.18994454830379
10751,0,0,1,49.95625727257801,0,64.45042113716643
10752,1,1,1,41.04565472740452,1,59.75173340960935
10753,1,1,0,62.78886667316026,1,64.42862289934564
10754,0,0,0,46.65264587363632,1,61.23500687694267
10755,0,0,1,40.12430836511119,0,57.74979416486099
10756,0,1,1,50.01534198681367,0,60.96637992065289
10757,1,1,1,51.74524531643993,1,61.77304172488893
10758,1,1,1,62.49540613960479,1,66.36356994160795
10759,1,1,1,63.28811131716459,1,60.32584831066424
10760,1,1,0,63.93544516896628,1,65.3290693473373
10761,0,1,1,48.97125192163828,0,62.37554791862497
10762,0,1,0,44.62765126460899,1,61.77697086736525
10763,1,0,0,44.03768801652016,0,61.82722275564468
10764,1,0,0,68.65897257409968,0,64.71776540973185
10765,1,0,0,43.36148356127966,0,61.87566210800821
10766,0,0,1,42.34450265126532,0,58.67038248814867
10767,0,0,0,43.8114454500507,0,60.01583120444415
10768,0,1,0,60.01459256585554,0,60.35697051213935
10769,0,0,0,38.49647052214826,1,59.45898172103983
10770,1,1,1,34.28238486371632,1,63.97192679987539
10771,0,0,0,47.1221841722495,0,59.64469500620982
10772,0,1,0,44.32242705375051,0,60.19526934537672
10773,1,0,0,35.31655634821121,0,59.66024104995442
10774,1,1,1,49.8474947040858,1,62.74493896816038
10775,0,0,0,58.49927896492208,1,66.12792247489041
10776,0,1,1,35.42434455330078,0,58.67325750502985
10777,1,1,0,63.24160212205182,1,63.01814300364451
10778,1,1,1,50.38131983297668,1,61.03641519562342
10779,0,1,1,33.56427342011627,0,60.92486471136768
10780,1,0,0,39.37273098932235,1,61.03954541500622
10781,0,1,1,63.11086301895524,0,62.15376656668792
10782,1,1,1,31.62317951594011,1,59.71791027682549
10783,1,0,1,52.22395913193205,0,61.2145717528031
10784,0,1,1,57.50699377083616,0,62.88619013398674
10785,1,0,0,26.22106850280278,0,59.2966976341709
10786,0,0,1,33.2594353942177,0,58.93823138159306
10787,0,1,0,51.33918086244151,1,61.71603881313634
10788,1,0,1,38.58499388536097,0,58.20373228664306
10789,0,0,1,60.79680876607669,0,62.03279685747881
10790,0,0,1,50.01641979187038,0,61.49093021128932
10791,0,0,1,49.05286271191023,0,59.69501892969586
10792,0,1,1,30.79941884053178,0,58.28937003630543
10793,0,0,0,52.05452962982272,0,64.38258064075455
10794,0,0,1,53.91822541166544,0,60.16321857992947
10795,1,0,1,40.59886281358523,1,61.2479811380558
10796,1,1,1,50.15723855741984,0,61.77789666509323
10797,1,0,0,62.40970125944884,0,66.16277672784348
10798,1,0,1,54.5608631884847,0,62.73309288754807
10799,1,1,1,30.5264971519508,1,60.52502822591121
10800,0,1,0,38.33252850303364,0,59.23633461148921
10801,1,1,0,47.44821907130062,0,61.68089911431105
10802,1,0,1,55.76984003299105,1,63.9981165325292
10803,0,1,0,50.27205613356521,0,63.71347913365405
10804,0,1,0,54.18060243194275,0,64.80957753619541
10805,0,1,1,39.63819870301141,0,58.44030619926519
10806,0,1,1,56.69006271368264,0,60.42136619105968
10807,0,1,1,41.61153047021494,1,60.30120152340202
10808,1,0,1,57.39273805043051,1,63.92377060516954
10809,1,1,0,63.51797185254442,1,65.89163040726866
10810,0,0,1,46.57221552880317,0,59.69798258453975
10811,0,0,1,55.17576974324759,0,61.75948806253268
10812,1,0,1,41.69485604836098,0,56.12942513411112
10813,1,1,0,54.82447291039038,0,62.3889911689411
10814,1,0,0,50.29885801467095,1,64.0971431976713
10815,0,0,0,50.13531247285882,0,62.36883384016065
10816,1,0,1,47.61196438107115,1,60.70029996227468
10817,0,0,0,43.78684734334644,0,63.1166780084085
10818,1,1,1,25.11043615378064,1,60.81803948122168
10819,1,0,0,41.3359323499515,1,62.81733760660441
10820,1,1,0,41.64460461703467,0,62.07275080606309
10821,0,0,1,49.01748497225508,0,61.87169514978821
10822,0,1,0,35.34680596914589,0,59.98507184136619
10823,0,1,0,26.08316454928141,0,62.35436606081056
10824,0,0,1,56.10322990665539,0,61.37748213466274
10825,0,0,0,29.4743199729093,0,58.32082923930885
10826,1,1,0,51.9653420922244,1,65.40374689898178
10827,0,1,1,59.24466113372173,0,62.26889811643358
10828,1,0,1,50.67421327689331,1,61.9970298747829
10829,1,0,1,39.37614241212638,1,61.65554285441991
10830,1,1,1,46.93644753197267,0,59.97635221402251
10831,0,1,0,55.65677930075169,0,62.01717525857184
10832,0,0,1,38.05484693270089,0,57.91538092205525
10833,1,1,0,39.41549903352017,1,56.87689324954537
10834,1,1,1,58.8859929647004,0,61.89882280442022
10835,0,1,1,52.04584700487591,0,64.43224021198739
10836,0,0,1,49.03979484962866,0,59.82302606245376
10837,1,1,0,56.68608044631838,1,67.47824159931466
10838,1,0,1,41.62494832515026,1,60.87819820747944
10839,1,0,0,64.3360180270645,0,66.5462211992205
10840,0,1,1,47.93871263927618,0,60.76520477170864
10841,0,0,0,52.94480354427525,0,62.2818750257162
10842,0,1,1,41.54840077654267,0,59.50707819278188
10843,0,0,1,41.55034417774972,1,56.55515610337414
10844,0,1,0,52.10603830775982,0,63.85878863356758
10845,1,1,0,33.67279632059255,1,61.7820511969452
10846,0,0,1,50.35814986195003,0,61.70589035527863
10847,1,0,1,38.98200044576221,1,60.03456646968412
10848,0,1,0,41.47827583751292,0,63.07620241135866
10849,1,0,0,40.23648446902996,1,61.12586929083516
10850,0,1,1,41.10633511769458,0,59.70614823641574
10851,1,0,1,51.87136398218182,1,62.89415155072697
10852,1,0,0,51.03100399220841,0,63.38026877235982
10853,1,0,0,44.53574304778591,1,64.72107131947581
10854,0,0,0,33.99598291504397,0,58.9225531124743
10855,0,0,1,47.33932335749058,0,58.41682488509141
10856,1,0,0,28.72065735612289,1,59.70246003656209
10857,0,1,1,45.30302686552477,0,57.70695961482485
10858,1,1,0,47.29662762599279,0,63.68479737906932
10859,1,0,1,43.94214793952183,1,63.4494689964413
10860,0,0,0,63.80785295025271,0,68.85115777563254
10861,0,0,0,64.90918083103583,1,62.52153052191417
10862,0,0,1,49.67924101554399,0,59.31390352845727
10863,1,0,0,37.86147956215247,1,62.73738075177577
10864,1,0,0,59.28156664950156,1,66.33311783942635
10865,0,0,0,44.86556802723391,0,62.23725676168448
10866,1,0,0,54.11083601439635,1,66.61259693369769
10867,0,0,1,42.32184847157335,0,64.59898205457985
10868,0,1,1,49.46519486444605,1,62.28401269478945
10869,0,0,1,56.47076119029154,0,60.59768950723745
10870,1,1,0,73.37788028461034,1,63.74801356192687
10871,0,1,0,54.9857007872201,0,66.20663702195115
10872,0,0,1,43.90914251144329,1,59.98177577267936
10873,0,1,0,59.24081399828095,0,66.21363231827448
10874,0,0,0,64.60762102900595,0,66.07078467961047
10875,1,1,0,51.92332107022384,1,64.6141987768509
10876,0,0,1,41.75069618113352,0,58.11134443301184
10877,0,0,1,50.09549960849172,0,61.10803520085079
10878,0,0,1,36.91776452971897,1,60.43651232590347
10879,0,1,1,50.93835707537426,0,63.25249341588971
10880,0,1,1,48.50026665273911,0,63.906471039464
10881,1,1,0,54.83309165298118,0,63.26753826465063
10882,0,1,1,49.09301636609194,0,61.64300447867836
10883,1,0,0,33.64214299801672,1,58.8952160622867
10884,1,0,1,55.86437273780382,1,61.79986230665803
10885,0,1,1,39.29842012257615,0,58.90354498185747
10886,1,1,1,54.67376165379439,1,61.16666566423166
10887,0,0,0,37.36359485251293,0,63.09231748204321
10888,0,0,1,46.77258541960953,0,60.37422454496286
10889,0,1,0,55.39176581492316,0,63.29612489576327
10890,1,0,0,59.41872015984753,1,62.04134059560069
10891,0,0,1,33.99377423715026,0,59.2945372186017
10892,1,1,1,55.65558543888353,1,62.54028867596899
10893,1,1,1,41.77828834308551,1,60.92392868934827
10894,0,1,0,41.43046005572845,0,62.41829942528771
10895,0,0,0,56.67239079363993,0,64.68349940214384
10896,0,1,1,42.11383881346754,0,60.18935460869922
10897,0,0,0,61.29540900752389,0,64.56336579508564
10898,1,1,1,43.68041570212248,1,58.79493454672174
10899,0,0,0,43.11952655341192,1,59.66964444170229
10900,1,0,1,63.95004664146347,0,63.53819991575348
10901,0,0,0,39.68786838819007,0,60.43141232683151
10902,0,1,1,52.79053723569284,1,60.66551135703885
10903,0,1,1,51.35318343172721,0,63.52046308580617
10904,0,1,1,59.01130548223382,0,65.27665134216217
10905,0,0,0,48.3873971719051,0,58.86540873363245
10906,1,0,1,55.52706360480103,1,66.31774868905974
10907,0,0,1,23.35446028259939,0,57.09755568124908
10908,1,1,1,56.43962729771379,1,61.55620890853688
10909,0,1,1,24.84679336200645,0,56.9569754027816
10910,0,1,1,51.29117801400636,1,61.48385664474217
10911,1,1,0,40.69685541626509,1,63.93923003432842
10912,0,1,1,49.44395681151093,0,62.27257159060977
10913,0,0,0,40.7277446294154,0,62.68597888074731
10914,1,1,1,45.48118410914513,1,63.32181440192486
10915,1,1,0,44.61422465952727,0,61.35976273888502
10916,1,0,0,56.74569360622541,1,64.57711946507663
10917,0,1,1,55.06298284846446,0,63.04910202134559
10918,1,1,1,54.04472681924508,1,62.46384059099944
10919,1,0,1,28.69853327206316,1,59.10285983630656
10920,0,1,0,71.89880678718279,0,66.7108461051493
10921,1,0,0,52.98775617966617,1,62.27717306660432
10922,1,1,1,46.27740222941694,1,59.44939334540797
10923,1,1,0,68.16999224882846,0,67.22873424641944
10924,1,1,1,57.62165950997317,1,62.41312354790565
10925,0,0,0,43.7441378980756,0,60.44100484836851
10926,1,1,0,51.9681193866417,1,62.78740296221967
10927,1,1,1,55.08232026421768,1,62.69482015691721
10928,1,1,0,49.05260754217727,1,65.55426572927583
10929,0,1,0,57.74145464464637,1,65.67263072285168
10930,1,0,0,55.15724290288721,1,61.96045361366052
10931,1,1,0,45.69328935566657,1,63.03280609807588
10932,1,0,0,63.76757738645819,1,65.89060832312524
10933,1,1,1,51.72227250764058,0,62.85288928889273
10934,0,1,1,45.24706752857522,0,59.85697970420139
10935,0,0,1,44.90779749695611,0,61.09165837541023
10936,1,1,0,54.91868100526617,0,61.77540304038915
10937,0,1,1,46.66585240012116,0,62.55248974043066
10938,1,1,0,57.67434628466747,1,64.22577426343054
10939,0,1,0,38.92499440253954,0,58.8630614436301
10940,1,1,1,54.69930051439728,1,62.93933225594476
10941,1,1,0,54.28128640210829,1,66.7103732732073
10942,0,0,0,59.95812494775093,1,63.42273381988884
10943,0,1,1,67.3003137639881,0,66.21305078904845
10944,0,1,0,51.12756582571649,1,63.08374444916835
10945,0,0,0,67.11251895582795,0,61.55662688321224
10946,1,1,1,46.56699119202288,1,66.7674203396608
10947,1,1,0,53.15022569117374,1,61.65608877171067
10948,0,1,1,52.88117841454589,1,60.41596204265031
10949,1,0,0,55.49389537362052,1,63.52796164312253
10950,0,0,1,58.79453188896534,1,60.44308831965628
10951,0,0,0,57.16156717296136,0,60.85771637552328
10952,0,1,1,51.09796922668422,0,59.72200532951172
10953,1,0,1,35.01878839490698,0,60.55632007254315
10954,0,0,0,36.15055244612488,1,60.9359418896204
10955,1,1,0,50.58334556257557,0,62.03669767422505
10956,0,0,1,49.79521170744137,1,57.26373773934935
10957,0,1,0,53.94620285441158,1,62.72302232068239
10958,1,1,1,57.04539516953186,0,63.91578082641485
10959,0,0,1,51.02965276885273,0,60.07389977195179
10960,1,0,1,59.62006161027018,1,60.8945591051854
10961,1,0,0,55.29812318066614,1,64.74827651748002
10962,0,0,1,41.43628743719836,0,58.62643854286777
10963,0,1,0,50.00303763760704,0,63.75482684606453
10964,0,0,0,50.97780119145514,0,61.66439574377826
10965,0,0,1,41.13197141214608,0,57.79363676206304
10966,0,1,1,45.65809022704755,0,61.27250809402268
10967,1,1,1,42.24966419078628,1,59.72270499010029
10968,0,1,1,39.31539401731287,0,61.56574549966219
10969,0,0,1,37.53118851627502,0,60.1887080072624
10970,0,1,0,53.87334422271584,1,63.12465581107087
10971,1,1,0,38.33949381211409,0,63.20957095118862
10972,0,0,0,67.76168749103246,0,64.19461085777063
10973,0,1,1,45.5216151237236,1,60.83634414632425
10974,1,0,1,60.0337408080759,1,63.79749507503143
10975,0,1,1,48.48076336390881,0,63.19175302482872
10976,0,0,1,51.49325062360374,0,61.88927872123141
10977,0,0,0,66.80992768360456,1,65.71232418927926
10978,0,0,0,35.67574457611314,0,59.4007928289476
10979,1,0,1,48.78655859827089,1,63.92903948810257
10980,1,0,0,51.61781761019884,1,60.88541887021284
10981,0,0,1,44.86572532549069,0,59.14854474759559
10982,1,0,1,54.15521289862694,1,62.71219720522318
10983,1,0,1,45.98296883179091,0,60.976460354377
10984,1,0,0,52.58811410650801,1,61.9515908486869
10985,0,0,1,58.23056074859901,1,58.25296016581569
10986,1,0,1,45.63944059505179,1,63.33843107077965
10987,0,0,0,38.47753418778435,0,60.45899194643737
10988,0,0,0,25.82079315303177,0,57.46836540824424
10989,1,1,0,57.22453960352203,1,65.66992013163788
10990,1,1,0,64.28884846799536,0,65.08326556157142
10991,1,1,0,62.56938084341985,0,65.09280434448155
10992,1,1,1,62.38393723216543,1,67.33730219677282
10993,0,0,0,39.6539566009281,0,60.30202925015916
10994,0,1,0,47.27957021274236,0,62.21536664666101
10995,0,0,1,36.58285052254507,1,57.31764722085454
10996,0,0,1,41.93134677906357,0,59.35894776547031
10997,0,1,1,64.91987866039949,0,64.87282950812772
10998,1,1,0,42.39418358448403,1,64.95887579489978
10999,1,1,1,46.87092991933643,1,61.72155183828131
11000,1,1,0,50.55888897684478,0,58.92974468100971
11001,1,1,0,47.50661868266365,1,61.66251453926402
11002,0,1,0,58.72812624344625,0,63.11749873310705
11003,1,1,1,52.27354037214442,1,62.45223844954072
11004,1,0,1,41.29689493710107,1,62.92558305063947
11005,1,0,0,40.14123763188895,0,63.92478597829584
11006,0,0,1,52.80644157854049,0,61.06737799906016
11007,0,0,1,55.43653285285747,0,64.99843726952419
11008,1,0,0,60.55230481951583,1,61.4704702720307
11009,0,0,0,45.78449815619678,0,60.94604151868155
11010,1,1,1,54.48839449749426,1,61.91474564253853
11011,0,0,1,47.90108410861017,0,59.52126878938212
11012,0,0,0,62.40472928224023,1,65.92488249992537
11013,1,1,0,40.97337081191993,1,60.5208803705799
11014,0,0,0,34.16037282478575,0,55.87943498718702
11015,0,1,0,58.7413369070065,0,61.44777918480733
11016,1,1,0,52.89597233369889,1,67.5089941799246
11017,0,0,0,40.16923015609691,0,60.97664363589345
11018,1,0,0,49.80658895260779,1,62.06918356293804
11019,0,1,1,55.21516876958005,0,64.59350458220607
11020,1,0,1,49.83283640765887,1,63.44550562167104
11021,0,1,0,46.06006236085679,1,64.80175044573089
11022,0,1,0,58.06657116259696,0,62.56797354036717
11023,1,1,1,21.73353031142827,1,59.17617699597015
11024,1,1,1,53.21997103079675,0,63.62247379237802
11025,0,0,1,44.06180041727987,0,60.3704819631798
11026,0,0,0,47.18582300792563,0,58.70527387480671
11027,0,1,1,55.22421743499812,0,62.83698645118236
11028,1,0,0,60.53245522878762,0,65.06293809480226
11029,0,1,0,51.38782800735496,0,62.4577432966062
11030,0,1,1,37.97452708914754,0,60.22658503287104
11031,1,0,1,56.90554459683851,1,65.6519172220861
11032,0,0,1,35.44066601495548,0,58.58890689156559
11033,0,0,1,66.63484823487065,0,64.35612959495468
11034,1,0,1,50.17601058719723,1,63.21635846619242
11035,1,0,0,47.42846098170267,1,60.20535367297498
11036,0,0,1,31.22322790848715,1,61.05508128714219
11037,1,0,1,46.27058702259256,0,60.95085423331342
11038,1,1,1,41.06358264170593,1,63.83678066715819
11039,0,0,0,45.63673497955584,0,63.99134961144767
11040,1,1,0,57.77877699314126,0,63.74390134009065
11041,0,0,1,39.24459256918021,0,58.9255451037295
11042,1,1,1,36.21148674510947,0,61.61697674080268
11043,1,0,0,59.01193407416229,0,62.29916864197403
11044,1,1,0,53.26078552239116,0,64.17609504614938
11045,0,1,1,50.01829666815779,0,61.15064380073211
11046,0,1,0,58.34494043736176,1,65.15804750943897
11047,0,0,1,50.76931023942677,0,62.60403696767774
11048,0,1,1,46.41640331132363,0,60.97537461512534
11049,1,1,1,32.63253437867553,1,59.38401488690257
11050,0,0,0,42.51114906654485,0,60.56760990743687
11051,0,1,1,51.31820258101692,0,60.09719683331498
11052,1,1,1,40.05580657831996,1,61.32270916245044
11053,1,1,0,51.61297078580345,1,60.03082908833602
11054,1,1,0,41.44070411429747,1,62.48532371833509
11055,0,0,0,55.01969613618484,1,64.28007236913335
11056,0,1,0,51.69821357808034,1,64.28119285750684
11057,0,0,1,46.08989685647285,0,62.29019344445052
11058,0,1,0,88.490550136243,0,72.73672400919057
11059,1,0,1,57.53199916680012,1,64.45564564925309
11060,0,1,1,45.21773802338629,1,62.30193902657367
11061,1,1,1,45.51177859014207,0,60.79905040825208
11062,0,0,0,62.26395629954369,0,61.57955287319052
11063,0,1,0,72.34315470941497,1,64.22027853766332
11064,1,1,1,45.70254871393568,1,63.75005312735309
11065,0,1,0,41.43336570141159,0,63.20679028104458
11066,0,0,0,38.31757988666812,0,56.5588799297408
11067,0,0,1,39.82069545068874,0,59.47668822998405
11068,1,1,1,43.56220616114444,1,63.30206424230454
11069,1,1,1,32.58796378960218,0,61.07243615570733
11070,0,0,0,40.72354652844936,0,62.46527140838079
11071,0,0,1,46.02934473239538,0,60.92141037464803
11072,0,0,1,42.28358318603264,0,59.66896667446484
11073,1,0,1,50.05955900428162,1,63.4852190230239
11074,0,0,0,51.20911855151954,0,60.40383271550601
11075,1,1,1,51.785983784444,1,63.15066859370012
11076,1,0,0,26.79192242528977,1,60.40360542058326
11077,1,1,1,52.89542905091698,1,61.87126527049503
11078,1,0,1,48.85312884518895,0,60.63118478827683
11079,0,1,0,43.40344041218558,1,62.67460206949731
11080,0,0,0,38.57470493737569,0,60.1515478930786
11081,1,0,0,71.36482291234066,0,65.94690308872798
11082,1,1,1,48.22603110742132,1,61.11622712605923
11083,0,1,0,44.63846518342442,0,64.15087963485449
11084,0,1,1,40.93586201589689,0,59.28136665708716
11085,1,0,0,46.09195977834093,1,62.70906457500269
11086,0,1,1,51.90776106493995,0,61.52355894524911
11087,1,0,0,46.27988989590984,0,60.98111543907333
11088,1,0,1,59.38392860206592,1,64.92573001733018
11089,0,0,1,48.14830563122927,1,59.16925412218205
11090,0,0,1,52.03528346198103,0,62.6676386374622
11091,0,1,1,41.55969193271314,0,59.72748730458503
11092,1,0,0,37.59774093267185,1,61.44168352818491
11093,1,1,1,23.78418617949167,1,59.45350369896448
11094,0,0,0,54.97413605140309,1,61.63925310032922
11095,1,0,1,45.27519196595732,1,61.45171786276005
11096,0,0,1,49.82314889622101,0,61.86117426872112
11097,0,1,0,31.64843165293666,1,60.00645268703759
11098,0,1,1,73.75516656198276,0,63.45138502941472
11099,0,1,0,51.17924105679707,1,60.70330256826536
11100,0,1,1,51.98645629976976,1,62.28593961795648
11101,0,1,0,54.21217950931784,0,64.12192401533511
11102,1,0,0,62.71208718959942,0,62.7269212224991
11103,0,1,1,33.54110061467108,0,59.42859035992944
11104,1,0,1,30.96193705694164,1,59.19689787441318
11105,1,1,0,36.29475718304823,1,64.87679135079307
11106,1,0,1,33.39679234047635,0,57.58657753246572
11107,1,0,0,49.55374716197811,0,65.26670493265466
11108,0,0,0,49.11850886834009,1,63.81326262235198
11109,0,0,1,30.47856834706609,1,57.87010524328937
11110,1,0,1,46.07515250251517,1,61.76867409910254
11111,0,0,0,55.76401636535695,1,62.82555159256702
11112,1,0,1,46.81246021633999,0,58.93974143559475
11113,1,1,0,51.98625592058354,1,62.62550965541021
11114,0,0,1,62.99553346600592,0,64.05334783587287
11115,1,0,0,56.09477454564421,1,65.07211533901408
11116,1,1,1,35.46970572088139,1,59.14583026051711
11117,0,0,1,54.15270638577286,0,61.26020931662922
11118,1,0,1,51.45229744632517,1,60.59473149965157
11119,1,1,0,59.78058517921461,1,64.93701525268388
11120,0,0,1,40.51070735659795,0,61.94619269448165
11121,1,1,0,64.39479862616807,0,64.92616987649242
11122,1,1,0,76.59173633293236,1,64.9246153271868
11123,0,1,1,50.19747660917625,0,56.48757296034147
11124,0,1,0,57.09117525543585,1,62.63074187903599
11125,1,1,1,61.90309980491182,1,68.17420738521247
11126,0,1,1,61.76345135671632,0,64.92473582074967
11127,1,1,1,30.06412735914519,1,61.93973007962858
11128,0,0,1,60.5092300236516,0,62.05915372805815
11129,0,0,1,47.23469886719543,0,62.55848696522294
11130,0,1,1,29.87129424272018,0,59.67845604804757
11131,1,1,1,54.79702245316005,1,66.18964834224708
11132,0,1,1,39.30794751227808,0,61.62898558297171
11133,0,1,1,47.69795747323446,0,63.40440264144201
11134,0,1,0,57.804079492695,0,62.31804587253517
11135,0,0,1,50.1726386882043,0,60.77111012811534
11136,1,0,1,56.17904907553513,0,58.89511626131565
11137,0,0,0,54.3826033444337,0,68.0404696489242
11138,0,0,0,63.01402219391958,0,65.43568157136988
11139,1,0,0,62.80948287473265,0,61.60560084406559
11140,1,0,0,48.48955520745655,0,63.16864240863372
11141,0,0,1,28.50153637529236,0,57.33849751619545
11142,1,1,0,44.89225328651639,1,63.00886995919193
11143,0,0,1,44.22569138230062,0,56.52036109016033
11144,0,1,0,47.23418577015381,0,63.08901997479207
11145,1,1,0,58.16068601172201,1,63.76138226606967
11146,1,0,1,64.58886599666928,0,61.46389925095923
11147,1,1,0,49.33277401697095,1,64.03155689004495
11148,0,0,1,33.95988241381346,0,57.24860628003693
11149,0,1,0,40.81373865577764,0,62.37355470470337
11150,1,1,0,72.62487074873522,1,68.59352894820992
11151,0,0,1,44.73236872805195,0,58.31283107964308
11152,1,1,1,61.35005777615581,1,63.439794400634
11153,0,1,0,68.01896346567392,0,64.26871349013312
11154,0,1,0,41.47607049132519,0,64.60216323275786
11155,1,1,1,30.84610609670708,0,57.44415035875765
11156,0,0,0,62.77334013652766,0,64.91371927615236
11157,1,0,1,50.91327458330437,1,61.43042022757125
11158,0,1,1,48.2130385131826,0,61.2210892086105
11159,0,1,0,46.67965132271324,1,64.0704313714194
11160,1,0,0,48.19410841241784,1,62.75485540917259
11161,0,1,0,58.19857619536845,0,64.59252816247697
11162,1,0,0,52.54631394929074,1,60.32993230290683
11163,0,1,1,52.33976169863812,0,61.69350277691659
11164,0,1,1,35.06440500643611,0,58.62903686017092
11165,1,1,0,48.65248184301009,1,65.94625140982615
11166,1,1,0,40.17211600738733,1,64.58286707535129
11167,1,1,0,54.50105273060295,1,67.67432012210325
11168,0,0,0,61.98734726357723,0,60.78128944841889
11169,0,0,0,52.36200381968185,0,67.7854137362533
11170,0,1,0,50.94650044940784,0,59.72442828334044
11171,1,1,1,36.82425705469879,1,59.27536235553485
11172,1,1,0,41.21554683128083,1,59.54474955274164
11173,1,1,0,64.61835633844083,0,63.91176117718518
11174,1,0,0,56.89676727470482,1,66.52141027050106
11175,0,1,1,49.9689797652651,0,59.65417872909435
11176,0,0,1,33.01766707449035,0,57.37197388650765
11177,0,1,1,30.1854420396502,1,60.45600243488832
11178,1,0,0,67.79076394965244,0,68.23190103078815
11179,0,0,1,41.11854646415701,0,60.20323438902268
11180,1,0,1,47.28943725701789,1,59.31836549308241
11181,1,1,1,44.79462682059233,1,62.40643363734056
11182,1,0,1,34.17169809438214,0,59.39121422856665
11183,0,1,0,52.46553326152262,0,65.90099441681727
11184,0,0,0,50.62590991929706,0,63.8533586935331
11185,1,1,1,41.9527243689041,0,59.06756582999106
11186,1,0,1,45.61575395946194,1,61.79173401094463
11187,0,1,0,62.60636224943342,0,65.57683901689327
11188,0,1,0,51.89743983331108,0,63.0844207889021
11189,0,1,1,29.35972911278491,1,56.58167494295783
11190,0,0,0,44.22281983176993,0,61.31379718681417
11191,0,1,0,60.77256371135095,0,68.15789171254173
11192,0,1,1,38.64843718813166,1,61.40603721160441
11193,1,1,0,43.75970320055337,0,60.86011208396528
11194,1,1,0,55.13529362802178,1,65.55934817244471
11195,1,0,1,44.95822921380211,1,62.85567074806163
11196,0,1,1,49.99521175599365,0,58.43024831994641
11197,0,1,0,53.95220810972265,0,62.59112485766824
11198,0,1,0,40.28739458252667,0,64.77798949642217
11199,1,0,0,36.22978771876694,1,61.63658693378229
11200,0,1,0,49.40500583909987,1,60.43536051181194
11201,1,0,0,69.29529999777982,0,66.29882470961988
11202,0,1,0,81.15134467825436,0,69.31363345697122
11203,1,1,1,72.74055501832132,1,65.91050611580843
11204,0,0,0,40.21015788172539,0,58.87462205535557
11205,1,1,1,64.25803653805184,1,66.48118745336203
11206,0,1,1,54.13396293628134,0,62.48434473495562
11207,0,0,0,50.63200135760541,0,63.08722257257229
11208,1,0,1,34.82957374785205,1,60.00178344863463
11209,0,0,1,49.41822948339082,0,60.01696045897104
11210,1,1,1,57.45682977305878,1,59.91199843642346
11211,0,1,1,38.63474894141307,0,60.58360936513976
11212,1,0,0,56.30604778678206,1,68.65730117839281
11213,0,1,0,42.33817562536035,1,61.19090454417279
11214,1,0,1,41.25569790053196,1,60.6261321136759
11215,0,1,1,34.36281136469537,0,57.11045507912284
11216,1,1,1,57.47669009317721,1,64.49070247959521
11217,0,1,0,49.21351323675128,0,61.93551741275041
11218,1,1,1,49.43664950470817,1,61.41196452676012
11219,0,1,1,39.79050525638236,0,58.54468669450807
11220,1,1,0,33.81325611369183,1,61.76568586050936
11221,1,0,0,51.36038098205596,1,64.10913748025955
11222,0,0,1,50.7469257353783,0,62.02627779048282
11223,0,0,0,35.3238739020195,0,59.35780445144116
11224,0,0,1,39.86119170383262,0,57.71513600353353
11225,1,0,0,45.50328824451127,1,64.17841013854213
11226,0,0,0,52.14655125559613,1,64.77798383462594
11227,1,1,1,43.68374176609566,0,61.86589958499352
11228,1,1,1,35.10572889794394,1,61.22425563655726
11229,1,0,1,65.9857752504777,1,64.61885262908477
11230,1,1,1,64.05924590745047,1,60.70935792571069
11231,0,1,1,38.38540410718681,0,59.42565062145899
11232,0,1,0,53.89292749004854,0,63.0068153017016
11233,0,0,0,35.09981091962138,0,60.61017836668536
11234,1,1,1,31.11930185047126,1,60.44725639511962
11235,1,1,0,65.11766099575455,1,64.91671921269592
11236,0,1,0,45.85321221453311,1,60.38222830572063
11237,0,1,1,38.95007523387888,0,57.9372879277132
11238,0,1,0,45.44462525240764,0,60.5051182289904
11239,1,1,1,63.02760838864415,0,66.39148175077798
11240,1,0,0,52.96237707612588,0,61.96469483899606
11241,1,1,1,64.07975428662836,1,62.37712110009114
11242,1,0,0,50.7963131271449,1,64.82187023665178
11243,0,0,0,49.67338488799433,0,64.25087218464627
11244,1,1,1,77.42270178130394,1,66.12073943558487
11245,1,1,1,40.32706294537888,1,60.78690415430652
11246,1,0,0,57.69835016394737,1,64.44779251617514
11247,1,0,1,40.20963191582015,0,60.36503039050721
11248,1,1,0,45.55973254991174,1,65.69259792802866
11249,1,0,1,41.37157737256644,1,60.13431957795965
11250,0,1,0,43.31922087843149,0,64.0749935581111
11251,0,1,0,74.24492556412528,0,65.41951076944059
11252,0,0,1,51.40297497082232,0,60.742463883329
11253,0,1,1,37.50046875401443,0,58.87844178872665
11254,1,1,0,59.09533329186547,1,66.09932547386627
11255,0,0,1,66.31406051284938,0,62.80039455002441
11256,0,1,1,53.04358907408176,0,62.49029191329374
11257,0,1,1,51.73062697817487,1,61.16490895706764
11258,1,1,1,40.82969030311633,1,62.11222414116345
11259,1,0,0,47.25798003901807,1,63.21406442081329
11260,1,0,0,56.2087765580139,1,62.86022831882758
11261,1,1,1,26.22586701722367,0,60.34326141456044
11262,1,0,0,54.63095714585616,1,63.45516400612317
11263,0,0,0,64.10971617428169,1,64.87010501237209
11264,1,1,0,72.27251348055229,0,65.92868433296277
11265,0,1,0,53.92813585747656,0,61.65906210704131
11266,1,0,1,67.64625187000932,0,62.1136302712548
11267,0,0,0,52.73289831331822,0,63.4129393247155
11268,1,1,1,46.87270797983394,0,60.1917485423134
11269,1,0,0,39.40654257083322,0,59.39383366632779
11270,1,0,0,50.49085604810258,1,62.45709958190391
11271,1,1,1,60.70271427340007,1,63.22296036792031
11272,1,1,1,47.10903266686098,1,63.41833352822545
11273,0,1,1,53.49492961270219,0,64.7993602023562
11274,0,1,0,66.30291992944862,0,69.14918676724116
11275,0,0,1,45.66138633878842,0,57.8700504346622
11276,1,0,0,60.57802039407375,1,64.37662972664313
11277,1,0,1,50.03773301573648,0,59.54141054835719
11278,0,1,1,36.65157843978898,0,60.07700555842998
11279,1,0,0,33.42036044018521,0,62.19085216105161
11280,1,0,1,36.03426238363546,1,59.73053407469356
11281,1,1,0,58.1158536180335,0,65.30497637653387
11282,0,1,1,38.65092395912172,0,59.16982592994997
11283,1,0,0,41.88710273441188,1,61.16271462394095
11284,1,0,1,43.58346938616527,0,58.77082223306039
11285,1,1,0,41.82395634973402,1,58.33841053748438
11286,0,1,0,40.09657758884342,0,61.11643235929974
11287,0,1,0,45.25323950778817,0,65.86892135138984
11288,0,1,1,45.40252548126024,0,61.93118366601245
11289,1,1,0,51.63996102541068,0,59.50443531382194
11290,0,1,1,69.74824344266096,1,64.70517888459737
11291,0,0,1,47.44028382843256,0,61.06715209067323
11292,0,0,0,45.32499231383491,1,62.7972813259819
11293,0,0,0,50.55213771353696,0,60.87412768011887
11294,0,0,1,62.07220559224888,0,63.8237152213153
11295,1,0,1,40.74425798813489,0,57.9950819819561
11296,0,0,1,71.18061646537684,0,63.24904085448459
11297,1,1,1,41.09408628975972,1,59.00783771671009
11298,0,1,0,52.78333795511351,1,63.18845435201321
11299,1,1,0,46.24357847163895,1,61.56645479895055
11300,1,1,1,51.3144688830539,1,62.84941656790937
11301,1,1,0,39.69234056342711,1,61.35520942851735
11302,0,1,1,63.90782313554528,0,62.70743440574077
11303,1,0,1,45.23493125504211,1,59.6711344053056
11304,0,0,1,26.37240277901255,0,56.30436466097989
11305,1,1,1,49.90267643712164,0,61.80798301037898
11306,1,1,1,35.42018537191316,1,65.94765038469525
11307,1,1,1,51.72026219527962,1,63.31718621136672
11308,1,0,1,35.46846036270387,0,57.61258838050278
11309,0,0,1,53.75769634510108,1,59.62033360958728
11310,1,1,1,50.32905406723295,1,63.68627718193859
11311,1,0,0,58.06551539045628,1,64.29750135094172
11312,0,1,1,57.69812628863785,0,63.68716702089173
11313,0,0,0,43.92387317768054,1,62.84373949385643
11314,1,1,0,51.26970357367145,0,64.90563029911118
11315,0,1,1,36.16676951284981,0,58.31301884968533
11316,1,1,0,45.04776058765428,1,64.30117572777027
11317,0,0,0,43.28288633251027,0,61.29927036512656
11318,1,1,1,49.92263623371402,1,61.35519663636597
11319,1,1,1,41.82590664608273,1,61.05893247235336
11320,1,0,1,42.61956041050237,0,58.78624325657454
11321,0,0,0,44.60515731007106,0,60.80944427830833
11322,0,0,0,57.57035546889605,1,62.5251642741929
11323,1,0,0,46.64265143734704,1,63.45172898228402
11324,1,1,0,46.84655617492538,0,63.97684196633059
11325,0,0,1,55.76605451833638,0,60.58371633332071
11326,1,0,1,53.95663951446583,1,63.03429092903015
11327,0,0,0,52.26243725994154,0,63.1465581052733
11328,0,1,1,50.04675699910296,1,59.73378648169435
11329,0,0,0,44.54192051189237,0,64.02067650332364
11330,1,0,0,69.05957315597487,1,68.45050079480657
11331,1,0,0,44.39706392126216,0,62.09928206053362
11332,0,0,1,28.05002873898661,0,57.69399659280988
11333,1,0,1,56.7278844110286,1,59.7480883884078
11334,1,1,1,65.42440126023931,1,63.10634919005125
11335,0,0,1,51.6006106471448,0,65.67504258903594
11336,1,1,0,45.72477428442443,1,64.46953653075786
11337,1,0,0,50.44300521656566,1,63.2002176199197
11338,0,0,0,60.88196783180648,1,66.51988545584777
11339,1,1,1,40.10036121488113,0,63.13138560043941
11340,0,1,0,45.67856881575563,0,61.06767513548846
11341,1,0,0,44.38061701684138,0,59.40453549783064
11342,1,0,0,36.13853974261229,1,63.35648533436694
11343,0,0,0,36.43274127926634,0,64.12026689271342
11344,0,1,1,45.09283300544976,0,62.51096739198928
11345,0,0,0,46.53164215867825,0,62.88630151447006
11346,1,1,1,40.19953931420581,0,62.49619941567928
11347,0,1,0,47.44447449719328,0,66.7376661428362
11348,1,1,1,49.52908410299769,1,60.92086287066984
11349,1,0,0,40.00389698690503,1,62.00153509317116
11350,1,1,1,45.14973047174237,0,58.27524883164323
11351,1,1,1,35.12564863788867,0,57.78975631718959
11352,0,0,0,36.4237674363497,0,59.83094239344749
11353,1,0,1,42.96239334658043,1,60.13563373850824
11354,0,1,1,45.39183331786258,0,59.70497430244037
11355,0,1,1,52.06656824272333,0,61.66707681301033
11356,1,0,0,43.33310964359024,1,64.85510259951536
11357,1,1,0,43.92878004509474,0,62.4782251184718
11358,1,0,0,41.60415946340692,1,64.85219381294755
11359,0,1,1,42.57997995234915,0,62.57924997325495
11360,0,1,1,33.26623491591283,0,58.51998540255037
11361,1,0,1,48.88163462153277,1,60.14848006896288
11362,0,1,1,52.34296167293843,0,64.99966887348127
11363,1,0,1,39.98816374051228,1,60.84748088343963
11364,0,1,0,58.40639123358994,1,64.57774238233904
11365,0,1,0,73.08846822349582,1,66.72386599215518
11366,0,1,1,41.31308581364798,1,61.962379260315
11367,1,0,0,37.93706666842424,1,63.18382357533923
11368,1,0,1,56.94197038488656,1,60.52934448477615
11369,1,0,0,44.54842362166019,0,64.38575460444467
11370,1,1,0,25.70264828270719,0,62.86320552554537
11371,0,0,0,55.10840504688229,0,63.9972836737465
11372,1,1,1,30.55490769313394,1,60.02919570757145
11373,1,1,0,46.0027512312782,0,58.78743402310302
11374,1,0,1,47.09971081449374,1,60.00989795959777
11375,1,0,1,57.92154222893242,1,62.93717665056637
11376,1,0,1,60.09587757214449,0,65.60007957882449
11377,1,1,1,62.02281288006626,0,64.14104622240836
11378,1,0,1,56.2360118852655,1,60.98389798734126
11379,1,0,0,69.36390444212761,1,67.7125413707405
11380,1,1,1,63.20664694082481,1,65.88596326890513
11381,0,1,1,60.91461460429611,1,61.40835407673641
11382,0,1,0,52.24096427963395,0,64.88132787380341
11383,1,1,0,48.07063166205062,1,62.1842872684691
11384,1,0,1,44.81700414801307,1,62.5867345385268
11385,0,0,1,40.51359280739323,0,58.46027944417838
11386,0,1,1,40.5458676220322,0,60.32507298021926
11387,1,0,0,47.38102891056867,1,64.29169257568664
11388,1,0,1,53.90832855973948,1,60.47579221004426
11389,0,0,1,57.72776890712148,0,58.20809818037171
11390,0,0,0,60.71463931642538,0,63.98907377708351
11391,0,1,1,57.16497681710157,0,63.87538097345001
11392,0,0,1,58.44779579642648,0,65.07835529411442
11393,1,1,0,44.25041843097732,0,57.32989968755342
11394,1,0,0,61.96408622276553,1,65.51570069433204
11395,1,1,1,54.62747118548551,1,62.04304942524674
11396,1,1,1,62.30387710850776,1,61.97437756632183
11397,0,0,1,38.53216356565595,0,57.65939212521348
11398,0,0,1,50.26703738303937,0,61.99128072483233
11399,1,0,1,42.93942345415346,0,55.81625858255967
11400,1,1,0,43.8499897369206,1,61.59458377759025
11401,1,1,1,55.06982959926846,1,66.2228158093953
11402,0,1,1,65.76659505761843,0,61.81173616662291
11403,1,0,1,27.87816929372915,1,63.87720056002827
11404,1,1,0,53.49382077987815,1,64.64991113540829
11405,0,1,1,55.63969339174344,0,60.69383822963234
11406,1,1,1,51.06633123832513,1,61.37731765354692
11407,0,0,1,42.53186776579289,0,61.31007946891042
11408,1,0,1,44.49365856714453,1,62.4555932523249
11409,0,1,0,43.63419603821277,0,65.41528963757598
11410,1,1,0,27.47557878018594,0,62.63039577410529
11411,1,1,1,37.81140511733206,1,62.8578803801542
11412,0,0,0,34.30918209434206,0,60.82816796082408
11413,0,1,1,59.15839440778386,0,62.49845837870085
11414,0,0,1,60.26247934592277,0,62.52101809907442
11415,1,1,1,53.4345774966251,1,62.55985748755639
11416,0,1,0,20.19379055753882,0,59.16015549950616
11417,1,1,1,56.72864726056176,1,64.96625908008916
11418,0,1,1,39.27058962888999,0,60.85587485756193
11419,1,0,1,41.32475172891861,1,59.81333272084593
11420,1,1,1,40.73076280814272,1,59.25607174494638
11421,1,0,1,66.92457893651648,1,64.30895054389708
11422,1,1,1,61.30796999271521,0,62.83663409068674
11423,0,0,1,26.88055685239493,0,58.70667585155367
11424,1,1,0,34.18273535421394,1,62.97167278267552
11425,1,1,1,47.42510459651088,1,59.4002557286675
11426,0,0,0,55.62761453466766,0,63.80033213100653
11427,1,1,0,54.93030645288512,1,65.11924338917494
11428,1,1,1,46.80856126518087,1,60.27898744840308
11429,0,0,0,62.29262614082383,1,62.41680765383202
11430,1,1,0,47.42519415753057,1,63.62567517296549
11431,1,0,0,37.10811307379087,1,57.61326907747306
11432,0,1,0,47.9546056284563,1,63.48568239233735
11433,1,0,0,45.60665100588669,0,63.41603182552903
11434,1,1,1,40.29091345679963,0,59.42966261954155
11435,0,0,1,37.31219816194925,0,60.80996800738123
11436,1,1,0,58.94560079631328,1,64.2627012608193
11437,1,0,0,32.9522285825139,1,61.04167514794196
11438,1,1,0,42.26708705059778,1,64.54861831965032
11439,1,0,1,54.21421086694991,1,65.31793603058698
11440,0,1,1,40.84157290211596,0,60.10304981421829
11441,0,1,0,45.1811097984826,0,65.13137475774968
11442,1,1,0,43.71720449239971,0,62.04338039585694
11443,0,0,1,39.99595553262087,1,59.25068609562823
11444,1,1,1,45.00904624304604,1,61.4910029010108
11445,1,0,1,47.3267751080358,0,57.48550534266484
11446,1,0,0,45.16415410406468,0,61.28188401715766
11447,1,1,1,34.52195088009095,1,61.17131985487401
11448,0,0,0,66.44483497817586,0,59.6622612121976
11449,0,1,0,49.75960266891315,0,62.30593275149915
11450,1,0,1,40.22151988515646,1,61.80641208535078
11451,1,1,1,44.00216481352523,1,60.4121620184039
11452,0,0,0,51.1897583496369,0,61.45128895910062
11453,1,0,1,66.17225833907938,0,59.70928376418433
11454,1,0,0,42.53220531097468,0,59.21072550869805
11455,1,1,0,49.31801232808144,1,61.30933819654705
11456,0,0,0,37.43217126771095,0,61.3041501242479
11457,1,1,1,57.74436839530563,0,64.09111441640665
11458,1,0,0,61.32409288239243,1,63.98753063013029
11459,0,1,0,58.70459637028865,0,65.2979058996473
11460,1,1,0,54.26784777085208,1,67.31170207142631
11461,1,0,0,46.9301285060213,1,61.91574994492177
11462,0,0,0,58.58392006916455,0,64.36768095330275
11463,1,1,0,54.71184129342937,1,62.52198700776643
11464,1,0,0,42.39004953476521,1,62.638045675264
11465,0,0,1,29.34067733496707,1,57.65524424922052
11466,0,1,0,49.33622795321228,0,61.4719892251286
11467,1,0,1,58.21698726312432,1,64.41654719881069
11468,1,1,1,36.12777464799673,0,59.19546195864742
11469,0,0,1,44.98301090455843,0,59.77465474926812
11470,1,1,0,69.72843008419756,0,64.49373963594611
11471,0,1,1,43.66016244720704,0,60.37362511636081
11472,0,1,1,50.60466002913104,0,62.30587763903379
11473,1,0,0,49.37588814938402,1,64.65299156902938
11474,1,1,1,50.17174068408477,1,60.88552242930285
11475,1,0,0,33.16810904930504,1,64.37928070896548
11476,1,1,1,51.53946847335938,1,62.26113011588524
11477,0,0,1,48.71748853925419,0,62.36009750956468
11478,0,1,1,27.91441855004808,0,56.99241213367849
11479,1,0,0,57.91112399031681,0,67.60934595127333
11480,1,1,1,56.02796967592003,1,61.13056084124759
11481,1,1,0,59.35143712036732,1,67.76263981444146
11482,0,0,1,23.71577930157071,0,57.8007331152264
11483,0,1,0,51.59645265764291,0,64.78023823240653
11484,0,1,0,51.33360945196716,0,65.18634134997824
11485,1,0,1,42.21917382395043,1,59.84500837402378
11486,0,1,1,42.60899754451435,0,60.11982114345363
11487,1,0,0,61.86513491253753,0,62.69173287095283
11488,0,1,0,77.67432453290299,0,66.87180382178552
11489,0,1,0,60.63235966322816,1,64.47980187717857
11490,0,0,1,49.86774805123944,1,60.09728726330733
11491,1,0,1,45.3643932758709,1,62.33240976560056
11492,1,0,1,65.51399121283866,1,63.88849093545303
11493,1,1,0,33.48641812321992,0,60.74540211159873
11494,1,0,1,44.27460796190802,1,61.79010864172273
11495,1,1,1,56.34139041400672,1,63.7350216007901
11496,1,1,1,23.11447090147835,1,59.26973385703728
11497,1,0,0,42.57999166385731,1,62.31958133943693
11498,1,1,1,40.03078577446296,1,62.257413780116
11499,1,1,0,59.38803178664006,1,67.42948791352529
11500,1,0,1,64.84002790626613,1,63.65828422562145
11501,1,1,0,49.81435050848066,1,64.14304605712861
11502,1,1,1,56.15289379677662,1,62.12113330810969
11503,0,1,1,45.67875566028289,0,62.91958973289115
11504,1,1,1,57.83512845696436,1,63.37208212345555
11505,0,0,1,49.80865618604495,0,60.86701372293988
11506,0,0,1,68.24749742416186,0,62.18384968392817
11507,0,0,0,47.63229126770942,1,60.32612679015787
11508,0,1,1,47.35072701080354,0,61.48122401492989
11509,1,0,1,52.99348484320609,1,64.23833757921064
11510,1,1,1,43.4227138321849,1,61.24613499089633
11511,0,0,0,67.0544500587668,1,63.63550398548281
11512,0,0,0,59.00210460755152,1,62.82576780582354
11513,0,1,1,48.44204587821552,0,63.73318123912257
11514,1,0,0,47.31092085107989,0,59.97489558326295
11515,0,1,1,48.80175930729933,1,61.46310527974401
11516,0,0,0,45.54618440861137,0,60.7548923048321
11517,0,0,0,35.58687469043156,0,59.4702241490395
11518,0,1,1,57.56832001817699,1,61.15413666157315
11519,0,1,0,59.22570368313647,0,63.05419191533045
11520,0,1,1,51.50287273650495,0,62.99146329443011
11521,0,1,0,41.12214726828157,1,58.53050252115267
11522,0,1,1,51.56432270829139,1,65.16723280925036
11523,0,0,0,58.25234908056965,0,63.77966548915652
11524,1,1,1,48.1238910178656,0,61.82869784602004
11525,1,0,0,54.03636653630187,0,64.92391727167775
11526,1,1,1,40.93356361688811,1,60.09460122975841
11527,0,0,0,47.665151760059,1,59.50450804157662
11528,1,0,1,21.82230292375943,1,59.26790001260598
11529,0,0,0,51.64954970166277,0,62.97044512352322
11530,1,1,0,41.29628074488585,1,62.48819646834903
11531,0,1,1,49.77293997924308,0,64.28628417841736
11532,1,1,1,47.13868124404706,1,61.34019452507527
11533,1,1,1,58.60108745438865,1,64.80218155504727
11534,1,0,0,58.76270324544159,0,65.44828195468125
11535,0,0,0,36.91071286135079,0,58.45458972496073
11536,0,0,1,57.11871443239206,0,63.66762029224162
11537,0,1,0,41.70441479600538,0,60.10217083002374
11538,0,1,0,61.32399282422282,1,67.40760967610207
11539,0,1,1,38.73946757070057,1,63.12733064498498
11540,1,1,0,48.34338367559668,1,65.33801605709718
11541,1,1,0,47.11053816134246,1,67.60884765933045
11542,1,1,1,30.66007408957278,1,60.89399178805034
11543,1,0,0,44.89358332856722,1,63.89423975650451
11544,1,0,1,47.69168051951424,1,62.73263189147634
11545,1,1,1,79.34458279909637,1,67.94303068254447
11546,1,1,1,45.92984199640915,1,63.47636107229756
11547,1,0,1,51.39544384842247,1,63.97928565547315
11548,1,1,0,52.81825245745563,0,65.67521046048002
11549,0,0,0,49.68764472247281,0,62.69343319191979
11550,1,0,1,65.94383595102343,0,64.63771513009848
11551,1,0,1,28.31088554771634,0,55.52560111309146
11552,1,0,1,50.89342285631191,1,62.15217116251636
11553,0,0,1,49.20335008269504,0,63.11523242990702
11554,0,1,0,32.35100575681335,0,57.33983244149069
11555,0,0,1,46.5332261247172,0,62.15864445805595
11556,1,1,1,45.58318250483549,1,60.92719074711075
11557,0,1,1,41.69096921505255,0,58.21929654914131
11558,0,1,1,49.57682931215003,0,61.83732456309763
11559,0,0,0,59.77957751068554,0,64.92414706140815
11560,1,0,0,48.90404146924713,1,61.59440546856545
11561,0,0,1,49.99421820390037,1,59.16884434783548
11562,1,0,0,50.04855162089654,0,63.16384276206619
11563,1,0,0,44.90455227910682,0,61.08908096131788
11564,1,1,1,53.9605225161194,1,63.18614158406523
11565,1,0,1,59.05211739514485,1,63.01476303893799
11566,1,1,0,58.05850513722139,1,65.41386077158135
11567,1,1,1,52.55858736725872,1,63.66374632655962
11568,1,1,0,53.28522638516124,1,62.0631036162231
11569,0,0,1,33.47856719871283,0,59.4057001139836
11570,1,0,0,58.89908194661777,1,60.33461648288533
11571,0,1,0,62.52162766513567,1,63.40211838763359
11572,0,0,1,37.51956137248197,0,57.87187095436764
11573,1,0,1,42.3023139994952,1,60.83432936122863
11574,0,0,1,47.99703967354878,0,58.75455273761374
11575,0,1,1,22.58445371637229,0,58.50959283650401
11576,0,1,1,46.86311544694357,0,58.50487406928801
11577,0,0,0,57.99649411519658,0,62.02423846306741
11578,1,0,0,47.2927724349381,0,59.65925592937612
11579,0,1,0,57.88999535324195,0,62.33840406078269
11580,0,1,0,44.42572382954119,0,60.05324563057243
11581,0,1,1,39.16203114288723,0,59.24983258251569
11582,0,0,1,55.37152917186019,0,63.72924964288033
11583,1,1,1,48.6729274304986,1,64.28189667006687
11584,0,0,1,54.16009518943613,0,60.25919538406067
11585,0,0,0,37.97168231205954,0,61.72179039503911
11586,1,0,1,41.82036138112865,1,64.15399428882579
11587,0,0,1,66.44455935895451,0,62.69978473666032
11588,1,0,1,39.66492094465741,1,59.67944239072343
11589,1,1,0,53.50460214521814,1,66.19522149313717
11590,0,1,1,40.9359405401253,0,61.02733844748995
11591,0,1,1,41.12859792133543,0,61.97055409987541
11592,0,1,0,62.80230301869425,1,65.8885090624229
11593,1,1,0,38.9521662723809,1,62.98950860222413
11594,1,0,1,36.33877313304816,1,60.99291387063803
11595,0,0,0,57.89062700600566,0,65.4585908912005
11596,1,1,1,55.51327118771444,1,66.57289416049947
11597,0,1,0,61.48649906716467,1,62.20890625131122
11598,1,0,0,55.22897164458559,1,62.42004318410116
11599,1,0,0,30.3147151344445,1,57.97680261966971
11600,0,1,0,54.79337838806583,0,64.39190265653517
11601,1,0,0,54.8263674350991,0,63.27460454932719
11602,0,1,1,48.91667282244718,0,60.32592423022272
11603,1,0,1,45.09183588078098,1,60.08939273522748
11604,1,0,1,51.67266108027275,1,65.63595867871075
11605,0,1,0,72.0680328880108,1,69.71840219055854
11606,1,0,0,45.15871998217552,0,62.68583165635214
11607,1,0,0,61.6202749457447,1,66.28498312507638
11608,1,0,1,44.01870116897592,0,60.9038090215011
11609,0,0,1,51.51254155793387,0,63.64882661296554
11610,0,1,1,56.88227535786999,0,66.12545551069978
11611,1,1,0,54.45656126673722,1,67.75183691772013
11612,1,1,1,52.78159154385357,1,62.78678174739881
11613,0,0,0,38.89287757058676,1,60.97139017064072
11614,0,0,1,31.3321704302335,0,58.25058611037004
11615,0,1,0,39.59503324554309,0,64.04705829112862
11616,1,1,0,48.77571829554625,1,66.5378780095035
11617,0,1,1,35.11227780262008,1,54.9024699037336
11618,0,1,1,39.80260199197577,0,59.52846042356833
11619,1,1,1,52.2738883005858,1,59.84842083750274
11620,1,0,1,36.09322365708903,1,62.03854103237443
11621,0,1,0,52.24323203446258,1,65.79821737813606
11622,0,1,1,61.9382777636563,0,60.02197051877168
11623,0,0,0,65.15790624095322,0,64.25077620154848
11624,1,0,0,62.12767006271029,0,64.29425984480309
11625,0,1,0,54.78230832073592,0,62.78805287431203
11626,0,0,0,48.71594684599852,0,62.12603576422283
11627,1,0,1,33.80660756864454,1,59.13934173788163
11628,0,0,0,32.38927335423237,0,60.32804656097994
11629,0,1,1,49.42134194763663,0,60.0986424396585
11630,0,1,0,43.58678751646654,1,61.5223443343653
11631,1,1,1,57.40604077049855,1,64.26815978491176
11632,1,0,0,34.29689892942483,1,60.93238884797105
11633,0,0,0,44.88691800504539,0,61.70585291870773
11634,0,0,0,51.3678749349874,0,64.78568457629713
11635,0,0,0,44.76269665257519,0,60.14321493437094
11636,0,0,0,48.20883122814183,0,58.7546753424712
11637,0,1,1,35.40751032039804,0,59.07346525940996
11638,0,0,1,68.4300649539138,0,61.89241318430498
11639,0,0,0,55.60981231788043,0,66.61845686347925
11640,0,0,0,30.78037064131875,0,58.40146138196555
11641,0,1,1,39.93616347963848,0,59.62749541745963
11642,1,1,1,44.50848581564672,0,60.98722857687546
11643,0,1,1,44.77730201555624,1,61.72995357217157
11644,1,0,1,49.55655378983329,1,62.66250432608031
11645,0,0,1,52.32262028018325,0,63.14317066714035
11646,1,0,1,59.60839375298703,1,64.5117953235479
11647,0,0,1,38.05190986604172,0,57.51429130303918
11648,1,1,0,49.48532002655546,1,59.41668944186776
11649,1,1,1,51.34453788912369,0,61.16063675438404
11650,1,1,0,34.48114723955675,0,60.01062083112374
11651,0,0,1,24.00646608900733,0,55.36774676459656
11652,0,1,0,56.84072049034352,0,63.47185706348282
11653,1,1,0,67.37547068165591,0,65.35811368818777
11654,1,1,0,53.86572926001597,1,60.22085656805694
11655,0,1,0,65.08578398334615,1,65.48312654908152
11656,1,1,0,61.51413796841746,1,64.57092286011995
11657,1,1,0,47.33207654097618,1,60.3881081601226
11658,1,1,1,38.24700380085947,1,61.8606747201766
11659,1,0,1,40.02741943645637,1,61.92981452075663
11660,0,1,0,38.12702905333686,0,63.392292683062
11661,0,0,1,57.10156145005144,0,65.13912878911478
11662,0,0,1,69.22030807733768,0,62.18867245235727
11663,1,0,0,54.5672574415137,0,63.85422405487883
11664,1,1,1,52.23423560415466,0,60.5726680953421
11665,1,0,1,30.90005181615431,1,61.2436317933384
11666,0,1,0,48.0228607868908,0,58.33850764894832
11667,0,0,1,65.25422178606729,0,66.64291540075951
11668,1,1,0,51.11139050777581,1,58.53496187745981
11669,1,0,1,49.64933493030172,1,60.94681674637827
11670,0,1,0,52.62844551817689,0,66.58040916684537
11671,0,1,0,62.71772204380679,0,65.33573978541536
11672,1,0,1,55.55579033432505,1,60.19246859377263
11673,0,0,0,36.80500490934499,0,58.35966555122099
11674,0,1,0,53.01375999037123,1,63.4811655244666
11675,0,1,1,40.86349884545839,0,61.03164857661158
11676,0,0,1,49.27692657835416,0,58.62200163157112
11677,1,0,1,64.30966669050913,1,65.49028689728642
11678,1,0,0,59.52547577724427,1,66.91287511918053
11679,0,1,1,42.79646196638302,0,60.11482188763822
11680,1,0,0,40.96622676380481,0,58.67637436107625
11681,0,0,1,39.99092470811414,0,57.54721683881859
11682,1,1,0,54.88157408663552,1,62.96687355039381
11683,0,1,0,42.30818487565627,0,60.47099940300423
11684,0,0,1,51.55990202972801,0,58.8719960536892
11685,1,1,0,58.59086145327058,1,63.611683343399
11686,0,0,0,66.49859097167888,0,64.09088039256137
11687,1,1,1,49.83611109851442,0,62.54753864598903
11688,1,1,0,54.40345020747902,0,64.49847586017304
11689,1,1,0,52.80533337526936,1,66.21963096090347
11690,1,1,1,32.65728545398231,1,59.90804249567118
11691,0,1,1,38.44311579826977,0,58.17618753926135
11692,1,0,1,39.65142138088393,1,61.42193504549899
11693,1,0,1,53.60019255521594,1,60.93377874322884
11694,0,0,0,62.35435046153177,0,63.12598987712629
11695,1,1,0,44.75611516309402,1,60.32251726134668
11696,1,0,1,32.91800328088955,0,58.37433905069845
11697,1,1,1,48.26545902021299,1,62.45042615041534
11698,0,0,1,47.49039069316555,0,60.0814037903114
11699,0,0,0,46.53070803527874,0,59.56767678292083
11700,0,1,1,51.5466223654949,0,63.65747535731239
11701,0,0,0,42.46913974860443,1,59.98580053159576
11702,0,0,0,32.86713614488376,1,59.04644727454367
11703,0,1,1,35.50762773732353,0,60.19111595597501
11704,0,0,0,32.84362861969099,0,62.80884764180738
11705,0,0,0,48.08059722773844,0,63.29173375869571
11706,1,0,1,35.7736222149139,1,61.26717276361548
11707,1,0,1,32.95086171189465,1,58.15802326746855
11708,0,1,1,56.10824049249524,0,65.68482117826333
11709,1,0,1,50.47410099079596,1,63.80706187506627
11710,0,1,1,43.62652301818238,0,58.32033753726726
11711,0,1,0,44.52705555361005,0,61.0540961219944
11712,0,1,1,36.49528678005846,0,59.35265525568254
11713,0,1,0,41.12128406268472,0,62.80420788445875
11714,1,0,1,50.43554930629503,1,60.54783643556694
11715,0,0,0,39.17973573499137,1,59.16522731314437
11716,1,1,1,38.80261343340186,1,61.34530901435846
11717,0,0,1,44.75677258144464,0,57.95406065590326
11718,0,1,0,42.45277522913612,0,58.88461009278456
11719,1,0,1,48.68268243830147,1,61.57333690843009
11720,1,0,1,61.11809917830502,1,68.56864995027595
11721,0,1,0,38.30799301026603,0,59.54821874865005
11722,0,1,0,58.82792684348497,0,66.78743144404659
11723,0,1,0,46.70956176679181,0,64.32667742589035
11724,1,0,1,51.10146946815082,1,62.64195347390719
11725,1,1,0,62.05713718786274,1,68.71873416274009
11726,1,1,0,65.6026559268374,1,68.4992984924924
11727,0,1,1,51.37888728645535,0,60.63188704924574
11728,1,1,0,46.4897023749609,1,62.03998677969716
11729,1,0,0,49.86715621965192,1,63.83044442485843
11730,1,0,1,47.88240704497566,1,64.47230365096445
11731,1,0,1,44.73318468383925,1,63.34550917263544
11732,1,0,0,33.99102267243332,1,61.12947655774556
11733,1,1,1,53.31867738789649,1,66.58901875828246
11734,0,0,0,52.5286168099887,1,60.79535612223544
11735,1,1,1,34.21181298314113,1,61.28897642294049
11736,0,0,0,42.28327692846724,0,60.97273159738037
11737,0,1,1,39.34000046228807,0,58.79641988978968
11738,0,1,1,48.22847913703303,1,62.24216293482023
11739,1,1,1,70.2701986555731,0,64.41687737672471
11740,1,1,0,42.21055096131742,1,60.97958192275168
11741,0,0,1,35.67139033334257,0,55.5185656059747
11742,0,1,1,54.64128835946045,1,60.4023264260487
11743,1,0,0,57.86171395521905,1,63.39218377765512
11744,0,1,0,38.10033334806079,0,57.7159002750745
11745,0,1,0,54.1917779815465,0,66.17082362055602
11746,0,0,1,37.91153333991618,0,59.47962478428288
11747,0,0,0,37.1431122809613,1,62.7356117073499
11748,1,0,0,62.87420942831772,1,65.83403811362639
11749,1,1,1,64.15895746293548,1,63.48440361662287
11750,0,1,1,50.68975035127048,0,63.34492319597557
11751,1,0,0,44.66514265835598,1,63.52931386998381
11752,1,1,1,44.88014495422068,1,60.03734776486652
11753,0,1,0,63.56049458773921,0,63.34144804233931
11754,1,0,0,54.50309193052124,1,62.18944960853814
11755,1,0,1,64.05667731821364,1,64.30417278831538
11756,1,1,0,57.08435276209742,0,62.27275906739557
11757,1,0,0,45.35767829044874,1,65.11022921302944
11758,0,0,1,37.91038700221145,0,61.228107135927
11759,0,1,0,46.47215647655369,0,63.86306768012307
11760,0,1,0,67.7072285942844,0,63.78156366458465
11761,0,1,1,40.98334428975622,0,60.42656166101202
11762,1,0,1,76.77165310349375,1,67.64558813697904
11763,1,1,1,42.98615143224412,1,64.07805512614485
11764,1,0,0,65.51059157576434,0,65.66246620991161
11765,0,1,0,57.85229588901979,0,66.3044043650324
11766,1,0,1,38.28535618019907,1,60.71989628848379
11767,1,1,1,44.99280082469144,1,59.6854941265058
11768,1,1,1,52.73309470724946,1,63.9723685706982
11769,0,0,0,54.37285947082663,0,63.91402908469355
11770,0,1,1,41.04855564062692,0,59.80043461936247
11771,0,0,1,61.47495123573756,0,61.71519857846011
11772,0,1,1,26.18622367906037,1,56.47797576668478
11773,1,0,1,56.58521840696261,1,63.53630706627301
11774,0,0,1,31.98629027879467,0,58.34197595675285
11775,0,1,0,57.03129101055186,0,63.61620251915946
11776,0,0,1,41.02569416149021,0,60.48807597865947
11777,0,1,0,40.7797468541394,0,64.36927713687983
11778,0,1,1,43.78956390629514,0,59.6413092647878
11779,1,1,1,50.86791914379096,1,63.52862991299346
11780,1,1,1,47.86142735713897,1,63.59361858334001
11781,1,1,1,43.0399877791334,1,56.52230122554904
11782,0,1,1,41.03916192960889,0,58.20520985465147
11783,0,1,0,58.9745300181808,0,61.25593115660267
11784,0,1,0,47.61948285455686,1,61.77156036046244
11785,0,0,0,41.8404356395124,0,63.78333117949719
11786,1,0,1,59.86391324334273,0,62.7110714356302
11787,1,0,1,52.75104465576448,1,60.99939283926982
11788,0,1,1,54.96773407483316,1,63.35034959695366
11789,0,1,1,53.82358433453837,0,65.37506577828661
11790,0,1,1,29.6806864847629,0,61.56757782325158
11791,1,1,0,44.51259417024681,1,61.98472983839049
11792,0,0,0,50.91136018530046,0,60.18370943281627
11793,0,0,1,43.83952110031753,0,59.84570758459197
11794,1,1,0,41.69683457869871,0,60.65493955473247
11795,1,1,1,38.02489281911964,1,60.81605009275506
11796,0,1,0,51.57133079673386,1,59.95395034964795
11797,1,1,0,56.38531969487951,1,65.97661305926064
11798,1,0,0,41.94874904496133,1,63.45082976250804
11799,0,1,1,47.24921974032129,0,62.76698487065525
11800,1,1,1,51.40916994156533,1,60.31134600693882
11801,1,1,1,58.82156726113022,1,64.32343863001556
11802,0,0,1,34.64195338905868,0,62.62685626551499
11803,0,0,1,41.80241195766038,0,59.3691233880037
11804,0,1,0,56.0126428162276,0,62.32950403987818
11805,1,0,1,40.51518260005955,1,62.97511688693293
11806,1,0,1,56.59836781157845,0,61.4037943074541
11807,1,0,0,47.13697952465837,1,58.86412868424763
11808,0,0,1,55.63926090015697,0,58.93318360284265
11809,1,0,1,47.17320448310483,1,61.56603177745667
11810,1,1,0,43.32397172786317,0,62.28151182075403
11811,1,1,0,40.95703998743125,1,61.75742388402204
11812,0,0,0,40.14708718992405,0,63.20548413027521
11813,1,1,1,38.52961336747023,0,63.05087268756632
11814,1,0,0,54.93006758393261,0,65.60073053026588
11815,0,1,0,55.8300238171659,1,65.65181909431175
11816,1,0,1,46.36758485574511,0,58.93053842359668
11817,0,0,1,46.12975861771882,1,62.43540488411538
11818,0,1,0,62.18600918881194,1,66.79154165268152
11819,1,0,0,51.49492876374732,1,61.60846503955993
11820,1,1,1,54.97207617320009,1,61.71855601976834
11821,0,0,1,57.08137236614972,1,61.39751234681831
11822,1,1,1,44.43267586790225,0,60.23428692950708
11823,0,1,0,55.00446895348221,0,64.61293429750756
11824,0,0,1,56.35769110355665,0,60.47625404105262
11825,0,1,0,62.88741836202631,0,66.45869009554467
11826,1,0,1,64.44051465865644,1,65.63734551429307
11827,1,1,0,67.43752236745527,1,65.9912822508241
11828,1,0,0,50.65162919306761,1,66.42743189285494
11829,0,1,1,56.60052546548367,0,58.62574534021884
11830,0,1,1,35.67874051125138,1,57.75683025922278
11831,0,0,1,72.91740521269212,0,60.72382978549356
11832,0,1,0,60.57570852290409,1,65.73488479524453
11833,0,1,1,55.89744307530543,0,66.28488482345105
11834,0,0,1,49.3952864848908,1,62.91387860464221
11835,1,1,0,35.63395490407295,1,59.40044261110905
11836,1,0,0,52.24854373478833,1,62.67171935504336
11837,1,1,0,34.38431143570097,1,60.85206895600348
11838,1,0,1,44.19314555773768,1,61.29329180350501
11839,0,0,0,62.19490826205256,1,64.53263273283375
11840,0,1,0,51.10962813149303,1,64.36361220005878
11841,1,0,0,51.06712008617214,1,64.80252137552195
11842,1,0,0,45.7209004137938,0,62.09821253021163
11843,0,0,1,46.79457545034424,0,61.20949427221471
11844,1,0,0,51.25963159823129,1,63.44528890075459
11845,0,0,0,38.31931108922558,0,61.01496839252891
11846,1,1,0,54.15333248458109,1,64.66510401786428
11847,0,0,0,55.32896517309519,0,64.60892014144378
11848,0,0,0,49.48767518423985,0,63.04352732320874
11849,1,0,1,46.05783710226964,1,64.12619604986571
11850,1,1,0,62.13097535182327,1,64.02037561189523
11851,0,1,0,41.52761799255482,0,61.66527909603277
11852,1,1,0,44.12952070242569,1,61.96717531991122
11853,0,0,1,41.55414182087353,1,61.33037360271718
11854,1,0,1,47.18806903219981,1,60.73247758196949
11855,0,0,0,52.58569720449489,0,59.38115027224014
11856,1,1,1,74.70040714530455,0,67.22109903830908
11857,1,0,1,44.69484084619913,1,61.44932157406301
11858,1,0,0,54.2029029087446,1,64.03832669084409
11859,1,1,0,57.28524684936686,1,65.18737073017274
11860,0,1,1,38.30833557617922,0,58.51192723657516
11861,1,0,1,41.61074769675595,1,63.69685598750809
11862,1,1,1,39.08496629643991,1,59.38290009497118
11863,0,1,1,57.8546933423131,1,63.12366841368882
11864,1,0,0,58.6298085767381,1,65.93414559531899
11865,0,0,1,69.75573145504427,0,63.82301853709669
11866,0,1,0,38.18649440127871,0,60.82472759495933
11867,0,0,0,42.53133776646214,0,59.74852580155331
11868,0,1,0,47.15109356711914,0,61.37778611046606
11869,0,1,0,53.08442951950206,1,63.50751532215379
11870,0,1,1,50.07075051799137,0,61.54455285347525
11871,1,1,1,42.33877672163486,1,59.3867174769099
11872,1,1,1,45.56635555206683,1,61.34593709857435
11873,1,0,1,34.58657919945172,1,57.62997124498055
11874,0,1,0,43.53602707329312,0,58.49049598952317
11875,0,1,0,36.68299082753619,0,62.29048158629086
11876,1,1,1,45.66317299527009,1,64.94398453683095
11877,0,1,1,33.15281626302566,0,62.25853092431281
11878,0,0,0,36.89847803052048,0,62.58737930301631
11879,0,1,1,32.21790533109437,1,58.49936883292812
11880,0,0,1,44.92514880976135,0,59.26780953233649
11881,0,0,0,56.04731523653339,0,62.47192786190832
11882,0,1,0,55.84473720664352,1,64.41325428960975
11883,0,1,1,41.26317976911724,0,59.92456036025121
11884,1,0,1,40.37412139055359,1,64.75827553783711
11885,0,0,0,53.78957471088904,0,64.55207755548371
11886,0,1,1,53.23374641983411,1,61.87354250041636
11887,1,0,0,53.34881059769984,1,63.93403656815709
11888,1,0,0,45.3298193253813,1,64.58363721902514
11889,0,1,0,52.8470021540444,1,61.36799558903278
11890,0,0,1,50.02972793563032,0,60.95434940538247
11891,1,0,0,54.33566502018142,0,63.74358608211337
11892,0,1,0,67.19455473620374,0,67.27240818341367
11893,0,0,1,43.02124504756171,0,61.62439315953012
11894,1,0,0,45.49308056990547,1,62.20056688820765
11895,1,0,0,72.22850139985471,1,63.93801043507973
11896,1,1,0,67.85740748524066,0,65.58827597594153
11897,0,1,1,49.38852993618858,0,63.95835219359291
11898,0,1,0,51.91932391052144,0,63.14883419104301
11899,0,0,0,33.87540490161547,0,60.39482523243936
11900,1,0,1,35.20039039582603,1,57.25985714026017
11901,1,1,0,53.79253910460176,1,60.97602447088592
11902,0,1,0,42.30550963973675,0,60.78539516172069
11903,1,1,1,60.32066377878303,1,60.95487010896986
11904,0,0,1,37.20133253904171,0,56.43124123358135
11905,0,0,0,57.9465364987925,0,62.59043246672601
11906,1,0,1,52.89884970037442,0,61.10875320313198
11907,0,1,0,52.62116434858984,0,62.5591798004467
11908,0,1,0,30.219383453468,0,58.98420382444933
11909,1,1,0,40.15483811662651,1,60.88124357528467
11910,0,1,1,45.33549291816766,0,63.65536648593316
11911,0,1,0,52.11012723068601,1,66.47311453348097
11912,0,1,1,49.45968819142472,0,61.6869548934763
11913,0,1,1,37.42521707512627,0,58.14798032513568
11914,1,0,1,49.13815837724605,1,63.06648374536685
11915,0,1,1,42.27920250600312,0,60.49166037997724
11916,0,0,0,48.97487029434962,0,62.89483681090434
11917,1,0,0,60.3883236635887,1,65.96951636059936
11918,0,0,0,48.89053721969029,0,64.3186436457342
11919,1,0,0,45.26077844856292,1,62.40825224751311
11920,1,1,0,60.60566689132455,1,65.79031307034695
11921,0,1,0,43.03968483360171,0,65.72215249006612
11922,1,0,0,46.26921522193481,1,62.95527002027107
11923,1,0,1,50.64388059859073,1,63.39717695547147
11924,1,1,0,40.84756064959842,1,63.16941165921869
11925,0,1,1,32.06017188680956,1,62.16714147472203
11926,1,1,1,49.76410342291571,0,59.6124777108995
11927,1,0,0,40.88168345395535,1,62.15981094536487
11928,0,1,1,42.01375744318532,0,57.9498167509753
11929,1,1,0,71.13629884159647,0,65.95485107030534
11930,0,0,1,48.99237121799759,0,60.15150310825475
11931,1,0,1,60.93413493732753,1,63.02512194172772
11932,0,0,1,44.9921992535537,0,55.61888818295418
11933,0,0,0,43.10494927527007,0,58.09363321195622
11934,0,1,0,57.99378758503169,0,66.86275821203127
11935,0,0,1,53.9303159651018,0,62.02635695164329
11936,1,0,0,45.98164307505631,1,60.69469425073587
11937,0,0,0,40.6546051825981,0,60.44436494221262
11938,1,0,0,45.81050781845448,1,60.4087476882757
11939,1,0,0,37.43342179483291,1,60.76211899283457
11940,1,1,0,46.14240143592691,1,61.05639645506589
11941,0,1,0,57.0939264006674,0,66.5070552219543
11942,1,0,1,46.76907410901408,1,65.35836966754664
11943,0,1,0,71.48091924650609,1,64.21292414848448
11944,0,0,0,42.77849663159227,0,62.40046152128433
11945,1,1,1,38.37789745089974,1,56.56201045144373
11946,1,0,0,56.59462569579885,1,62.0270562967408
11947,0,0,1,47.55823999617913,0,61.03756252456793
11948,0,1,1,54.1308010098092,0,63.80073501270147
11949,0,1,1,59.2763893988896,0,65.79005373594191
11950,0,0,1,53.70735507016376,0,63.24508545319752
11951,0,0,1,49.0155562631661,0,59.17195757941094
11952,1,1,0,59.20939214812609,1,67.68187531228325
11953,1,1,0,50.70307790415371,1,63.08419971512691
11954,1,1,0,63.15859915557299,1,68.12826331324153
11955,0,0,1,51.71528316237793,0,64.01207590692506
11956,1,1,0,42.99075608129588,1,61.98386217291255
11957,1,1,0,35.18624382350723,1,62.65520073215701
11958,1,0,1,52.10551347081884,0,61.4685698494508
11959,1,0,1,70.74140047580056,1,66.51707005639665
11960,1,1,1,52.30282332150553,0,63.18194619296073
11961,1,1,1,46.71435301872317,0,59.95393279699434
11962,0,0,0,46.30476547189033,1,59.70156605531619
11963,0,1,0,55.77733537603124,0,62.33288068373469
11964,0,0,1,38.73899879372038,0,60.03451150993404
11965,0,1,0,34.35633549333567,0,60.97541081086602
11966,1,1,1,35.88318309776485,1,61.76763037193453
11967,0,1,1,51.59718710365836,0,59.53497383718675
11968,0,0,0,61.09727812099378,0,65.77727726364344
11969,0,0,1,67.41525722506069,0,63.84719636277842
11970,1,1,0,58.65764813237998,1,62.81577974611518
11971,0,1,1,49.44383507701855,0,64.03705390156156
11972,0,1,0,54.97675437897633,0,66.23745927909604
11973,1,0,1,46.67471349183111,1,63.40982891225568
11974,0,0,0,51.03328155456582,0,67.38602817393688
11975,0,1,1,57.27670778945065,0,58.92471756001698
11976,1,0,1,30.99738502353986,1,59.410262255422
11977,1,1,1,59.52904857974335,0,63.450921335164
11978,0,0,0,43.97303524194084,0,62.63284871287154
11979,1,0,1,24.10103772898162,0,54.73848461918135
11980,1,0,1,49.34357623189823,0,60.50082949086407
11981,1,1,0,52.18528601496102,1,62.16900782511591
11982,0,1,1,46.07346422603934,0,57.63744545631075
11983,1,1,1,52.44968864863285,1,65.26152628892267
11984,1,1,0,44.67852277303529,0,60.83873540498154
11985,1,0,0,47.00173374391942,0,61.39282036687244
11986,1,1,1,40.7205966582368,1,61.99197263014778
11987,1,1,1,48.89182118225742,0,61.33969100581079
11988,1,1,0,37.75702871171123,1,61.54991388847144
11989,1,1,1,34.46511684860168,1,58.28826002963169
11990,0,1,1,42.24948143716851,0,61.43505243658409
11991,1,1,1,47.20915594482263,1,59.56708553389662
11992,0,0,0,40.43278164934664,1,61.84431114026303
11993,1,1,1,52.4026013213567,0,60.96393349698566
11994,1,1,1,61.46543034359975,0,62.31811550354544
11995,1,0,1,52.65260007279016,1,63.04856667393273
11996,0,1,1,42.12647950358672,1,62.15130815965497
11997,1,0,1,43.21161516774495,1,61.79754909527548
11998,0,0,1,60.71640844515274,0,59.2557803372859
11999,0,1,1,34.92007841787835,0,58.61669363951884
12000,1,1,1,66.08844172761499,1,64.48812373715825
12001,1,1,1,57.78626174136817,1,65.6841188518916
12002,1,0,1,36.19532618925757,1,58.88220375432248
12003,1,0,0,54.12125084249649,0,62.44456980944526
12004,0,0,1,57.67808050713365,0,62.42240788362901
12005,0,0,0,58.76441889030839,0,63.67131427519735
12006,1,1,1,39.85647221073756,0,60.31902947856761
12007,0,0,1,43.04913587465513,0,59.07582982847866
12008,0,0,0,45.13238938431073,0,62.37748038489905
12009,0,0,0,44.80621125126993,0,61.43078952166283
12010,1,0,0,49.67969905698639,1,62.83257994764838
12011,1,1,1,60.32982167235723,1,63.74349097859271
12012,0,0,0,55.96939757315688,1,65.22592070666576
12013,1,1,1,42.06277154230764,0,59.24819860395192
12014,1,0,1,38.83959263516051,1,62.46845765409353
12015,0,1,0,33.27871289458111,0,58.22232403254881
12016,0,1,0,70.779200772433,0,67.99966497077126
12017,1,0,0,51.28164699331624,1,61.78945984518433
12018,0,1,0,45.04367646062314,0,61.53803602925316
12019,0,0,0,57.94513805747968,0,66.77169152685062
12020,0,1,0,50.71848249827057,0,64.33033086622521
12021,0,1,1,46.64676419432546,0,64.3967908909586
12022,1,1,1,60.33347898396042,0,63.67383690070376
12023,0,1,1,63.97800315904543,1,60.7938134859867
12024,0,0,1,45.74323611830339,0,58.88679397448469
12025,0,0,1,57.20895899495946,0,63.78113452555667
12026,1,0,1,53.94487147180947,1,61.10881312736839
12027,1,0,0,47.97970001329114,0,60.95494495168022
12028,1,0,1,59.17177807224327,1,65.87909021073864
12029,1,1,1,50.02396612270544,0,62.43208282600136
12030,1,0,0,52.55903225450223,1,65.61123576318171
12031,0,1,0,57.97635268118731,0,64.14630300902566
12032,1,0,1,50.63050503649225,1,62.71215069326609
12033,0,0,1,48.146587193842,0,60.15708682501986
12034,1,1,0,49.83968031965693,1,61.40828574344359
12035,0,1,0,51.47099923680567,1,60.00455942802986
12036,0,1,1,44.24820694679745,0,60.70776446954944
12037,0,0,1,55.61182933227438,0,60.05809197708857
12038,0,1,0,51.84769069051463,1,62.85200739527572
12039,0,1,0,42.41183691807556,1,61.39747467283061
12040,1,1,1,45.5036994970262,0,58.80084615189885
12041,0,0,1,50.1837944879092,0,59.0762457225573
12042,0,1,0,44.07449802671022,0,61.75583264496331
12043,0,1,0,53.0503760541087,0,64.23117324827724
12044,1,1,1,24.067371910081,1,57.06785047930254
12045,0,0,1,39.04741487381496,0,55.42672805350415
12046,1,0,1,50.93752247207079,1,63.25342349358196
12047,1,0,0,44.17323762377561,1,65.69077546274275
12048,0,1,0,41.21412991183339,0,56.691207790211
12049,0,1,1,48.11740197628917,0,61.21865683139354
12050,0,1,1,36.71581522353948,0,62.41463325165084
12051,1,1,1,34.29888241704224,0,62.35742327591849
12052,0,0,0,35.28122969670103,0,61.72322870800124
12053,0,1,0,67.60916259239366,0,64.24047892676704
12054,0,0,0,31.45718967936579,1,58.45099825790235
12055,1,1,0,63.54164281391577,1,61.54878377140446
12056,0,0,0,45.81828856097812,0,64.31678942873778
12057,1,1,0,36.35345603675064,0,60.1763911222592
12058,0,0,1,37.60835649506077,0,56.77571767350736
12059,1,0,0,45.50079506807739,0,60.21532076242497
12060,1,0,1,41.89701478199621,0,59.404949139392
12061,1,0,0,56.88068410204431,1,64.24213477669534
12062,0,1,1,44.40402855328483,0,59.4161820040732
12063,0,1,1,49.73667065250907,0,60.4306186342269
12064,1,1,1,43.66856959044273,1,64.60111853379139
12065,1,0,1,65.4431113234829,1,64.081864441759
12066,0,0,0,54.42655091998614,0,62.60449949675638
12067,1,0,0,54.18578095486729,1,65.14894992119696
12068,1,1,0,74.40987629772169,0,68.03779028120613
12069,1,1,1,31.54084590445896,1,57.68537332270083
12070,1,1,1,47.26805464033461,1,61.44794637965058
12071,0,1,0,62.70847776373571,0,64.99121407062579
12072,1,1,0,60.04813525555757,1,63.02615183864176
12073,1,1,1,44.28864493887632,0,60.47528096411452
12074,1,0,1,29.9878885390984,1,60.34776325037519
12075,1,1,1,38.41565716495966,1,63.23830898961688
12076,0,1,1,43.52095212737434,0,61.31968594443143
12077,1,1,0,59.23076261496704,0,66.30943379237746
12078,0,1,0,50.59901578457814,1,62.43983339540534
12079,1,1,1,45.54112779572843,1,63.56079290387503
12080,0,0,1,55.29644436128945,0,63.89175667901225
12081,1,0,0,47.4777445125202,1,68.30234916260027
12082,0,1,1,35.92887778199493,0,61.3320328220296
12083,0,0,1,61.50508454944175,0,63.45272011581999
12084,1,0,0,61.43961311561799,1,63.96251273696874
12085,0,1,0,57.10645623983421,0,64.67983113845523
12086,1,1,0,58.02944187221517,0,63.16380228678796
12087,0,1,1,40.5848423073699,0,59.8867003376406
12088,1,1,1,44.7767411149187,0,61.60160486789273
12089,0,1,1,41.13294815933608,0,61.62126346157206
12090,1,1,1,49.37728503544047,1,63.08813551818204
12091,1,1,1,57.11248544974349,1,64.27692925867737
12092,1,0,0,48.21428577599843,0,60.62245891309716
12093,0,1,1,55.88453868829667,1,59.31328453081736
12094,1,0,0,39.61374382376879,1,64.73008801847855
12095,1,0,1,45.3516345026582,1,56.8963118384119
12096,0,1,1,44.90536265150551,0,59.15443119803387
12097,1,1,1,38.84482754619141,1,58.09762049239063
12098,0,1,0,67.91985939458432,1,65.63338079926623
12099,1,1,0,39.36727921327676,0,59.50911146225203
12100,1,0,1,37.77080578589273,1,58.68734936331907
12101,1,0,1,37.43156651818583,1,62.441936446273
12102,1,1,1,54.98899710877689,1,61.42174519021295
12103,0,1,1,55.03337326886156,0,59.93896581389406
12104,1,1,1,61.70768639464509,1,62.8194357505491
12105,0,1,1,55.55891852149442,0,62.10695896061855
12106,1,0,0,51.01486194210548,1,62.74258391917155
12107,1,0,0,40.98437659324927,1,65.26074170311718
12108,1,0,0,66.31467627277797,1,65.54431459348346
12109,1,0,0,57.28175739877312,1,64.79334550995719
12110,1,0,0,44.61750986993889,1,60.35768430744169
12111,1,0,0,35.23187821561378,1,63.34420008753059
12112,1,1,1,52.66343274571098,1,65.58095844322335
12113,1,1,0,32.61198073534914,1,60.44761167577064
12114,0,0,1,40.25322042547069,0,59.15746072253223
12115,1,1,1,45.58063737770107,1,59.04046080045062
12116,0,0,1,40.41061547856628,0,59.7682311205385
12117,1,0,1,42.87652006543075,1,61.13635068117244
12118,1,1,1,64.68488972544176,1,65.44302495300627
12119,1,1,0,39.64258757650202,1,61.15829435926022
12120,0,0,0,56.02019894833114,1,67.09190279779693
12121,0,0,1,41.20109565732459,0,56.23100979973264
12122,0,0,0,47.2240369352969,1,64.23060257645685
12123,0,1,1,34.2349377158984,0,58.28227012286587
12124,1,1,0,57.64012633135123,1,67.94425184887116
12125,0,1,0,45.45371465163137,0,58.87713579500635
12126,1,0,1,53.94101466627709,0,59.45287040797034
12127,1,1,1,34.60473936285364,1,60.32682842773344
12128,0,0,1,48.97813396071441,1,58.89478465347787
12129,1,0,0,35.59506803251094,0,60.13184869665181
12130,1,1,1,50.36765818499926,1,60.42903164120599
12131,1,0,0,70.54911279377893,0,63.23977349796481
12132,0,0,0,35.55519246191673,0,61.59879322494026
12133,0,0,1,41.61945989004325,0,61.11110673339034
12134,1,1,0,56.88043603492639,1,64.20332073158821
12135,0,1,1,65.65988258871485,1,62.51748389910814
12136,0,1,0,56.88240206942768,0,64.76365784610971
12137,0,0,0,56.58469528267796,0,64.3687869431066
12138,0,1,0,50.70687242305412,0,62.54865912567651
12139,0,0,0,43.54318128700096,0,62.04617292476287
12140,1,1,1,28.63093052870814,1,56.64613759046556
12141,1,1,0,51.67556523115219,1,58.94695120586854
12142,0,1,1,33.11232509678764,0,59.52496144961566
12143,0,1,0,47.14847493695098,0,63.30596965873782
12144,1,0,0,50.58401966703811,1,64.24329714795259
12145,0,1,1,37.97254063281196,0,57.08812482918486
12146,0,0,0,53.37685472133865,0,61.47800265827359
12147,1,1,1,53.09013495399844,0,60.29342011440462
12148,1,1,1,36.82745324140036,0,58.17768414566221
12149,1,0,1,41.30101965337008,1,61.08228494619248
12150,1,1,1,52.11841658864401,1,66.25347604026982
12151,1,1,0,39.51259115451458,1,60.67850762594972
12152,0,1,1,57.07544370825995,0,61.38488228821291
12153,1,1,1,43.42703582434191,1,63.17850667352955
12154,1,1,1,48.57345259951317,1,60.5349630944474
12155,1,0,1,46.75251606134344,1,62.28898104116755
12156,0,1,1,55.67033728165085,0,60.99222476635811
12157,1,1,0,50.46956209163721,1,62.08005367451242
12158,0,1,1,31.55793482738097,0,61.73075527594303
12159,0,0,1,35.10777475876716,0,60.13646074594963
12160,1,1,0,55.55709420030017,0,66.00925687295684
12161,1,1,0,51.20169232343862,1,64.90539981634447
12162,1,0,0,51.78304347515141,1,68.33747078609973
12163,0,0,1,51.6040150373014,0,60.0854722641018
12164,1,1,0,46.03106795665309,1,62.48584160579839
12165,1,0,1,58.91499903354993,1,66.26567235116073
12166,0,0,1,48.60458891704982,0,63.32791268139602
12167,0,1,1,33.37290068843386,0,59.53810036780099
12168,1,1,1,53.79998704718513,1,59.73704461174157
12169,0,1,0,68.57330121973115,1,64.11679891920859
12170,1,0,1,48.6781085100895,0,62.18560667973021
12171,1,0,1,44.15545654174305,1,58.89725444080242
12172,0,0,1,45.74424864260548,1,61.49618974932277
12173,1,0,0,51.33679298962684,1,64.32748278118571
12174,1,0,0,56.62319799900777,1,63.21293094788898
12175,1,0,1,47.30257509622464,1,61.39366713802283
12176,1,1,1,40.19930464629006,1,60.38404089377121
12177,0,1,1,30.96012186956033,0,56.81067330179505
12178,0,1,0,33.85818946212162,0,59.73630030654149
12179,0,1,0,42.3682740893238,1,65.18218353565794
12180,1,0,0,59.78928883073839,1,65.25655273763134
12181,0,1,0,41.37804169175945,0,63.10433958155721
12182,1,1,1,46.77158641314317,1,65.60441148382466
12183,0,1,0,61.55823793282804,0,61.63992413792344
12184,1,0,1,50.5356037178112,0,58.80883423487411
12185,1,0,1,44.28333952253935,1,59.82013367174711
12186,1,1,0,56.76328188667979,1,64.93072937639657
12187,1,0,1,73.56296459820578,0,64.26874221530255
12188,1,1,1,41.80037632552518,1,61.28637821275859
12189,1,1,1,43.23659474885151,1,58.71332334208443
12190,1,1,1,45.48607479300522,1,62.64521069969192
12191,0,0,1,48.24214223317385,0,61.11307078199665
12192,0,0,0,45.58721673087308,0,63.57967015071311
12193,0,1,1,53.12866195888972,0,64.32967049940301
12194,0,0,0,35.64847531455741,0,57.94218555059772
12195,1,0,0,62.15432346482649,0,66.31311691415236
12196,1,1,0,47.20273084219576,0,59.61711981049736
12197,0,0,0,41.31860996566723,0,59.52347252877478
12198,0,1,1,41.06552616626134,0,60.58650298038547
12199,0,1,1,42.40752543587214,0,61.04913177585663
12200,0,1,0,66.89844547723692,0,62.39887709224859
12201,1,1,0,69.56506156262004,1,67.18626114229582
12202,0,0,1,46.22580402075529,1,58.84418678378435
12203,1,1,1,46.24983015371718,1,62.86685345066626
12204,1,1,1,46.79851049615122,1,62.18500695861922
12205,1,0,1,51.41595664329633,1,62.68926314060165
12206,0,0,0,66.60404770921389,0,67.53211620036427
12207,1,0,1,60.16388011742088,1,63.96268791247243
12208,0,1,0,65.88701898871238,0,63.97900960881915
12209,0,0,1,33.30385828326995,1,60.16573052936182
12210,1,1,1,33.47525686699404,1,59.03708812642161
12211,1,0,1,56.28537355415561,0,61.0263001459119
12212,1,0,1,42.83254543389793,0,56.40331778261668
12213,1,0,1,39.31964213926911,1,59.42306152423767
12214,1,0,0,45.17644523756367,0,61.73444783176209
12215,0,0,1,44.75570995863197,0,61.55984895319091
12216,1,1,0,50.2868243538399,1,63.0643832535492
12217,1,1,0,53.91360093401173,1,62.55521532673904
12218,0,1,1,51.49303909536987,0,64.46275578156208
12219,0,1,1,32.87229003593108,0,58.56517799911165
12220,1,1,0,45.95877509955322,1,64.27709151961542
12221,0,0,0,46.7139091054637,0,56.72513757673141
12222,1,0,1,50.66743495499031,1,58.02116550458638
12223,1,0,1,56.30496043942961,1,60.29695914164878
12224,0,0,1,47.10879842321898,0,58.42056628161711
12225,1,1,0,70.81569675185666,0,65.36853506096524
12226,0,0,1,46.61276788466557,0,62.98335357540966
12227,0,0,1,49.09334755171696,0,62.76997206655273
12228,0,1,0,59.30628765922687,0,62.74803394522372
12229,0,1,0,47.34195898471729,0,63.67660748125788
12230,0,1,0,49.73512211708811,0,65.17659651223428
12231,1,1,0,55.68496656066318,1,65.8326827806887
12232,1,0,0,41.04086197073465,1,59.97900213337783
12233,1,0,1,40.09337085895097,1,60.75405358378773
12234,0,1,1,41.47286300451989,0,59.255369553752
12235,0,1,0,44.7335855166583,0,63.32613742464412
12236,1,1,1,41.47537262200979,1,61.23612827713419
12237,1,0,0,54.25737515390228,0,63.19217832465922
12238,1,0,1,61.63552497761182,1,60.85519764142832
12239,0,1,1,49.11081970253733,0,66.00171535755227
12240,0,0,1,46.20703992825804,0,57.78939964310695
12241,1,0,0,58.75875938781002,1,63.95303734911683
12242,0,0,1,61.80857953202741,0,64.99597267933774
12243,0,0,0,50.16943008731535,1,62.41776634839574
12244,0,1,0,50.76574335750851,0,63.18561170737559
12245,1,0,0,38.49462017675567,1,59.96226536775509
12246,1,1,1,52.18442612799661,0,61.40857259188904
12247,0,1,0,57.4813658636551,0,62.48853840047313
12248,1,1,1,54.42183867079527,1,62.51853095672235
12249,0,1,0,50.00231864555665,1,61.77987425868987
12250,0,1,1,34.04082655539355,0,57.85292986457057
12251,1,0,1,56.31829088789371,0,63.57367990292624
12252,0,0,0,56.92753854086249,1,62.31886460103348
12253,1,0,1,53.577227251416,1,63.73752741637526
12254,1,1,1,56.68024224009702,1,64.9611539591312
12255,1,0,0,51.51713929017658,1,65.62092270656265
12256,1,0,1,31.80563389297836,1,59.94798727796805
12257,0,1,0,63.00131547457624,1,61.99887179318185
12258,0,0,1,57.45555655618055,0,60.86756843262168
12259,0,1,0,45.71673123780028,0,62.46858307107969
12260,1,1,1,48.67574884488739,0,61.3854869389293
12261,1,1,0,51.06204583692593,0,64.28591819170536
12262,1,0,1,41.97713531256829,1,56.87911512375081
12263,0,1,0,80.92730543848018,0,69.72910001120229
12264,1,0,1,68.25918382146209,1,64.53987232651842
12265,1,0,1,48.08162969104605,1,59.26156606208194
12266,0,0,1,40.73553256831089,0,60.39013708834463
12267,0,0,1,71.00903007466816,0,62.31341346536766
12268,1,0,1,57.55786645033213,1,67.48985191593682
12269,1,1,1,28.77089876718975,1,58.09109537525597
12270,0,0,0,51.1705526701715,0,62.51554052791607
12271,0,1,1,62.93593713039887,0,62.25415641609781
12272,1,0,0,43.05210306034144,0,61.03061423883202
12273,1,1,1,54.55061513307059,1,64.3578994198526
12274,1,1,1,75.58091431387709,1,69.72591389814932
12275,1,1,0,53.40606235949802,1,65.70834849008054
12276,0,1,1,50.42087231854745,0,59.49684240610981
12277,1,0,1,54.60536359271389,1,62.49510435284414
12278,1,0,1,58.84854642097928,1,60.84300150720144
12279,1,0,0,51.07438259624994,1,62.98354152662591
12280,1,0,0,62.75689305749818,1,63.10472719529123
12281,1,0,0,47.1142537995878,0,60.72436146423536
12282,1,0,0,39.60025374842623,1,62.32930225044728
12283,1,0,1,48.2366438981545,1,61.86082206704546
12284,0,1,0,58.25351832312075,1,63.36969823671294
12285,0,0,0,47.97219771492259,0,63.97145972070393
12286,0,0,1,63.66463360796142,0,63.97756181498983
12287,1,1,0,50.52656615088451,1,62.79651704507555
12288,1,0,1,45.93770482015212,1,60.7606232529933
12289,1,0,0,63.86286250039111,0,63.1769915217462
12290,1,0,0,37.11071380849832,1,64.02448693759872
12291,0,1,0,52.3620129376868,0,66.27313294852202
12292,0,1,0,44.30710520428211,0,63.73763165349144
12293,0,0,1,44.61958609038318,0,61.81034848948262
12294,0,1,1,65.82690885110421,0,65.8373237332429
12295,0,0,0,36.84784696205838,0,59.43470643245201
12296,0,0,1,54.30468883882375,0,62.19963771327832
12297,1,0,1,56.18156953863186,0,63.53220844743382
12298,1,0,0,58.72117986792254,0,65.74035126584889
12299,0,1,1,51.52792636860848,0,59.91673568777775
12300,1,0,1,45.03794342916393,0,59.39967773713589
12301,1,1,0,69.85996863661032,1,68.00709675915084
12302,1,0,0,41.56894167199393,1,61.31943783120686
12303,0,0,1,51.08269868531539,0,61.23387642450447
12304,0,1,1,54.06032554841075,0,61.4174332694737
12305,1,0,1,38.33098787113342,0,60.25508750950177
12306,1,1,0,54.94027124167494,1,66.79953990806951
12307,1,1,1,47.50885699709799,1,62.12037459059137
12308,0,0,1,47.55278441328931,0,58.7521275514647
12309,0,1,1,38.82813126542796,1,57.27626418360342
12310,0,0,1,30.97881158586198,0,56.3457033781543
12311,1,1,1,40.21633624015941,1,59.40175797734762
12312,1,1,0,45.69783698577744,1,63.51531125311175
12313,1,0,1,46.00644163266983,1,60.97112583700716
12314,1,1,0,59.10114981544685,0,67.03235504602162
12315,0,1,0,65.90240108875891,0,66.37190523309636
12316,1,1,1,47.07848357798115,1,60.18809303975991
12317,0,0,1,35.08842735785608,0,59.46663758949432
12318,1,1,0,47.63917135444001,0,64.05218570517334
12319,0,0,1,42.72125873510367,1,62.68423007561739
12320,1,1,0,56.944305230975,1,64.80372615783352
12321,1,1,0,54.54954017218449,1,65.29561320077508
12322,1,1,1,24.77559705269782,1,57.72385393730745
12323,1,1,1,24.66703615281947,1,58.06541341596332
12324,1,1,0,38.24876923744415,0,63.13595087800079
12325,1,1,0,66.52632295651081,1,66.81640758125195
12326,1,0,0,54.39328204109493,0,65.47585989069673
12327,0,1,0,53.80516522427735,0,62.92285201610577
12328,1,1,0,54.41305909328241,1,65.05067310811859
12329,1,1,1,49.97037371494047,1,63.69715417764731
12330,0,0,0,31.80899338884323,0,58.35655075078233
12331,1,0,0,51.46052066207876,0,64.60556006802085
12332,1,1,0,32.43016417054987,1,62.13866933568809
12333,0,0,1,30.8094426237079,0,58.81371159248381
12334,1,1,0,50.04690559902657,1,61.77771116720293
12335,0,1,1,52.69118555287722,0,60.26507166603449
12336,0,0,1,44.99865802180122,0,61.54459125487293
12337,0,1,1,43.09453918005922,0,60.19454264761653
12338,1,0,0,64.75335764086714,1,66.77951415258119
12339,0,0,0,40.68567619233204,0,60.626692030402
12340,1,0,1,33.41251448103094,0,58.29888207159706
12341,0,0,0,38.10677108824291,1,61.60265424789171
12342,1,0,1,40.7920275408044,1,59.36398496090233
12343,0,0,1,51.83918416104297,0,62.12945829495321
12344,1,0,1,56.28226597283169,1,61.08295251931892
12345,1,1,1,64.95574698166671,1,61.88174301415251
12346,1,0,1,52.47603245695093,1,63.23878933885494
12347,1,0,1,42.66064460132535,1,58.13246338326908
12348,0,0,1,53.54485935745595,0,61.00186706901928
12349,0,1,1,47.32615411837325,0,62.67844118803821
12350,0,1,1,56.36080964248126,0,59.01025322520308
12351,0,0,0,36.43294891913406,0,62.81724646305059
12352,0,1,1,42.59425052649598,0,61.45633045277783
12353,0,1,1,42.53829266932161,0,63.48082308327787
12354,0,1,0,52.71883780575047,0,62.58923317053487
12355,1,0,0,41.01112806864781,1,61.33595926736354
12356,1,0,0,55.49775387203803,1,65.45324624668137
12357,1,0,0,37.90160990874392,1,63.77250922488107
12358,0,1,1,38.78110391827276,0,60.14532428521751
12359,0,1,1,52.87327416805428,1,65.93599645013504
12360,1,1,0,59.27704809362348,1,63.80102685254518
12361,0,1,0,63.26764560774212,0,65.27408036015814
12362,0,1,0,55.97691600093744,0,61.77858070922947
12363,1,1,1,46.23211053955706,1,62.12721916133369
12364,1,1,0,45.68466823710899,1,62.26349841138899
12365,0,1,1,61.74539416414971,0,63.45211643703409
12366,1,1,1,44.3909258889654,0,63.25301793309768
12367,1,1,1,50.81926731311147,1,62.74915623433674
12368,1,0,0,51.77801196093398,0,60.49876641228976
12369,0,1,0,63.87398371962693,0,66.03432620951961
12370,1,1,0,45.62164525033121,1,63.8018585420983
12371,0,0,1,43.71617398430863,0,56.78561040820167
12372,1,0,0,52.6545701464544,0,61.34360692197019
12373,0,1,1,57.4379493274142,0,62.16311568046284
12374,1,1,1,65.9673488108584,1,64.53601464547354
12375,1,1,0,31.81969774315989,0,59.074905009365
12376,0,1,1,44.2611375409685,0,57.28979658901824
12377,1,1,1,53.58420841971513,1,63.37185930507994
12378,0,0,0,59.56051605535439,0,63.23303356800721
12379,1,1,1,40.28356788831249,1,62.56429000107278
12380,0,0,1,50.01812066753875,0,63.72684690698676
12381,0,1,1,51.09849704432271,0,59.04917644590186
12382,1,0,0,58.42607161767697,0,62.10252857186196
12383,0,1,1,45.60053415952683,0,59.32331423617283
12384,1,1,0,52.54618463572643,1,65.89164543721284
12385,1,0,0,42.64376685189302,1,58.74135975444862
12386,0,1,0,52.05080044725972,0,61.16874512531515
12387,0,1,1,47.94723117427107,0,60.71285729455774
12388,0,0,0,50.67248193035835,0,61.31509395680141
12389,0,0,1,51.41860793507801,0,64.08352725826619
12390,1,0,0,42.35204279048364,1,61.06876127531798
12391,1,1,1,29.31724284892906,1,59.80989101957514
12392,1,1,0,49.16435156708705,1,63.95825889093387
12393,1,0,1,33.17426763874207,1,60.08213006160479
12394,1,0,1,40.11654525619582,1,59.25266452212249
12395,0,0,1,28.46271601266265,1,61.42777080650439
12396,1,0,0,63.8263988133731,1,65.66378213935592
12397,0,0,0,54.57312422191322,0,60.44688628282168
12398,1,1,1,37.59717981695027,1,59.14227626445784
12399,1,0,0,38.17352376150288,1,59.36204241761094
12400,0,0,1,43.39326147519526,0,59.52195222758528
12401,0,1,0,55.71083647964164,0,63.63521653641865
12402,1,0,1,34.34072081561075,0,58.2629472770226
12403,1,1,1,50.70707188936452,1,64.34986689059886
12404,0,1,0,57.82528742308349,1,65.58478633164637
12405,1,0,1,46.6590743914749,1,58.17616795254851
12406,0,1,1,36.3053003709686,1,56.53199656672525
12407,1,1,0,26.31373423573377,1,59.19418928015018
12408,1,0,1,37.21351378539558,0,58.8281506550862
12409,0,0,1,55.72650683849717,0,60.75095939694614
12410,1,0,1,39.09591013388086,1,59.34482907140012
12411,0,0,1,52.17964949657376,0,63.27376264770298
12412,0,1,0,71.74228129300924,0,62.74041156732286
12413,0,1,0,48.47652171601676,0,62.00997708691883
12414,1,0,0,40.34495944337086,1,62.60808743703249
12415,0,0,1,41.93994599240509,0,62.0858117039083
12416,1,0,1,34.66905759993706,1,58.81202691683522
12417,1,0,0,66.49127994044501,0,65.24934791238128
12418,0,0,0,45.69532482630797,0,63.06548056176872
12419,1,0,1,24.90350049572256,1,57.78826022835678
12420,0,0,1,46.82565497344281,0,60.38344392616328
12421,1,0,0,45.03937592279033,1,62.580003438761
12422,1,1,1,41.40823104311819,1,60.89180971597843
12423,0,0,0,47.5435014667007,0,64.95156118761447
12424,1,0,1,45.63666992650143,1,61.64477957697655
12425,0,0,0,48.65990441226296,0,59.81318945733229
12426,0,1,1,55.72119311449313,0,58.92025102286632
12427,1,1,1,50.84303297859012,0,60.01035702244067
12428,1,1,1,39.00559170765482,1,60.53621027572716
12429,0,0,1,57.38735092536059,0,61.70778132161411
12430,0,0,0,49.0397474278217,1,64.5419846314052
12431,0,1,0,60.38962894499445,0,67.64858391051897
12432,0,1,1,54.87290469645179,1,64.54402796292351
12433,1,0,0,59.96752916891152,0,65.11279694705264
12434,0,0,1,41.83888077070128,0,61.15792780055938
12435,0,0,0,49.97745914693997,0,62.23812650262679
12436,1,1,1,50.67878283702282,1,62.08784775683073
12437,1,0,0,43.72365289088449,1,64.02696715731122
12438,1,1,1,47.80763282571859,1,63.40950694092157
12439,0,1,1,48.74524946848629,0,64.21774347365854
12440,1,1,1,63.8807583258862,1,64.60010572314594
12441,1,0,1,47.31266259112152,1,63.41830665666323
12442,1,1,0,64.45415313203328,1,70.85779597581129
12443,1,1,1,40.45044955151818,1,60.78756497880146
12444,1,1,1,31.80359084834375,1,62.99022525475291
12445,0,1,0,65.1317953402847,0,65.64140455006486
12446,0,1,0,64.08847539338612,0,63.81687857798862
12447,1,1,0,70.35980014883761,0,64.9055156254218
12448,1,1,1,55.69575187752096,1,66.60041822716138
12449,1,1,0,56.46938722760845,0,67.33670720868565
12450,0,0,1,32.29998864014194,0,58.17675181009626
12451,0,0,1,29.88008397329354,0,56.76204890629938
12452,1,0,1,42.41935121900897,1,60.30315335245448
12453,0,0,0,47.96346242376694,0,64.67680828099064
12454,0,1,1,35.31461118477759,0,59.66311595226316
12455,0,1,0,47.17127084833441,0,62.17983509980169
12456,0,1,1,41.25804987590755,0,60.34110481285081
12457,1,1,1,61.12661005023573,1,66.4533850078848
12458,1,1,1,46.6865604807836,1,63.9211974510263
12459,0,0,0,56.26119758185101,1,65.41009014113784
12460,0,1,0,56.59351064033891,0,64.43013320650068
12461,1,1,1,35.81148238295218,0,61.544034346792
12462,0,0,1,20.38637789108374,0,53.55492693406423
12463,1,1,1,53.31504528830849,0,62.19519655669895
12464,0,1,1,58.2111992880661,0,65.25018655645245
12465,1,0,0,45.37396812913811,1,62.65752255577354
12466,1,0,1,50.6872045518878,1,64.15419464190202
12467,0,1,1,45.61515027760579,1,60.37751721179872
12468,1,1,1,41.33414348176051,1,60.51256999853629
12469,1,0,1,45.4566274625204,1,60.63787253504906
12470,0,1,1,35.91354142064752,0,60.61812107806805
12471,0,1,0,56.35297551167888,0,64.46827608828572
12472,0,1,1,57.18091184790836,0,63.96653334674858
12473,1,1,0,46.32266634272445,1,60.14261094892933
12474,1,0,1,50.6899363588992,1,62.00727061036192
12475,1,0,1,51.42410036114889,1,61.03822595763543
12476,0,0,1,31.32401033112183,0,57.2866431273458
12477,0,0,1,58.2718594145975,0,60.97777360546786
12478,1,1,1,54.88765590600556,1,58.82346689357882
12479,1,1,0,40.64390805556003,1,62.18350846529894
12480,0,1,0,63.53919733846637,0,63.59813198120118
12481,0,1,1,64.42948601747557,0,63.90486909830315
12482,0,1,0,49.39106624120072,0,61.88335040073743
12483,0,0,0,58.87539419261822,0,59.52378609794245
12484,1,0,1,55.19901534300564,1,61.10035344458228
12485,0,1,0,64.5858888745618,1,67.06439027959074
12486,1,1,1,41.90306915087685,1,60.29965864341511
12487,0,1,1,49.03572936115883,1,61.41138556107629
12488,1,0,0,53.44223571274694,1,64.84415069846401
12489,0,0,1,35.99243139573628,0,58.96182999840305
12490,0,1,0,55.6493978034859,0,65.2797672623697
12491,1,1,1,53.041219347511,1,63.71682975742391
12492,1,0,0,45.56582958623748,1,60.25455988173997
12493,0,1,1,43.1456722298583,0,56.77396834354847
12494,0,1,0,46.75771954437835,1,62.82754682727563
12495,0,0,0,52.94039717029477,0,61.88751675086306
12496,1,0,1,46.19457087830154,0,62.30368822422137
12497,0,0,1,37.416091069218,0,59.63655003521837
12498,0,0,0,50.19062941973142,0,62.69821993176765
12499,1,1,1,39.17342016878829,1,60.4842525394103
12500,1,1,1,60.63647833613591,1,63.8470048029034
12501,1,1,0,67.02596620459036,0,66.95389138936605
12502,0,1,0,64.0299927559149,0,64.50956625894921
12503,0,0,1,39.91288046192666,0,59.38608383257586
12504,0,1,0,65.04596135443472,1,65.4517298267986
12505,0,0,0,42.74566476839631,0,59.44194922947511
12506,1,1,1,50.30946555239858,1,63.66134583083726
12507,0,1,1,37.54012782596682,1,57.63062690614052
12508,0,0,1,26.60868705050014,0,57.78897539801984
12509,1,1,1,53.1110428753571,1,59.51655368482168
12510,0,0,0,56.97785042947877,0,65.32130159161848
12511,1,1,1,42.60703095150682,1,59.5306992708171
12512,1,0,0,39.59395557901725,0,61.01862639245251
12513,0,1,0,63.40000693023856,0,64.71165215812363
12514,1,0,1,42.36823172123618,0,62.16181662640373
12515,1,1,0,52.90458974999357,0,63.25194588482383
12516,0,0,0,66.7856037949484,0,63.65798460911009
12517,0,0,1,23.44961040048239,0,54.65116817130295
12518,0,0,1,38.70408877025483,0,58.30455395785662
12519,0,1,1,53.34728437803954,0,60.81651044152482
12520,0,1,0,42.89370240926603,0,64.28187511130345
12521,1,1,0,49.43086433363779,1,63.3038796853106
12522,0,0,0,47.62131967887498,0,62.6332841570792
12523,1,1,0,47.38897916254371,1,64.4111922541486
12524,1,0,0,30.41043747566944,1,63.63915428593419
12525,0,1,1,51.72603088151289,0,61.01362683356572
12526,0,0,0,45.58640392843132,0,62.96629205228065
12527,0,1,0,30.26343406456724,0,61.69674994133842
12528,1,1,1,43.68235252535132,0,62.09518075349177
12529,0,1,0,60.94208572406679,0,65.42809747739558
12530,0,1,1,37.16956653289735,0,60.40144844017737
12531,1,0,1,37.99892301573527,1,60.58989447891263
12532,0,0,1,38.49973001108038,0,62.40149970720594
12533,0,0,1,32.47304115727545,1,57.35555537421168
12534,1,1,0,20.10101096493146,0,56.36381699526198
12535,1,0,1,35.52475384021254,1,60.23916555766454
12536,1,1,0,49.60485662564726,1,62.6907631157173
12537,0,1,0,53.94860706826052,0,65.49420797945302
12538,1,0,0,59.71858280762811,1,65.2658732611437
12539,0,0,1,60.62296084949352,0,60.50546707700625
12540,1,0,0,55.74912484591304,0,61.97909258383662
12541,0,1,0,45.40120194260837,0,60.90708455778979
12542,1,1,1,52.38871004866103,1,63.80575871249818
12543,0,0,1,50.405006468116,0,62.48138280301605
12544,1,0,0,38.31163240629918,1,63.65696731971202
12545,1,1,0,45.06512922233904,1,65.59642816961401
12546,0,0,0,63.4979358878436,0,64.54376913778401
12547,0,1,0,38.75338997207088,1,62.29440157598898
12548,0,0,0,43.75549428392367,1,61.0834495397451
12549,1,0,0,66.42943114629817,1,63.94705741661129
12550,0,0,1,45.67295960467659,0,59.75531332799402
12551,1,1,0,51.46003499059457,0,63.84908561826224
12552,1,1,1,59.24818264124114,0,64.33942226478362
12553,1,1,0,53.55222842956213,0,64.00262849760502
12554,1,1,0,52.71877197107855,1,69.55639859039448
12555,1,0,0,50.92356855466953,1,63.16620889459917
12556,0,1,0,39.0073652255829,1,63.27722879699754
12557,1,0,1,50.66686415353375,1,61.7236007320186
12558,1,0,0,59.04303107554507,1,63.00487126482054
12559,0,0,1,25.26165947021676,0,61.72457560763661
12560,1,0,0,38.01930219297973,1,62.19631653151735
12561,0,0,1,57.7891603548283,0,60.34047773944528
12562,1,1,1,56.51707810583058,0,62.74712884129632
12563,1,0,0,46.65330996028521,1,62.4680343406553
12564,0,1,1,46.08472125389933,0,63.77898407862837
12565,1,1,0,64.52334996907577,1,64.50872644073246
12566,1,1,1,23.50125577121364,1,57.34188526828494
12567,1,0,0,62.29271499239918,0,65.91309154343999
12568,1,0,1,58.30895891705887,1,61.41435050105647
12569,1,0,1,53.53992719788194,1,61.1830066763484
12570,1,1,0,52.92556268711271,0,61.2237711682515
12571,0,1,0,53.20638070356318,1,63.16437953696315
12572,1,0,1,46.58451777259886,1,58.2551156448631
12573,0,1,0,25.06540898693253,1,57.34150171417397
12574,1,1,1,49.77929129092415,1,60.65318594769892
12575,0,1,0,46.49498702067566,0,63.68102895565058
12576,1,0,0,43.620582769567,1,61.15149096940762
12577,0,1,1,36.07898698843295,1,57.83916728902945
12578,1,0,1,33.98891978820184,1,58.52660200545347
12579,1,0,0,48.92782572330145,0,62.24968735362464
12580,1,1,1,50.54354457653677,0,60.55365868423746
12581,0,1,0,62.960496447711,0,65.82281439331766
12582,0,0,0,54.43499263868127,0,62.30021246266457
12583,0,0,0,57.35304913817157,0,61.75177546564634
12584,0,0,1,39.71992885991662,0,58.65191682098672
12585,1,1,1,51.4843072081165,0,65.0576466809524
12586,1,1,0,64.92294958905478,1,68.12901022899028
12587,0,0,1,47.68774220134765,0,59.00554008220374
12588,0,0,0,38.54167443597805,0,62.37126892505423
12589,1,1,0,62.4034836400887,0,63.38327916722065
12590,1,0,1,41.35738673108889,1,60.99087799269346
12591,0,1,1,48.97873800736927,0,60.347144490127
12592,1,0,0,60.74224529261071,1,66.36557040304851
12593,0,1,1,56.71517298970289,0,62.22034093310159
12594,0,0,0,38.64065354148067,0,64.61156605069657
12595,0,1,1,40.17369762721442,0,61.95542346104586
12596,0,1,0,51.62927715451345,0,62.70077212708508
12597,1,0,1,39.49026717450239,1,61.10865065691603
12598,1,0,1,25.64264779045284,1,56.76516257305845
12599,0,1,1,55.64307819063768,0,59.20379487477614
12600,1,0,1,50.98008536398641,1,60.8962193343859
12601,1,1,0,37.00979495319478,1,60.15297713887996
12602,0,0,0,44.80396336885142,1,62.13388645550671
12603,0,1,1,67.85497422880896,1,65.58244770415195
12604,1,0,0,41.90567438217688,1,63.58611040102158
12605,0,1,0,51.96105101873368,0,63.32330830431297
12606,1,1,0,48.08353087892235,1,64.24263981747718
12607,1,0,1,64.32276530800124,1,63.46908324046244
12608,0,0,0,43.48119049672876,0,59.98402714344392
12609,1,1,1,43.51154542540851,1,63.01277959938774
12610,0,1,1,26.80510088951569,0,57.57777009854278
12611,1,1,1,74.80702026358583,1,66.75074405168853
12612,0,1,1,53.13422003485679,1,64.57277634335995
12613,1,1,0,52.52820195571637,1,67.11441568692844
12614,0,0,0,46.94672050533944,0,61.28563692905678
12615,1,1,1,55.03634538476408,1,62.52414471399775
12616,1,0,1,55.51532330647346,1,64.32717075619004
12617,1,0,1,35.337619249977,0,59.6418343396714
12618,0,0,0,37.53974380894678,0,58.72185347108842
12619,0,0,0,59.22875206311038,0,63.90064711896499
12620,1,1,0,50.49311170522298,1,62.10833954205676
12621,0,0,0,51.70443712334234,0,63.44403249697935
12622,0,0,0,62.87983444083203,0,65.70832062597799
12623,1,1,1,74.40929903358594,1,64.61729559645681
12624,0,1,1,50.75127696011276,0,58.58876452525228
12625,0,1,1,45.45957495672277,0,58.09052919075456
12626,1,0,0,57.514156806063,1,65.69193078172422
12627,1,0,0,40.77009101623371,0,59.87714090486973
12628,1,0,1,51.57930257619351,1,64.22737383985039
12629,1,1,1,36.93404118057542,0,59.71864777627223
12630,1,0,1,30.46524717207413,1,55.51727282911949
12631,0,0,0,56.21109597200585,1,65.05255694616852
12632,0,0,1,54.80024221245755,0,62.74176654854407
12633,0,1,1,58.91964170661842,0,63.73793833402835
12634,1,0,0,59.06859166160271,1,63.6673822061802
12635,1,1,0,30.66865444952903,1,63.22803104481421
12636,0,0,1,35.84067346904324,0,59.58632374274942
12637,0,0,0,51.84771243259586,0,64.20359182737296
12638,1,0,0,60.71769839821212,1,65.51033162445859
12639,1,1,1,47.22562790536828,1,63.01800955596663
12640,1,1,1,49.57265395292164,1,62.40970386483614
12641,0,1,0,40.61816345961785,0,62.0184945921445
12642,1,0,0,57.5617069614578,1,65.06833497873362
12643,0,0,0,38.00516639515945,1,60.51702042476905
12644,0,1,0,43.78066000383304,1,64.22476930708717
12645,1,0,0,60.63134670408411,0,61.30758435367488
12646,0,0,0,36.00806144867524,0,61.26118665473167
12647,1,1,0,35.15486143236309,1,62.82907823452429
12648,0,0,1,33.47435847253422,0,60.88981621766629
12649,1,0,0,57.75939276761559,1,67.30443743419355
12650,0,1,0,44.02288540473944,1,63.60775345429614
12651,1,0,0,38.24744280293501,1,59.5274488021842
12652,1,0,0,54.81044815049934,1,65.89040670071331
12653,1,1,1,41.88443077189049,0,59.11676244807894
12654,0,0,0,63.71066484335035,1,65.28602161551187
12655,1,0,0,43.5046304864488,0,61.14432200805148
12656,1,0,0,60.46351031213672,1,63.47173830151282
12657,0,1,1,66.51665332741254,0,60.01972079460167
12658,0,1,0,46.28195821034316,1,63.99557831754674
12659,1,1,0,60.7392045788874,0,67.16396938157439
12660,1,0,1,40.22911641003117,0,56.16786959281418
12661,0,0,1,54.13079387998388,0,61.67045249783946
12662,0,0,1,61.26425995835859,0,63.24540230745911
12663,1,0,0,51.32152948183446,0,62.67819919727747
12664,0,0,0,45.02513552999108,0,61.20852322610549
12665,1,1,1,55.50312580381846,1,64.57653930596462
12666,1,0,1,37.22596307309043,0,60.29116884045474
12667,0,1,1,53.73301954236377,0,62.57754926404554
12668,0,0,0,52.86197748044445,0,63.03527938276599
12669,0,0,0,46.74736594315831,1,61.45079009013086
12670,1,1,0,65.31666173052902,1,66.62019143791825
12671,1,1,0,48.51121387406584,1,64.67292928290895
12672,1,1,1,53.10769531818288,1,62.71946184115288
12673,1,0,1,52.58524135195825,0,61.22095918682376
12674,1,0,0,49.10117265469476,0,63.98616408704773
12675,1,0,0,61.10463220151033,1,62.89857666419559
12676,0,1,1,53.64760374464026,1,63.36840419656767
12677,1,1,0,44.96635547233182,1,60.36994754343289
12678,1,1,1,48.57710125513816,0,57.44674019677538
12679,1,0,1,51.2893424100677,1,62.18167630883144
12680,1,0,1,58.82334092633313,0,61.02743681747609
12681,0,0,0,43.5285701255613,0,61.291438812545
12682,1,1,0,64.15400505628972,1,68.64770074255973
12683,1,0,1,67.65722181158172,1,63.9325112164241
12684,0,0,0,60.93185126107502,1,61.46279242935905
12685,1,0,1,54.42465740266483,1,65.7484876263609
12686,1,0,1,54.09598017353674,1,64.03175139547626
12687,1,1,1,38.57048733465266,1,59.05258956444218
12688,1,0,1,30.12608261276053,1,54.83583108568412
12689,1,1,1,48.83796023988316,0,63.23905249715928
12690,1,1,1,39.4802043165967,1,59.36904857496659
12691,0,1,1,16.54420831231613,0,54.60239182168957
12692,1,0,0,53.58065239011037,1,65.44578870131041
12693,1,0,1,58.93563532300469,1,64.7972229400129
12694,0,1,0,73.87485622516535,1,66.74477873172157
12695,0,1,0,68.24591736431569,0,65.24024281887203
12696,1,0,0,65.60485275219952,1,63.4741619956722
12697,0,0,1,60.2064820215393,0,61.71449040003451
12698,0,1,1,46.67139887928506,0,60.95785786797084
12699,1,0,0,46.46907885857596,1,63.1197425760859
12700,1,0,1,18.71869918715875,1,55.87080653747027
12701,0,0,1,53.73538255501945,0,60.93926152650623
12702,1,0,0,44.31216891700932,1,65.11229914432778
12703,0,1,1,41.56614815488273,1,59.6203587158503
12704,0,0,1,31.03624554034456,0,59.02174143326344
12705,1,1,0,39.35114893811065,1,65.36670935091952
12706,1,0,0,63.09950561498276,1,66.41584055421885
12707,0,1,1,41.70341001640254,0,59.7629928173448
12708,1,0,1,51.04573932097775,1,59.72255793968628
12709,0,0,0,49.02007175001205,0,63.72650667782676
12710,0,1,1,23.12128689521164,0,55.9115675768714
12711,1,0,0,41.30863340073316,1,59.72322799457215
12712,0,0,0,38.12192134408195,0,56.78416679094418
12713,0,0,1,53.24135608407867,0,59.87254980159619
12714,0,0,1,41.10766755330356,0,59.32682929153796
12715,0,1,1,39.28294688986476,0,59.12445416660344
12716,1,0,1,44.59676587628529,0,61.062597374548
12717,0,0,1,36.6685759166495,0,56.8841746539815
12718,1,1,1,54.24530312048511,0,62.68639072842746
12719,0,1,0,51.89765438487319,0,62.88971683082227
12720,1,0,0,52.55893378138602,0,62.7094924267243
12721,0,0,1,29.97921879420308,0,58.02429341625474
12722,1,1,1,40.36956279434527,0,60.17601012396507
12723,1,1,0,41.03322706101396,1,62.0990531645292
12724,0,0,0,48.34865381162164,1,61.75051167219267
12725,1,1,0,51.43651214294694,0,63.99953577024161
12726,0,0,1,45.77447536137029,0,60.60477875232741
12727,0,0,1,48.25148986924993,0,58.33748065374996
12728,1,0,1,56.78101466346821,0,63.34512977303262
12729,0,1,1,64.8188323824741,0,61.02282903454657
12730,1,1,0,38.20405785434838,0,59.15096883096149
12731,1,0,0,44.93195210407556,1,63.72397125047329
12732,1,0,1,27.72573591539607,1,59.69259025084938
12733,1,0,0,33.94176449296445,1,63.40251765626856
12734,0,1,1,41.64207067487681,0,62.63421375131601
12735,1,1,1,37.51236909438288,1,62.89074834416417
12736,1,0,1,58.55246389993457,1,65.18261884511655
12737,1,0,0,50.98496739642026,0,61.88062566096663
12738,0,0,1,45.13517180972934,1,59.53057269135287
12739,0,0,0,45.47917417607965,0,62.36152322397611
12740,1,0,0,45.140602364461,1,58.75210636024297
12741,1,1,0,75.37425157342463,1,69.96157909984707
12742,1,1,0,57.71177171735408,0,62.30612082780956
12743,0,1,1,41.50915738409969,0,60.42574630204389
12744,0,0,0,54.75116449511862,0,63.62790783869114
12745,0,1,1,40.67560497342235,0,60.1757383760465
12746,0,0,1,47.43243996316482,0,62.07822156693145
12747,0,1,0,67.00256483416602,0,67.1122720041845
12748,1,0,1,39.04243044530235,1,62.3099245035585
12749,1,0,1,47.81246426810426,0,61.95878573764865
12750,1,1,0,50.33163489824116,0,64.43065524967896
12751,0,1,0,44.70363553983165,1,64.57068476945298
12752,0,1,0,53.5698835488059,0,63.45504924306899
12753,1,1,0,65.53824812378619,1,62.36951210004899
12754,1,0,1,29.38679026001178,1,55.3901713791604
12755,1,1,1,53.54615046421238,0,61.09661514969987
12756,1,0,0,34.45903265114985,1,60.21882123411732
12757,0,1,0,53.65323350470209,0,60.66704857900118
12758,0,1,0,56.35882608598011,0,60.47647730798622
12759,1,0,0,34.27729456121754,1,59.64470292295395
12760,1,0,0,52.03109487699732,1,63.35191917342414
12761,1,0,0,43.66907798521112,1,62.04081838214849
12762,1,0,1,52.79837761848615,1,64.74506691333954
12763,1,1,0,40.35734893609847,1,62.36223043866301
12764,0,1,1,46.42934115079096,0,60.32020590556491
12765,0,1,0,36.9991072000408,0,62.24036391180655
12766,1,0,1,31.88557071227125,1,60.4234571678636
12767,1,0,0,47.60489373988516,1,60.91404633489217
12768,1,0,1,49.89224852256269,1,63.011096200217
12769,1,0,1,25.35818120384169,1,57.45100240787195
12770,1,1,0,61.76307417370237,0,63.21337676896487
12771,0,0,1,47.06787484813121,0,60.88682615728323
12772,0,0,0,58.64533154245302,0,65.99472433314001
12773,0,1,0,49.12591693031468,0,61.00419110314876
12774,0,0,0,56.26073475721486,0,60.80112715727319
12775,1,1,0,39.46559247511945,1,61.7630489814389
12776,1,0,1,36.881898316415,1,61.80355988969455
12777,1,1,0,69.76371142873508,1,66.69350107051463
12778,1,0,0,47.18063182970559,0,63.22986153015194
12779,1,1,1,43.46126487911362,0,57.73511042023999
12780,1,1,0,59.88440570247196,0,62.01445989276588
12781,1,1,1,44.84589456129983,1,60.70588612139576
12782,0,0,1,22.08902600555771,0,58.23917554379646
12783,0,0,1,58.46140560071699,0,64.37441897322583
12784,0,1,1,52.09945860420864,0,62.89071151677559
12785,0,0,1,41.33389081146328,1,60.18374824773554
12786,0,1,1,48.82019454184423,1,63.19721543820211
12787,0,1,0,52.35242917823462,0,64.25176775995861
12788,0,0,0,72.57591851066351,0,68.26772032002067
12789,1,0,0,36.67251192433966,0,58.88654610330028
12790,1,0,0,66.3379147950494,1,66.29420016874239
12791,0,0,0,52.9662216221155,0,62.18014798165694
12792,0,0,0,61.29600181877137,0,65.62531836439349
12793,1,1,0,60.72180384871031,0,66.570824345761
12794,1,0,1,34.97615093949942,0,61.30310895246942
12795,1,0,0,47.32973788590873,1,62.81134551126193
12796,1,0,1,41.49220664366246,1,61.82075742282947
12797,0,1,1,59.21891242784763,1,62.22352860910371
12798,0,0,0,77.58398390335897,0,62.47787879864071
12799,0,1,1,50.37366419811966,0,63.83492136124821
12800,0,1,0,57.4667626572021,0,64.91935785229491
12801,0,1,1,52.45081146928406,0,63.08730322490609
12802,1,0,0,74.57133242424567,0,65.34607306116395
12803,1,0,0,35.98125702570454,0,60.69340411248002
12804,1,1,1,42.68371152904621,1,61.90303184733625
12805,0,0,0,38.62734322358186,0,61.4928106447427
12806,0,0,0,44.29913622426352,0,62.59755918486822
12807,0,1,0,46.28500116087293,1,61.00816843311079
12808,0,1,1,44.7638696296664,1,62.0200928081526
12809,1,0,0,59.38670026016764,1,61.76974157815228
12810,0,0,1,53.36150079272885,0,61.7159542193296
12811,1,0,0,45.7139842843429,1,66.15020559447646
12812,1,0,0,66.20608077074564,1,67.87601466179308
12813,0,1,1,57.0223928129323,0,59.03034665172202
12814,1,0,1,49.16466825487988,1,60.944960707951
12815,1,0,1,44.85274711111823,0,58.7710609744401
12816,0,0,0,59.28214376432716,0,64.72920687340697
12817,0,0,0,60.83677407085153,0,64.67422823132684
12818,1,0,0,59.23122219939174,1,64.50028600261294
12819,0,0,1,51.9932026574789,0,61.93921396117611
12820,1,0,1,37.02382016202152,1,61.09913038632811
12821,0,0,0,45.98518367505714,0,62.07882934156778
12822,0,0,0,52.84436071421398,1,61.85564607481378
12823,0,1,1,64.20179059347731,0,64.23174072317535
12824,1,0,0,57.61964294537322,1,63.65840671130011
12825,0,0,0,53.52743255624672,0,65.26716893610562
12826,1,1,0,57.37927224826954,1,64.2745274030337
12827,0,1,1,51.27877189701855,0,62.15704139168441
12828,1,0,1,57.87396762375541,1,63.18439894226818
12829,0,1,0,42.52620630766563,1,62.19605714350015
12830,0,0,0,44.18227936019828,0,63.56888927891078
12831,1,1,0,35.41442257012247,1,62.86295538222532
12832,1,1,0,44.5050921195121,1,62.59011811607246
12833,1,0,0,40.13282352811014,1,63.46044173718943
12834,1,0,0,57.47586803671598,1,66.27700781852602
12835,1,0,1,71.3181468006632,1,61.7660767145257
12836,1,1,0,48.61407725683904,1,65.02818128438956
12837,1,0,1,56.38783258346851,1,61.65189092904863
12838,1,0,1,50.37139040576135,1,63.02554759415264
12839,0,1,1,54.8205383567967,0,62.80054591855184
12840,0,1,0,59.22957923365294,0,65.45217033318222
12841,0,1,1,48.69936518902431,1,58.65889952327639
12842,0,0,0,42.4701778990198,0,60.45552408002363
12843,1,1,1,65.54208344074844,1,64.52929180873308
12844,0,1,0,39.81570671284322,1,62.65737177983427
12845,1,1,0,60.22417299517631,1,66.9148780938268
12846,0,0,0,40.19856706506117,0,60.56305993569961
12847,0,0,0,53.7501210479263,1,63.1941451584662
12848,1,0,1,38.82417442728447,0,62.10969433888611
12849,1,0,1,51.91443913423031,1,60.28636423926303
12850,1,1,1,38.55889521248839,1,65.05498794158221
12851,0,0,1,31.61481940944077,0,57.69188340306276
12852,1,1,0,54.6070887858879,1,66.3036047608868
12853,0,1,0,41.32896684353408,0,62.66619976835145
12854,0,0,0,51.67201946978875,0,63.48145070024845
12855,1,0,1,49.88966104905351,1,64.90157300085998
12856,0,0,0,46.35388974922003,0,60.60103682683803
12857,1,0,1,41.70792976930937,1,60.73795809068594
12858,0,1,1,57.27470443117582,0,62.89678010311462
12859,1,1,0,58.14019759522981,1,67.10299595202356
12860,0,0,1,35.45947897124945,1,58.96875521437577
12861,0,0,1,50.84576927344509,1,63.52975696524392
12862,0,1,1,33.66158913427851,0,60.27016242329343
12863,0,1,1,64.50349898481383,0,61.69602942949434
12864,1,1,0,50.90391122356919,0,63.78426928497183
12865,1,1,0,38.12804041285757,1,62.65951958313297
12866,0,0,0,51.54457477104222,0,62.21084812239892
12867,0,0,1,43.56434201208127,0,63.06503822407566
12868,0,0,0,41.72123988206643,1,64.28591864842514
12869,1,1,0,42.82075037546198,0,61.2810762155036
12870,0,0,0,47.20856449384545,0,61.96301814613184
12871,0,1,0,46.29863194317582,0,62.09719079790608
12872,0,1,1,43.155568776571,0,61.36907477219385
12873,1,1,0,62.09107505979798,1,66.20269451144262
12874,1,0,1,42.16866925216446,1,58.35525352558728
12875,0,0,0,51.60466633671673,1,62.90639368602371
12876,1,0,0,39.93345181445915,1,63.75691066712027
12877,0,0,1,47.83785451320266,0,59.16549916269213
12878,0,1,1,42.59901671321825,0,63.05178010373206
12879,0,1,0,45.44768544004147,1,61.62134441690066
12880,1,0,1,35.10305436952336,1,60.59247223098881
12881,0,0,1,41.36154792615179,0,61.1411273274116
12882,1,0,0,37.4006724138482,1,59.7575626150852
12883,1,1,1,53.71885410071371,1,61.80668555316942
12884,0,0,1,44.79943167593408,0,59.29773882160548
12885,0,1,0,51.33281943973751,0,60.92372260730897
12886,0,1,1,35.98278707685968,0,56.75865796399362
12887,0,1,0,63.01995099752999,0,64.58488136999263
12888,1,1,1,43.69086659512419,1,58.76546662900376
12889,1,0,1,49.8990565625874,1,61.16153083319573
12890,0,1,0,50.19583183295222,0,60.83380429534174
12891,1,1,1,21.75809948042433,1,60.05360079746947
12892,0,1,0,36.26466766099785,0,63.58205126128565
12893,0,1,1,54.23206879783242,0,64.05845626231277
12894,1,1,1,40.36253751975134,1,61.03506696353769
12895,1,0,0,42.79395482921824,1,61.11805816049151
12896,0,0,1,45.98964634761855,0,58.38933487216678
12897,1,0,0,49.05255252221745,1,60.91442115176281
12898,0,0,0,58.84477269794996,1,62.9433156200109
12899,0,0,0,64.2596730956278,0,64.72997021469054
12900,0,0,1,38.07475784352702,0,60.58673359458951
12901,0,0,0,40.99763303378572,1,61.54889918999833
12902,1,1,0,51.71915078923757,1,65.78630062387219
12903,1,0,0,52.72225641623446,1,66.33346531083201
12904,0,0,1,49.73295361042279,0,60.3434158128117
12905,1,1,1,59.97339772398574,1,66.86028632352135
12906,0,1,1,29.9274202577354,0,57.95619316785144
12907,1,0,0,50.14190472007096,1,65.99583357009365
12908,0,0,1,43.98003751891713,0,60.53296676311898
12909,1,0,0,63.73104772909719,1,66.53740514551804
12910,0,0,0,49.78836886566314,0,60.82156061463925
12911,0,1,1,54.44516426171058,0,66.29149407820378
12912,0,1,0,46.40904923578409,1,63.43941946912337
12913,1,0,0,49.2266636456049,1,66.32721689477995
12914,1,1,0,37.813028796465,1,60.64856494750973
12915,0,0,1,61.06168923102915,0,61.18168225702117
12916,1,0,1,25.33933053745798,0,56.87561861767713
12917,1,0,0,49.29476334090668,1,61.52911532369278
12918,1,0,1,38.80615059333232,1,60.79831957362513
12919,1,0,0,61.49478483854683,1,64.76346764021244
12920,1,1,0,49.28948498813319,0,62.00920438769621
12921,0,0,0,53.66573801044999,0,63.0753584084412
12922,1,1,1,46.06365005456764,0,62.61323898817954
12923,0,1,0,48.27296013094561,1,64.63403323210242
12924,1,1,0,63.42286497095531,0,63.32586342944992
12925,1,1,0,54.15933688832248,1,62.91171529700148
12926,0,0,0,24.39466368855116,1,56.71701388017245
12927,1,1,1,41.521080693544,1,60.92498444909339
12928,0,0,0,56.07984047826712,0,63.90455143449172
12929,0,0,1,39.39448794453456,0,60.76233117865625
12930,1,1,0,55.61482873849897,0,66.95711388441913
12931,0,1,0,59.63341154525096,0,63.15263091252075
12932,0,0,0,46.85694639203938,0,60.51112671578688
12933,1,1,0,44.93397744575886,0,62.08823335717117
12934,1,0,1,42.74706595332216,1,57.8032062826905
12935,0,1,0,43.44394858155012,0,62.87991270629794
12936,0,0,0,41.17099978673954,0,61.7458609928314
12937,1,0,1,55.99432521503876,1,63.15536442101795
12938,1,0,0,51.01995701693697,0,61.74143285163293
12939,1,1,0,57.72148630809813,1,65.87026655171054
12940,1,0,1,45.18145013184953,1,61.50181705563616
12941,0,1,0,52.11031593932711,1,65.29111457337626
12942,0,0,1,47.97087838038716,1,58.85116097309794
12943,1,1,1,66.17888887410241,1,65.32534677766562
12944,0,0,0,39.78106746154426,0,61.79057152250545
12945,1,0,0,53.6979186810813,1,62.56888473896657
12946,0,0,0,46.67059306099312,0,62.41707985506115
12947,0,1,0,36.33690583685277,1,63.3332111560817
12948,0,1,0,52.99888206539909,0,64.55881674655947
12949,1,1,0,53.12949111949016,1,63.5386317092475
12950,0,1,0,34.62641400852924,0,63.86714212390437
12951,1,0,1,33.62734940507045,0,58.03338887097195
12952,0,0,0,50.23993996093374,0,63.2709042378712
12953,0,1,1,39.33097078644474,1,61.85857410312916
12954,1,0,0,49.13101745321016,0,63.19566237925859
12955,1,0,1,40.20572417587448,1,59.85281278694011
12956,1,1,1,61.88554719020479,1,63.62000963773129
12957,0,0,0,41.32180075701819,0,60.01208078580495
12958,1,0,0,53.11026791664646,1,64.9059860130221
12959,1,1,1,45.89805733560502,1,66.06742878800813
12960,1,1,1,52.40126930043333,1,66.65652461886526
12961,0,0,1,39.19230275472684,0,57.57492927698165
12962,1,1,0,62.99335315776,1,66.33410293521736
12963,1,0,0,41.64202729470092,1,61.19144741745335
12964,1,1,0,45.37545616489814,1,64.44676011405097
12965,0,1,1,53.07614040779646,0,60.23798981196373
12966,1,0,0,27.24454685687531,0,62.23220314094343
12967,0,0,0,44.11178756221913,0,62.91919011608569
12968,0,0,0,53.31444892296717,0,64.28208969530027
12969,0,0,1,35.60760613275824,0,60.65053359769748
12970,1,0,1,46.80329398420866,1,58.3668550638154
12971,0,0,1,43.70927843563286,0,57.18803926472134
12972,0,0,0,35.04958913849379,0,59.82198350439261
12973,0,1,0,46.46104889121308,0,66.19621052402353
12974,0,1,0,46.5928957222351,0,61.8588740408861
12975,1,1,1,35.69067129125517,0,60.583528118404
12976,1,0,1,45.10706476080846,1,61.98482697393481
12977,0,1,1,50.40585650712362,0,65.48820264877992
12978,0,0,0,49.20423063365326,1,59.07379476384497
12979,1,1,1,40.00465817935954,1,59.57752622507721
12980,1,1,1,51.85291762514802,1,58.89863762535526
12981,0,1,1,38.50261170859505,0,61.67050069485154
12982,0,1,0,47.5185667375479,1,63.52046859019145
12983,1,0,0,57.96860397771484,1,67.02262744652509
12984,0,0,0,53.60661261155482,0,66.14579728080795
12985,1,1,0,36.59525477738892,1,64.29994259343232
12986,1,1,0,45.57302377888043,1,63.89608006784938
12987,0,0,0,50.47821706369415,0,64.84395891671532
12988,1,0,1,60.86351567657496,1,65.83029643620887
12989,0,0,0,30.43577611775658,1,59.32052541031432
12990,1,0,1,46.0765355204904,1,60.81892714162242
12991,0,0,0,47.83770270037736,1,64.02671558119198
12992,1,0,0,50.6246404722758,1,61.38121208086802
12993,0,0,0,40.7602757108593,1,64.58260059237865
12994,0,0,0,64.43150391189415,1,63.56779577566556
12995,1,1,0,69.47480122261665,1,66.26875536557847
12996,1,1,1,53.63481262287107,1,61.50227772458942
12997,0,1,0,35.35887030659042,0,59.63380989825747
12998,1,1,0,38.58539646603879,1,62.96520357664838
12999,0,1,0,54.07152285129417,1,62.01592127346416
13000,0,0,0,56.81259449859913,1,65.16177725669263
13001,0,0,0,44.58167407111637,0,63.42693419033829
13002,0,0,0,29.31915065008191,0,59.16973780839225
13003,0,1,0,59.4221527634781,0,65.25887996413499
13004,0,0,0,53.12818975570356,0,64.80267453376793
13005,1,1,1,53.33405986344171,1,64.96140118397312
13006,1,0,0,56.15357875484378,1,65.441572913309
13007,0,1,1,56.47587687777501,0,61.51002387302207
13008,1,1,1,52.19812491229442,0,63.87090808082331
13009,0,1,0,48.48228437616479,0,61.71350075628667
13010,1,0,0,52.69300891741531,1,65.45522681148854
13011,1,0,1,59.75687508381829,1,61.60711995353024
13012,0,0,0,55.58078577382043,0,59.32139453516952
13013,0,0,1,35.32825171239165,0,59.73086934816224
13014,0,0,0,52.20592652797359,0,65.04733964445052
13015,1,1,0,59.58186284018147,0,63.00608694441339
13016,1,1,1,42.16864638169899,1,64.06943761359339
13017,1,0,0,53.6679144967183,1,65.95892802682137
13018,1,0,0,58.1029406655484,1,60.24375696421745
13019,0,1,0,56.8182659638924,0,65.57347834088937
13020,1,1,0,48.29616559614519,0,64.46122961806215
13021,0,0,1,51.46943347221467,0,60.03911078862797
13022,1,1,0,66.81851227907809,0,62.6706782034292
13023,1,1,1,41.87093177019266,0,61.75051699598075
13024,0,1,0,70.10668740002949,0,65.29652340367635
13025,0,1,0,56.23274662240544,0,63.63342864719104
13026,0,0,1,36.45599126274205,0,60.99431002297378
13027,1,1,1,39.34374832250741,1,64.05967125467282
13028,0,1,0,49.64565833348568,0,65.66162453888212
13029,0,0,1,37.62735610082294,0,59.08489612770657
13030,0,0,0,40.03309582731789,0,59.11336699430449
13031,1,1,0,58.34701411565394,1,64.38101380541981
13032,0,0,1,36.66307756339974,0,55.32974577166077
13033,0,0,0,42.15515140676953,1,63.46631195212922
13034,0,1,0,61.16856256063308,1,66.6544461717875
13035,0,0,1,34.3602502049683,1,58.18395897305113
13036,0,0,0,49.53550891272762,0,66.67933272760251
13037,0,0,1,20.52216956755457,0,57.91526001985313
13038,1,0,0,48.70939894501827,1,66.70948937178113
13039,0,0,1,40.9045991491166,0,59.74812726555529
13040,1,1,1,36.31116409251045,1,58.88687664583405
13041,0,1,1,67.68837292472264,0,63.55696996727898
13042,0,1,0,40.54797961940879,0,61.1058920722659
13043,1,1,0,59.76612168512776,1,66.14982735137039
13044,0,1,1,57.04468911623272,1,65.46328238434651
13045,1,1,1,54.11556794083651,1,63.84432146862436
13046,1,0,1,44.19471849786535,1,61.58592493292605
13047,1,1,0,68.35515135628137,1,65.68611564997204
13048,1,1,1,30.11553279449619,1,59.63551076509444
13049,0,1,1,55.85590509509198,0,65.53063627343498
13050,1,0,1,49.46977261284817,1,63.19776024091092
13051,0,1,1,42.72713282586526,1,62.38000005476407
13052,1,1,0,53.46083022376512,1,62.6569035035244
13053,0,1,0,63.29894485643389,0,66.17630463013741
13054,1,1,1,64.49079053453191,1,62.79836602997948
13055,0,1,0,31.01872087725729,0,59.21070238566951
13056,1,0,0,39.25879999549176,0,63.38133401449967
13057,1,0,1,45.54297755805014,1,58.61920172911159
13058,0,1,0,53.5518636718035,1,62.67624230927113
13059,0,1,0,56.93392270321866,0,63.81289248083007
13060,1,1,0,35.84566591761808,1,61.94876691274975
13061,0,1,0,82.67149142086616,0,65.25318135446862
13062,1,0,1,44.94545407130361,1,62.87433257278369
13063,0,1,1,38.46691408214949,1,58.3747991198717
13064,1,1,1,57.72907746497558,1,62.5692983148895
13065,1,0,0,41.18367648977467,1,60.41953874694025
13066,1,1,0,52.63611982308664,0,61.84763376550787
13067,1,1,1,45.50863865620445,1,62.10435227284307
13068,0,0,0,49.12367118150324,0,62.32390540520355
13069,0,0,1,43.17319606423285,1,62.2715184573028
13070,1,0,0,59.61520596100869,1,64.90465210809211
13071,1,0,0,39.27379089836771,0,61.11359267991227
13072,0,1,0,55.3264375092037,0,63.12143201650598
13073,1,1,0,47.8026667803491,0,61.3998169597248
13074,1,1,1,45.06804417540745,1,62.23666776070151
13075,0,0,0,35.6611383937798,0,62.57893488620748
13076,0,0,1,51.99305991526662,0,61.51364776911298
13077,0,0,1,49.28978494482958,0,62.15588919912665
13078,1,1,1,49.16739692381243,0,60.37381298936013
13079,0,1,1,52.5362339142019,0,63.53227517978216
13080,0,0,1,51.4593773556858,1,61.37069822258493
13081,1,0,0,40.84573648339654,1,62.7250003892547
13082,1,0,0,48.58563588075339,1,63.33915900194071
13083,0,1,0,49.53553740952126,0,65.0572991403464
13084,0,1,0,57.21977925006205,0,63.15160727465059
13085,0,0,0,41.81134191119648,1,62.80293435158652
13086,0,1,0,57.22112490806619,1,66.09202130372711
13087,0,0,0,50.42927858239123,0,60.23775590489095
13088,0,1,1,39.73071431481559,0,62.6579694928442
13089,0,1,1,50.56853318402563,0,59.19893655837946
13090,1,0,0,50.11353973194007,0,61.75197934575689
13091,1,0,1,35.88769212522575,1,59.06548810889474
13092,1,0,1,26.82639393055771,0,56.45591229214453
13093,0,0,0,43.09585066897059,0,61.56735118958706
13094,0,0,0,36.17403032526941,0,59.24495843794526
13095,1,1,0,42.72403617908717,0,58.74994127659635
13096,1,1,1,46.98385378418516,1,64.27835922592783
13097,0,0,0,43.26729944207553,0,63.85075074322107
13098,1,1,1,65.99749376558327,1,65.72003940070775
13099,0,0,0,58.32739024943527,0,63.65515495444504
13100,0,1,1,43.21495144562903,1,60.95224967078542
13101,1,0,0,37.09066937234831,1,60.72487553336335
13102,1,1,0,52.99295025620212,1,66.31870079055037
13103,0,1,0,54.21055611958941,0,64.02819147606606
13104,1,0,0,52.33167612589513,1,64.6375581454153
13105,0,0,0,57.88608843632822,0,65.3050373310478
13106,1,1,0,44.68692740402549,1,63.95954244994655
13107,1,1,1,56.21768960445962,1,67.16888820258684
13108,1,1,0,37.79360216798209,1,59.15299670238894
13109,0,0,1,30.09946925117482,0,57.34414157430586
13110,0,1,0,45.49021434064574,0,61.5356428111095
13111,1,1,1,42.29939952693008,1,61.17902344061722
13112,0,1,0,45.00927605026721,1,59.74727888980111
13113,1,0,0,70.13078334687906,1,68.39109514389803
13114,1,0,0,61.98124624227296,0,62.69523451742682
13115,0,0,1,33.00417492896083,0,57.59760154406278
13116,1,0,1,53.11630487346313,1,63.77465462495837
13117,0,1,0,39.2569579963799,1,61.17448824710608
13118,0,0,0,43.51567033085777,0,62.32251534822053
13119,1,0,0,40.10294076646197,1,63.64327198487341
13120,1,0,1,37.23573845593661,0,60.93577918086943
13121,0,0,0,41.59032316256543,1,59.00751352986583
13122,1,0,1,35.28379985457668,1,59.36776527748452
13123,1,0,0,35.72656503875414,0,61.34635390339153
13124,0,1,1,60.88891396312415,1,64.40811267214485
13125,0,1,0,56.90223897732079,1,63.22947010177806
13126,0,0,0,53.72957063961889,0,61.59062880068556
13127,0,0,0,42.75802164195466,0,62.9806217992699
13128,1,1,1,39.5065877402034,1,62.05517609950921
13129,1,0,0,49.70955323675293,1,62.6568031487284
13130,0,1,0,37.22121798496983,0,60.43865959393997
13131,0,1,0,70.34278787791152,0,66.0713026561791
13132,0,0,1,34.47340130113889,0,60.02819806458907
13133,0,0,1,43.53718945552512,1,60.49082466834474
13134,1,0,1,54.94715646675428,0,60.88467773361641
13135,0,1,0,42.87010446046479,1,59.21045921487113
13136,0,1,1,46.00183351705592,0,64.74045570602905
13137,0,1,1,70.03513934877091,0,63.62590183184539
13138,1,1,1,65.02538259315639,1,65.19112171954603
13139,0,0,0,58.57451174344697,0,63.32953626698338
13140,1,1,1,56.30415694614621,1,62.84754286241046
13141,0,1,1,50.64625938196016,0,63.15038767296664
13142,1,1,0,53.23491409488434,0,61.57655340280949
13143,0,1,1,45.77783726969822,0,59.90359102363151
13144,1,0,0,44.16977115475339,1,61.79670484820192
13145,1,1,0,47.80355631448483,1,63.84676398603123
13146,1,0,1,42.63276782051746,1,61.52328675656016
13147,1,0,1,52.21609219268564,1,60.83884817765784
13148,1,0,1,40.24443679763722,0,56.43218211216152
13149,1,1,0,47.89551817052414,1,63.78948202545358
13150,0,1,0,49.88221581673912,1,60.42991864847698
13151,1,1,0,64.58539772508904,1,64.20262699711446
13152,1,1,0,55.1775326065967,1,62.61113267453897
13153,0,1,0,65.79100587776117,1,62.14949930624488
13154,0,1,1,44.59375603202722,0,61.43080645666642
13155,1,0,1,28.33909213309368,1,57.7431130732096
13156,0,0,1,55.10895295888797,0,62.2075568832262
13157,1,1,1,68.07086801916363,1,68.72085766485374
13158,1,1,0,58.17246937308905,1,64.45334935595143
13159,1,0,0,63.80019354416291,0,63.01591331779952
13160,1,0,1,53.02093409434564,1,64.11896931902055
13161,1,1,0,55.82609042958177,1,66.13277882678115
13162,0,0,0,55.12798675372979,0,61.50277810977134
13163,0,1,1,31.12941525755922,0,58.14872605094006
13164,1,1,0,52.88904103440755,1,59.75772497904831
13165,1,1,1,32.46598886884237,1,57.93101526175772
13166,0,1,0,46.53064757240929,0,63.09193119593037
13167,0,0,1,57.22917244372293,0,60.75890430772385
13168,0,1,1,45.29169318357779,0,61.84008866562646
13169,0,0,0,55.15568800444281,0,62.72649316228793
13170,0,0,1,53.28349650785452,0,62.70911830328594
13171,0,0,1,39.41071647857071,0,61.28958936923889
13172,1,1,1,64.01845016504333,1,62.29425574959507
13173,0,0,0,49.98616962981791,0,61.26692745928278
13174,0,0,0,69.85531158367921,1,69.97874463640726
13175,1,0,0,50.2724061536432,1,63.29763118140602
13176,1,0,1,44.45045728054433,1,59.32803425162591
13177,0,0,1,61.53725493969938,0,62.91659387071225
13178,1,1,0,54.29584759802616,0,66.09608568180884
13179,0,0,1,49.8779537190843,1,62.00878467112708
13180,0,0,0,44.75130075773727,0,63.04690990934221
13181,1,0,0,46.7389757103258,1,61.67902083011575
13182,1,0,0,60.67883183830057,1,68.48780383733131
13183,1,1,1,45.02868995366051,0,63.0589190010199
13184,0,0,0,39.84552162474954,0,56.21183190465664
13185,1,1,0,47.9031145022523,1,65.26151533499899
13186,1,1,1,39.95344758533256,0,58.50779468673397
13187,0,0,0,55.88110855413808,0,64.82362701578596
13188,0,0,1,53.61590743796459,0,61.97315900022321
13189,0,1,0,50.48186846348963,0,64.10189936506545
13190,0,1,0,65.44154226351799,1,64.01442792072939
13191,0,1,0,82.81776539264554,0,64.70293861644434
13192,0,1,0,53.19091023334008,0,61.43073008439344
13193,1,1,1,50.78997882589547,1,60.15459125062014
13194,0,1,0,45.49180474446604,0,60.0057904910472
13195,0,1,0,57.85136481399489,0,64.13906669189542
13196,0,1,0,45.05087297536717,0,63.04186328178022
13197,0,0,1,49.94928605222985,0,60.74100759101915
13198,1,0,1,42.72897532116827,0,59.10066574821176
13199,0,1,1,57.71811198803708,1,65.4701037321289
13200,1,1,0,46.30948551654578,0,60.50332629876862
13201,1,1,1,50.60337937388969,1,63.36279855311276
13202,1,1,1,41.63712849511989,1,60.92124003760419
13203,1,1,0,46.4371194632424,1,62.00284591423741
13204,1,1,0,40.49276474741833,1,61.13499679833996
13205,1,1,0,52.99051248897625,1,63.17776812890808
13206,1,0,1,50.03371515872355,1,63.14946926324194
13207,1,0,1,44.77894295402726,1,60.55138465526017
13208,0,0,1,43.26576481200921,0,57.75586162282175
13209,0,0,1,33.90369713972686,0,59.76048026905386
13210,0,1,0,46.09086468987379,0,63.00041525419903
13211,0,1,1,57.16354013779551,0,63.85518223972615
13212,1,0,1,57.97301979885545,0,61.49184571821106
13213,0,1,0,46.34669427836914,0,62.49553302495973
13214,1,1,0,59.72291836236823,1,64.90035479215243
13215,0,1,0,61.63188697290063,1,66.51721575373939
13216,0,1,0,33.26340232290818,1,58.92385393159101
13217,0,0,1,50.06434011892787,1,61.70693330734687
13218,1,0,0,41.93854764595878,0,61.29866124473897
13219,1,1,1,43.97305442639305,1,60.508564097309
13220,1,1,0,65.71442607465303,0,64.8407617585669
13221,0,0,1,37.61619145870595,0,60.50182562331123
13222,0,1,1,39.71616060834529,0,59.14111364188503
13223,0,1,1,26.17423241089472,0,60.78952565389266
13224,0,1,1,45.46790644616001,0,60.77136572549005
13225,0,1,1,56.70832488743409,0,61.25082831264673
13226,0,1,1,64.91199262551032,0,63.64848046335464
13227,1,1,0,54.93451097758997,1,67.47831204728759
13228,0,1,1,44.1160991406682,0,60.19047093519127
13229,1,1,0,57.1754417506637,1,65.38870172969035
13230,1,1,0,50.52003921623675,1,63.70460464794375
13231,1,0,0,57.00598398609235,1,66.39947763283159
13232,0,0,1,38.06914662739536,0,59.45929073444363
13233,1,0,0,45.43591097516364,0,61.34041274035973
13234,0,1,1,41.74409762951668,0,59.33552536467589
13235,1,1,1,60.35693449608604,1,62.63296217928864
13236,0,1,1,44.33205345683266,1,57.76672341300429
13237,1,0,0,49.79895928624758,1,62.11341311186639
13238,1,0,1,34.54836981487989,1,63.04258197336826
13239,1,0,0,26.31941346374662,1,62.15839409945258
13240,0,1,0,42.69074631553145,0,61.25859700342396
13241,1,1,0,60.01919518437576,0,63.95955155511527
13242,0,0,0,40.24292061304762,0,59.81554783318504
13243,0,1,1,56.82627138948757,0,60.78761951818226
13244,1,1,0,44.73668464426887,1,61.89587205049301
13245,1,0,1,53.64207081589802,0,64.41314164456881
13246,1,1,1,42.34607426706786,1,62.30189122903391
13247,0,1,1,63.75301698162524,0,65.5943885025259
13248,1,0,1,55.94543411781638,1,62.78357445553008
13249,0,1,0,50.87214641322787,0,62.05691713902687
13250,1,0,0,47.62302552828609,1,60.69412960982405
13251,1,0,1,50.82825929357582,1,58.85149093354951
13252,0,0,1,25.83264039937641,0,55.18700779477848
13253,1,1,0,54.07644267825926,1,64.6128289212444
13254,0,0,1,38.6662223988164,1,58.80222532305739
13255,1,1,0,43.11075331403491,1,64.69746100951632
13256,0,1,0,61.97451127434451,0,62.27429976060546
13257,1,1,0,66.14878677505672,1,65.14344196286747
13258,1,1,0,55.59870737478762,0,64.01407820026023
13259,1,0,1,36.55906049661195,1,61.00527211781966
13260,1,1,0,38.26574216976186,1,63.17546143602689
13261,1,1,1,47.02535558155947,1,65.03261864558252
13262,1,0,0,33.79810422430448,1,60.78531833602036
13263,1,1,0,43.8366236355406,0,60.5844996995429
13264,1,1,0,65.37495577951161,1,67.02554590089822
13265,1,1,1,51.32058302922099,0,62.79616819961858
13266,1,1,0,61.24792269916979,1,67.26042345137762
13267,0,0,0,42.45351633441258,0,63.13064616254944
13268,0,1,1,54.38975993487068,0,60.16854893150831
13269,0,0,1,43.921088253774,1,61.41428101733082
13270,1,0,1,51.10677930471176,1,61.68975697299837
13271,1,1,0,55.5924246701427,1,61.00855240851018
13272,0,1,0,44.25086822456729,0,62.44937594082022
13273,1,1,1,33.60898081733338,1,59.93509455503944
13274,0,1,0,56.36097833892045,0,62.57098252272452
13275,0,0,1,43.0177740423408,0,61.23104036316236
13276,1,0,1,32.19528314421226,0,57.51570035786238
13277,0,1,1,42.51616494782613,0,60.38257231228494
13278,0,0,1,40.71243930259094,0,60.19221303754836
13279,0,1,0,66.11821824317042,1,67.48944243687795
13280,0,0,0,43.60809819313108,0,63.93174307265524
13281,1,1,0,69.50214043900601,1,64.6747182517506
13282,0,1,1,50.28186106827511,0,59.93269015384336
13283,1,1,0,63.23529218862087,0,66.67059468915571
13284,1,0,1,55.07135252547293,0,60.31926303261113
13285,0,1,0,36.89370627023499,1,60.15148933382001
13286,1,1,1,38.2782366217787,0,58.19120185552318
13287,1,0,1,42.48195373319712,1,59.96269518688955
13288,1,0,0,27.32889364472045,1,58.77881111101774
13289,1,1,0,54.40624489885942,0,62.36722877460726
13290,1,1,0,43.88392617474871,0,64.2940540907738
13291,1,0,0,51.53390643652033,1,64.3976046207796
13292,1,1,0,46.27161648118101,1,62.27394269368168
13293,0,0,1,42.1423939683891,1,57.9136042048348
13294,1,0,1,39.40733091729113,1,60.89018981863136
13295,1,1,0,38.20379308950511,0,60.73336505099671
13296,1,1,1,39.42562075317475,1,63.18768189562763
13297,1,1,0,48.0243448296257,1,62.64277710553971
13298,1,1,0,55.55278219516004,0,67.24903840991588
13299,1,1,1,50.54710221776187,0,61.49847436042691
13300,0,1,1,20.91030266091094,1,58.65679910484589
13301,0,0,0,43.95109971598851,0,62.32280764307665
13302,0,1,0,52.4769380319041,0,64.28080453613595
13303,1,1,1,52.47157743681228,1,63.04942748308098
13304,0,0,0,46.88787395117465,0,62.12104856019739
13305,1,1,1,43.13395529433876,0,60.05409852839423
13306,0,0,0,59.76475646956428,0,65.62534195082721
13307,0,1,0,62.9230362410168,0,65.48278757766022
13308,0,0,1,61.91646847811717,0,62.86010133141647
13309,1,1,0,54.54815848322384,1,63.69181292224145
13310,1,1,0,48.74001256339286,1,62.3873314290337
13311,1,1,0,45.36723279480488,1,61.51483756039555
13312,1,0,0,54.63698377934935,1,64.67263392259686
13313,1,0,1,42.42786977381636,0,57.58616152630437
13314,0,1,1,40.58480508022776,0,57.90706598055905
13315,0,1,0,56.87057763444732,0,64.73261407912446
13316,1,1,1,41.00689305026874,1,59.21699810749857
13317,0,0,1,41.69064668987059,0,59.31824033749741
13318,1,0,1,26.06983850935316,1,59.86645321283601
13319,0,0,1,32.41329868602577,0,57.91841340281172
13320,1,1,1,54.79553856702198,1,60.7065451677534
13321,0,0,1,35.72026041214102,0,61.66842133011187
13322,0,1,0,52.36763936962099,0,60.24405310848237
13323,1,1,1,61.48459491783755,0,61.14883259748396
13324,1,1,1,62.54408888495371,1,66.96420177611026
13325,0,0,0,49.98851701185435,0,62.1925515513983
13326,1,0,1,32.28091240978181,1,60.05874646605068
13327,0,1,0,35.3252374281705,0,63.51644667744251
13328,0,1,1,42.25333987957615,1,60.34090565987291
13329,1,1,1,39.57937736678635,0,60.92842277719397
13330,0,0,0,40.71505571421223,0,58.73552020245539
13331,0,0,1,53.25106129060485,0,61.13340453779526
13332,1,0,1,13.53462776212638,1,53.97363644204969
13333,0,0,0,62.83218827447517,0,62.18682763810848
13334,0,0,1,43.61430713263046,0,58.69824333083187
13335,1,1,0,44.92174923614498,1,61.2846382440768
13336,0,1,0,61.58098221824247,0,67.63714760381583
13337,1,0,0,62.86277900755135,1,67.08961433336964
13338,1,0,1,37.32004257982037,1,61.13521362733728
13339,0,1,1,42.92795774178853,0,61.03834521695661
13340,1,0,0,72.05618984217897,1,67.12933516618867
13341,1,0,1,40.83039988701501,1,60.65006283453708
13342,0,0,1,54.77090596456576,1,59.48804294338608
13343,1,0,1,32.70234950168131,1,58.57235596483778
13344,0,0,0,44.53404154259846,0,59.71006008886809
13345,0,0,1,46.34676434460634,0,61.23448039458025
13346,1,1,0,35.94484276276505,1,61.43388663266391
13347,1,0,1,47.24351802621381,1,60.34818778687009
13348,1,0,0,75.24909101871036,1,67.15399711059264
13349,1,0,0,46.40234683361257,0,61.038388238514
13350,0,0,1,35.76069267268926,0,58.07349689652444
13351,1,0,1,37.30735821651162,1,62.02167555946271
13352,0,1,0,52.33462039789354,0,64.30425290680562
13353,0,0,1,44.32223801652762,0,62.71272876918464
13354,1,0,0,52.85188654592896,1,67.00502235409681
13355,1,1,1,57.6690599343575,1,67.68558325959408
13356,0,0,1,41.76728982487801,0,56.54315749736755
13357,1,0,0,57.52467082397124,1,64.39778530352652
13358,1,0,0,40.72630616450369,1,65.13771425968056
13359,1,1,1,50.56677965627675,0,61.55230395850118
13360,1,0,0,49.11809453905766,0,65.43246674695501
13361,0,1,1,57.65712637417401,0,59.95790497006021
13362,0,1,0,50.92862046075877,0,62.36899402305048
13363,1,0,0,46.09519788788126,1,61.93140393565073
13364,1,1,0,51.17864741445215,1,62.66483581585709
13365,1,0,0,40.73325738314922,1,63.24196266197211
13366,0,0,0,49.67862569829771,0,63.9004983632503
13367,1,1,0,61.37595531551261,1,68.21975897577184
13368,0,1,1,43.78459134349054,0,62.55262011351208
13369,0,1,0,32.79284968151876,0,63.10733616983443
13370,1,1,1,52.86512029918179,1,64.13736213648117
13371,1,0,1,43.89008121481514,1,65.05412211325762
13372,0,0,1,30.96826509135476,0,57.03636249562778
13373,1,0,1,34.95053196909524,0,58.69833148160014
13374,1,0,1,39.36496862899702,1,61.76812979797939
13375,1,1,1,71.47555402598263,1,67.98645723292228
13376,0,0,0,60.63112004192536,0,62.08236082080211
13377,0,0,0,34.64116136250891,1,59.44776548649225
13378,0,1,0,58.20111477063782,0,61.51915431560772
13379,1,0,0,43.91533179190677,0,61.57973166951329
13380,1,0,0,47.87540192934239,1,63.27680561862825
13381,0,1,1,47.18543978002082,0,62.4722327593087
13382,1,1,1,28.93906107756856,1,60.05220440771069
13383,1,0,1,34.90741152709001,1,61.17198439383932
13384,0,0,1,54.11621412012153,0,62.69663644200353
13385,0,0,0,48.07588792299237,0,63.50877445027093
13386,1,0,1,69.53251199823515,1,67.78383024477441
13387,1,0,1,48.90671141846848,0,61.92417839352812
13388,1,0,1,60.3971931115972,1,63.49553958323342
13389,0,0,1,59.38094131954028,0,63.80163408135297
13390,1,1,1,38.33681962872257,1,60.54627981631875
13391,1,0,0,52.82881474313218,1,62.38677775476278
13392,1,0,1,40.84654175561673,1,59.38020696432277
13393,0,0,0,49.85602122925184,0,63.98700679808192
13394,1,1,1,53.40014074228625,1,64.67820728381795
13395,0,0,1,54.59885344082777,0,61.48178143960872
13396,1,0,1,55.54624136340409,0,62.07877620097126
13397,1,1,0,37.36868729629982,1,61.81225872477155
13398,0,0,1,64.87701138069659,0,66.11956539181836
13399,1,0,1,24.44213317467431,0,56.34675381615259
13400,1,0,0,56.52920634736552,1,67.88996320524232
13401,1,1,0,54.21858045236489,1,66.73096777510426
13402,0,0,1,49.54902758343753,1,60.09560351773356
13403,0,0,0,66.57824915626389,0,64.08684584461659
13404,0,0,0,39.01017559738503,0,57.25654340405619
13405,1,1,1,57.44238305991961,1,62.1476338658944
13406,1,0,1,50.56507463515631,1,65.53540640966864
13407,1,1,1,43.97425943109989,1,62.53853597330525
13408,0,0,1,50.50110089604007,0,62.94498245527125
13409,1,1,1,43.74780714536057,0,60.72249951396684
13410,1,0,0,47.50848292193203,1,61.33838238505232
13411,1,1,0,40.70900146497392,0,61.58524432072111
13412,0,1,1,40.32716403482347,0,59.87365518531969
13413,1,0,1,48.26578468754406,0,60.40093654399379
13414,1,1,1,51.54906497342478,1,59.6262907240133
13415,1,0,0,42.70186811992859,1,60.15358285852427
13416,1,1,1,58.17990406607906,0,62.50236192179563
13417,1,0,0,46.68524887404763,1,62.34034136283271
13418,0,1,1,50.92387275692598,0,59.48893929279316
13419,1,0,0,65.9318449347948,1,63.84242258876363
13420,1,0,0,56.21010299173903,0,63.16657217873565
13421,0,1,0,56.1494367734908,0,63.70525507917613
13422,1,1,1,57.15902152938355,1,64.25960432971256
13423,0,0,1,41.69894027054584,0,57.47734841797809
13424,0,0,0,41.49126809158356,0,60.01297771901356
13425,0,0,0,37.0050029024631,1,62.79647236085305
13426,0,1,0,43.51716304188992,0,62.64345291974804
13427,1,0,1,42.9923005885724,0,59.36680829462399
13428,1,0,0,31.52076241794559,1,61.43404552346069
13429,0,0,0,52.15940136114533,1,64.14284183095516
13430,1,1,1,35.43397804088412,0,59.46375771845045
13431,0,1,1,65.5442967403341,0,66.84451640205096
13432,0,1,1,46.80329416983875,0,65.52752798024422
13433,0,0,1,38.32489350118145,0,57.51876394489566
13434,0,1,1,61.56296334726186,0,64.71980596095165
13435,0,0,0,55.99985495546363,0,66.23578912854647
13436,0,1,0,56.99010396990925,0,64.42833301139892
13437,0,0,0,47.48941273002663,0,60.34367079905065
13438,1,0,1,37.82622560130593,1,60.5115542875401
13439,1,0,0,61.78966888084017,1,65.36539032169793
13440,0,1,0,51.76791495881699,0,60.97071029643507
13441,0,0,1,48.51846968378294,0,61.16578383464872
13442,0,0,0,60.68111285795621,0,62.63949263381132
13443,0,0,1,42.72336135171237,0,59.42772052398609
13444,1,1,1,57.53487332342996,1,63.51956728155487
13445,0,0,1,58.33722725450386,0,61.92755892056626
13446,0,1,0,58.98879426747085,0,62.13806674355095
13447,1,1,0,58.81377225830751,1,67.55385692149615
13448,1,0,1,55.74608188004521,1,65.78985065341276
13449,1,1,1,29.83943448894799,1,56.77303969758057
13450,0,0,1,58.49247213634936,0,61.73340850214824
13451,0,0,1,46.31705949093575,0,63.73419108943237
13452,1,1,1,49.2618917449174,1,63.21932873544971
13453,0,0,0,45.84470580597393,1,62.35822978188647
13454,0,1,1,46.03183738522755,0,59.92290134809232
13455,0,1,0,39.27208298576181,0,61.28192325944583
13456,1,1,0,57.9788970089293,1,66.20013638851704
13457,1,0,1,33.32316480476528,0,60.70943649452666
13458,1,1,0,40.3426287276752,0,61.31538545501581
13459,1,1,1,37.64385803561913,1,61.21420831744075
13460,1,1,0,44.71849737697101,0,62.62813106613675
13461,1,1,1,56.51538393662311,1,62.85802761284565
13462,0,1,0,53.07194897608612,0,62.85344911510897
13463,1,0,0,39.65423343740818,0,62.35857251133442
13464,1,1,0,54.96030085708519,1,64.54006492229459
13465,0,0,0,62.67343561490735,0,65.90049407425262
13466,1,1,1,68.00734313567145,1,68.77646641480199
13467,0,1,0,52.05179116317425,0,63.47843146004106
13468,0,1,1,56.3058276645019,0,63.23117052092722
13469,0,1,1,44.79617236661822,0,59.26900896356344
13470,1,0,1,58.483634755046,1,63.9097703568502
13471,0,0,0,55.12401052531234,0,60.14572945156541
13472,1,0,1,43.64344293772702,1,63.13900064259455
13473,0,0,1,37.3268498105403,0,55.94842884980013
13474,0,1,1,33.77042181665101,0,60.98694082932219
13475,1,0,0,44.7909644353218,1,64.53403545311964
13476,0,1,1,50.32492488274297,0,61.86301557810482
13477,0,0,1,59.41748507372354,0,66.05802299861112
13478,1,1,1,58.07776193924946,0,62.52737102554799
13479,0,0,0,28.55991523583315,1,61.31455732406501
13480,1,1,1,37.55261273876972,1,62.56022576444604
13481,1,1,0,37.94904715726773,0,59.68255290502367
13482,0,1,0,40.91683350823729,1,61.89657307965513
13483,1,1,0,66.98503834237336,0,70.40645126885741
13484,0,0,0,61.54257616059594,1,67.02217287429184
13485,0,0,0,41.17652039778262,0,58.04945547063407
13486,1,1,0,46.77986420140207,1,61.34103916011171
13487,1,1,0,33.45624177728091,0,59.86615558689561
13488,0,0,1,44.92519538151321,0,60.04800501475284
13489,1,0,1,29.56064226647192,1,58.68352536401684
13490,0,1,1,36.05197381771418,0,60.33368022001167
13491,1,0,0,40.29560557376331,0,62.91293923093137
13492,1,1,0,38.38080285792469,0,63.24521724401106
13493,0,0,1,35.25239953139273,0,60.18255125879266
13494,0,1,1,38.86404323877219,0,58.89342022123725
13495,1,0,1,47.63282131352874,0,62.81467893298006
13496,1,0,1,46.18308465718182,1,56.91542586184286
13497,1,1,0,63.20566861561363,1,66.9186843615179
13498,0,1,1,32.82392769503232,0,57.00305907756309
13499,1,0,0,60.03725883046214,1,61.84632235007523
13500,1,0,0,63.78411343094008,0,64.99109472802695
13501,0,1,0,49.0876113269538,0,60.58200889724725
13502,0,0,0,66.05075245717406,0,67.42321522347633
13503,0,1,0,35.10014355083086,0,59.97125857759993
13504,0,1,1,47.24049709780313,0,62.39282583135064
13505,0,0,1,41.24917333617766,0,59.29594905761071
13506,0,0,0,51.32837060666552,0,62.70744259353296
13507,0,1,0,36.9726679391165,0,60.05646228673098
13508,1,1,0,60.34703872815272,0,62.30043488681956
13509,0,0,0,40.48505189333184,0,65.12897837066619
13510,1,1,0,49.70040121760864,0,61.05257742767025
13511,0,1,0,50.53341398332904,0,63.17453374949006
13512,1,1,1,44.42172022989423,1,62.89412887635948
13513,0,0,0,30.18604252616955,0,57.14354001222476
13514,0,1,0,36.70652869219589,0,62.31367902391205
13515,0,1,1,42.04232269299727,0,58.34670839923134
13516,1,1,1,44.78369284244539,0,61.42477358810836
13517,0,0,0,47.66383725894776,1,61.18392562648995
13518,0,0,0,36.4659762867361,0,60.67464058290717
13519,1,1,0,57.78812318787553,1,66.28954171291164
13520,1,1,1,50.04907850653009,0,63.24058810738931
13521,1,1,1,62.94421656575691,1,62.59731896995984
13522,1,1,1,63.35386808814085,0,64.974918294856
13523,0,0,0,37.20728249188903,1,61.31691011441821
13524,0,1,1,49.74504221618311,0,63.17750485619861
13525,1,1,1,45.18240380646363,0,62.66167834512341
13526,0,1,1,42.50785726422243,0,60.1707560456792
13527,1,1,0,51.68661810542956,0,63.15325769251898
13528,1,0,0,37.69285603576929,1,60.91662937883238
13529,0,1,0,50.54146311489495,1,64.26567904882475
13530,1,0,1,43.89763605694736,1,62.00241850444718
13531,0,1,0,80.61128014395101,0,67.20609845997585
13532,1,1,0,40.34803866041067,1,63.86004488216278
13533,1,0,1,35.43041454028365,0,58.64025363857325
13534,0,1,0,44.53851546593969,1,63.52259767086112
13535,0,1,0,62.73504259081837,0,61.64553430296772
13536,0,0,0,52.82368944002826,0,61.9929214687446
13537,0,0,1,54.71744142185767,0,61.99331986223897
13538,1,1,1,46.57469433240458,1,60.36294024158274
13539,1,1,0,44.82548780070837,1,65.73026386073775
13540,1,1,0,39.67862904908628,1,63.05687627342535
13541,1,0,1,44.01360252206985,1,60.3510263605117
13542,1,1,1,55.54859474066619,1,63.52192780796195
13543,1,1,0,50.81317358566768,1,64.10496198248678
13544,0,0,1,48.77336514623873,0,61.77211130516347
13545,1,1,1,19.1421337728539,1,57.14435135675201
13546,1,1,0,57.21289220255454,1,64.33130594832942
13547,0,1,1,42.95011605161957,1,63.20052764726045
13548,1,0,0,45.41422644787627,1,62.78539042649677
13549,0,1,0,40.26875954584388,0,61.61887236608683
13550,0,1,1,59.52168262256972,0,63.80757970122774
13551,1,0,1,44.05705366478439,1,61.5829506496796
13552,1,1,1,54.75192744905963,1,64.82762549526768
13553,1,1,1,40.22884493041813,1,62.88633874279692
13554,0,0,1,58.03215905317762,1,64.93172315043419
13555,1,0,1,37.30061423466579,1,61.76512633714421
13556,0,0,1,41.17728995560473,0,59.19791263572421
13557,1,1,0,61.28263962870271,0,64.38388943452024
13558,1,0,0,43.73070889190234,1,59.6924255290615
13559,1,0,0,42.05606423515193,0,63.58956456248902
13560,1,1,1,53.85617465708851,1,63.904626012388
13561,1,1,1,47.26167499024301,1,61.48617201657156
13562,0,1,1,47.62607959413663,0,60.75133339424089
13563,1,1,1,50.82058572609853,1,64.47338116388809
13564,1,0,0,53.06196315488299,1,64.11213396199489
13565,1,1,0,59.86648889955957,1,65.02210474514226
13566,0,0,0,42.74559211416105,0,62.14653799877586
13567,0,0,1,49.02675575438363,0,63.0487299072823
13568,0,1,1,52.6395340221665,0,63.90213785031631
13569,1,0,1,50.87422710900578,0,58.86160922905989
13570,1,1,0,49.90100708492903,1,61.12117896303832
13571,1,1,1,54.724319966084,1,64.61274413593051
13572,0,1,1,36.56130317872643,0,60.96165637033526
13573,1,0,0,34.56312361735943,1,60.34961492082822
13574,0,1,0,46.25750575912234,0,60.37283642783592
13575,0,1,1,52.60437786631513,0,58.50382400215698
13576,1,0,0,44.86271771674552,1,61.21855638244499
13577,0,0,0,70.06673454310314,0,64.3658927902998
13578,0,0,0,45.06967614315117,0,61.14332880772285
13579,0,0,1,37.46699841243813,0,60.24456804840976
13580,0,1,1,58.28078506098622,0,62.30008958002431
13581,1,0,0,65.950878679444,0,65.18397464532083
13582,0,1,0,60.75390709503355,0,66.23340604084535
13583,0,1,1,55.05709363486736,0,61.69383009600755
13584,0,1,0,49.85274065720935,0,62.75078988850066
13585,0,0,1,44.5577648941882,0,59.19914050659771
13586,1,1,1,59.86993983980011,1,63.23425680962904
13587,0,0,0,53.26683242430276,1,60.87626319337193
13588,0,1,1,41.25217611186874,0,56.55529293713564
13589,0,1,1,55.53820940538079,0,63.32782326364539
13590,0,0,1,53.06475026085846,0,58.65597324228187
13591,0,1,0,57.08821542218677,0,63.69287248304636
13592,1,0,1,36.51926773938847,1,60.58263249066664
13593,0,1,1,42.11285978386202,0,59.69334816235683
13594,1,1,0,54.78779367628324,1,65.32745124733722
13595,0,1,0,64.18152646090036,0,65.32445642757811
13596,1,1,1,56.118878330797,1,64.54530039469903
13597,1,0,1,42.204125815826,1,62.54712978114508
13598,0,0,1,47.14334620718801,0,60.28787918421925
13599,0,0,0,34.71075350688817,0,60.84614388473908
13600,0,0,0,47.4354340337523,0,58.02868349362844
13601,1,1,0,61.58740770750272,1,65.3544405192718
13602,1,0,1,27.5348301026488,0,61.02492994777219
13603,0,1,1,65.54273576368797,1,63.508373116087
13604,1,1,1,34.6531444153338,1,61.15755819966974
13605,1,0,1,46.2090834060884,1,61.41705745616853
13606,0,0,0,33.67501429666845,1,60.14453246349473
13607,0,1,0,63.95606028993669,0,66.66415649676756
13608,0,1,0,63.60015972002185,0,65.99354771324333
13609,0,0,1,59.49732784979777,0,63.22781794520954
13610,0,1,1,36.27900851115594,0,58.74441748257959
13611,1,0,1,56.59002337363044,0,63.00540584439261
13612,1,1,1,35.7361036178751,1,58.21503056089585
13613,1,1,1,40.57908699233899,1,62.35476961159691
13614,1,1,0,56.85325425525492,0,63.36534907299675
13615,0,0,0,64.57569579716582,0,62.96060669480374
13616,1,1,0,46.82269940379867,0,62.09707511941093
13617,0,1,1,40.07516821914528,1,61.84040472487163
13618,1,0,0,44.27861939240877,1,61.84832460241003
13619,0,1,1,48.3632089645866,0,58.18008191621973
13620,0,0,0,66.02483530776271,1,63.76384975523674
13621,0,1,1,38.82019119366922,0,59.63386960328481
13622,1,1,1,45.7654170129519,1,64.14612916638856
13623,1,0,1,57.69590363618322,1,65.92189353661622
13624,1,1,1,49.68731643513405,1,63.59458469727223
13625,1,0,1,46.12631425953908,1,60.45448035847747
13626,0,1,1,48.81095776896993,0,61.63146064014507
13627,0,0,1,34.98718728810786,0,57.91623204803669
13628,0,1,0,52.21207080562493,0,65.81243185503939
13629,0,0,1,62.07360738802569,0,64.84921809351437
13630,0,1,0,64.86908245154926,0,65.69895989494457
13631,1,1,0,61.36256711421483,1,65.76299112281104
13632,0,1,0,48.18983306955337,1,62.82881816882495
13633,0,1,1,50.09329427397007,0,60.27744714893736
13634,0,1,1,59.8917554337745,0,63.50837691939419
13635,1,0,1,32.57049020740421,1,60.03583166350582
13636,0,1,0,55.47612668698144,0,63.73632177673165
13637,0,0,1,31.52498986338829,0,59.60394141776444
13638,0,0,1,56.66713846245686,0,60.1357030914568
13639,1,1,0,43.99690759490824,1,60.06982838781217
13640,1,1,1,60.27090508808254,1,62.46658390789219
13641,0,1,1,47.04650335817247,0,59.55128887823761
13642,1,1,0,61.48098620331925,1,65.73473859401345
13643,1,1,0,44.73225739129883,1,61.44981816342358
13644,1,0,0,45.38179484431878,0,59.85072289839584
13645,0,0,1,57.98342678617692,0,62.58876855984035
13646,0,1,1,56.85539145147276,0,62.71528734852886
13647,1,0,1,47.0622781667613,1,63.33096727296664
13648,0,0,0,40.69717503361107,0,63.79435179063161
13649,0,1,1,43.47889126363749,1,61.62339774960281
13650,0,1,1,38.90477470436522,0,61.70113332762323
13651,0,1,0,68.52241462341269,0,67.09743161721512
13652,1,0,0,58.33565664859158,1,64.8258198269716
13653,0,0,0,44.9310012766944,0,60.92217889644147
13654,0,0,0,52.93637445072097,0,63.08538004836369
13655,0,1,0,42.07551924752684,0,60.15974809819172
13656,1,1,1,23.7611264279491,1,59.3997089939045
13657,1,1,0,38.55803529358585,0,62.0508838007551
13658,0,1,0,53.35104510421634,0,65.21543884416886
13659,0,1,0,54.30700019256419,1,62.51265213313127
13660,0,0,0,44.17130881026156,1,63.72607220118193
13661,0,0,1,55.9807727094558,0,61.20328278853974
13662,1,1,1,50.52430815595926,1,62.80566122473651
13663,1,0,0,54.4223805638965,1,62.57004022949597
13664,1,0,0,48.0137658621631,0,62.10114050605308
13665,0,1,0,62.27992680099618,1,65.1460532721109
13666,1,1,1,34.98346614259171,1,60.29911844344138
13667,1,1,0,52.39388329186627,1,63.49284419436682
13668,1,1,0,61.91773469748543,1,66.88665220281348
13669,0,1,1,49.25063169898862,0,61.3169831966532
13670,1,0,0,47.90027625823232,0,59.93897245087395
13671,0,0,1,54.75175509485035,1,63.67423507159433
13672,0,1,1,35.63951516912852,1,58.29739904859247
13673,1,0,1,39.30307159402579,1,58.9665449865992
13674,1,0,1,37.59337359176585,1,59.51970091906277
13675,0,0,0,50.21670205665693,0,60.89980105321727
13676,1,1,0,34.55156398727627,0,62.73903621398558
13677,1,0,0,39.20832498813645,1,61.13053135119737
13678,0,0,0,54.03981237717736,0,65.35023926034204
13679,0,0,0,46.13701038494094,1,61.50080182474515
13680,1,1,1,47.17986754051225,0,60.50910682029808
13681,1,0,1,42.19396970297009,1,61.82863334110584
13682,0,1,0,63.86255270160941,1,63.85978317853923
13683,0,0,0,37.35821039825732,1,61.07008179661578
13684,0,1,1,44.63009587393101,0,60.70324698165812
13685,1,1,1,39.69809785896383,1,63.32998581693418
13686,1,0,1,48.44610907548136,0,61.51073573060565
13687,1,0,1,61.51854832446,1,63.42116865122368
13688,1,1,1,40.4002571567778,1,57.53219832094054
13689,0,0,1,24.51630989987238,0,59.48733463404012
13690,0,0,0,45.07760303581063,1,58.83750443805759
13691,0,1,1,60.0507090481296,0,63.2612577901155
13692,0,0,0,51.94711506146069,1,62.06428743196036
13693,1,1,0,56.64638979324245,1,61.74346758128664
13694,1,1,0,54.74584538183107,1,68.54445167323398
13695,1,0,1,39.20567029267228,1,61.64432995285715
13696,0,1,0,59.54572853197909,0,63.28927554449168
13697,1,1,1,40.55147870668685,1,63.23387334003154
13698,1,1,0,42.93678055404905,1,62.72271154157734
13699,1,0,0,43.2208960114973,1,61.44605624241569
13700,0,0,1,34.41903188055744,0,57.26989785761042
13701,0,0,1,41.3871667626803,0,56.98572796194671
13702,0,0,1,48.19192986010106,0,62.8905657093877
13703,0,0,0,57.45630234398872,0,63.2940126192461
13704,0,0,0,41.35420270200212,1,61.92455574611334
13705,1,0,0,46.15853917343428,1,62.14545687146267
13706,1,1,0,59.94803237635978,1,66.36659245080116
13707,1,1,1,53.87838296293974,1,63.47231863626719
13708,0,0,0,65.85855395640701,0,63.13501222099683
13709,1,1,0,54.65478066038774,1,69.33251525715873
13710,1,0,1,56.64680597074121,0,60.78547609879886
13711,0,1,1,42.58538899894876,0,61.17725778130933
13712,0,1,0,48.26060519602022,1,62.39400346260661
13713,1,1,1,35.49617928495306,1,62.71521160311261
13714,1,0,1,44.03643008359233,1,59.82848004399901
13715,0,0,0,30.84071626539047,0,61.5329577321477
13716,1,0,0,54.85968949209293,1,64.58029889022679
13717,1,0,1,42.36892546935633,1,60.69571265085944
13718,0,0,1,43.89735521316054,0,56.23319547020434
13719,1,1,0,47.3849936808065,1,57.36952640834429
13720,0,1,1,55.07730428713234,0,62.79941809509835
13721,0,0,0,39.83643947765463,0,61.75953529468855
13722,1,1,1,35.61055864375139,1,58.91260569107046
13723,1,0,0,33.77206995808582,1,61.89574738677552
13724,0,0,0,42.61862976053057,0,63.25126590717277
13725,1,0,1,51.84539422556917,0,61.75681040981208
13726,0,1,1,42.66554058445347,0,59.99112265821699
13727,0,0,0,44.35288139965411,0,62.72581662391793
13728,1,1,0,50.13337731420179,1,66.62601555924468
13729,0,1,1,49.39763729201294,0,60.26452204167947
13730,1,1,1,49.79485598772744,1,63.69074644495112
13731,1,0,1,49.07862126744629,0,62.89189489592137
13732,0,1,0,53.32692288878143,0,65.10132971265634
13733,1,1,1,52.76166464832467,1,62.61620983006153
13734,0,1,1,45.22339610379426,0,60.50749342025188
13735,1,0,0,40.43181927683723,0,63.69398882113542
13736,1,1,1,39.08088895304578,1,59.86656118075089
13737,1,1,1,54.59226969744687,1,65.50437852875443
13738,0,0,1,32.64623419963895,0,57.22871946369464
13739,0,0,1,45.50950669252708,0,60.02843786987561
13740,1,0,0,48.94184394037351,1,64.96156939348924
13741,1,1,0,54.16639170948775,1,65.58240462132144
13742,1,0,1,55.21931524576221,0,60.13486870151907
13743,0,0,1,51.33957416511339,0,58.42117517075172
13744,1,1,0,37.89720316197402,0,63.69524755758727
13745,0,0,1,36.91806483041957,1,55.87100789261584
13746,0,0,0,41.80427698578495,0,60.3674753715743
13747,0,1,0,47.7842452411362,0,66.35602405372744
13748,1,0,1,45.22937417981532,1,59.49891171186288
13749,1,1,0,64.38041836489504,1,66.14709498334597
13750,1,1,0,41.33655227428323,1,61.80943373752141
13751,1,0,1,65.57252456054145,1,65.05815710032313
13752,1,0,1,41.12026353649263,1,60.74825298892805
13753,1,0,1,33.62596794363125,1,60.9312000031514
13754,0,1,1,43.44013516478358,0,62.00601477732754
13755,0,1,1,32.92840878827033,1,59.4058679050144
13756,1,0,1,32.19073252949459,0,58.83100074886359
13757,0,1,0,49.61215600513114,0,62.97586864637913
13758,0,0,0,48.63453594528867,0,57.1459599834223
13759,1,1,1,42.84285385662357,0,63.20034480465227
13760,1,0,0,65.64956154321652,1,65.68194541876871
13761,0,0,1,46.2846150529998,0,59.68043442348901
13762,1,0,0,31.77296618447221,0,62.27318818634848
13763,0,0,1,32.90731270362151,0,57.94910521460169
13764,1,1,1,34.37977757665317,0,57.05180163836439
13765,0,0,1,37.83858897737866,0,58.95760395205382
13766,0,1,0,60.40485120668762,0,66.03152120119135
13767,1,1,0,57.67208866327645,0,61.79645545012567
13768,1,1,0,40.75341870057645,0,61.68027593916717
13769,1,0,0,46.90317347165141,0,58.98999263054618
13770,1,1,1,47.22912722258091,1,60.94481222210685
13771,0,1,1,57.24289835137908,0,59.75363250661431
13772,0,0,1,47.44718165883641,1,58.97279804147841
13773,0,0,0,48.84891552224,0,61.12494173546587
13774,1,0,0,52.91248300416506,1,61.79788042798723
13775,1,1,0,51.89238825563117,1,65.7615511521626
13776,1,0,1,61.11438821917861,1,65.47653656093259
13777,0,1,1,50.70409237157066,1,63.16514429290885
13778,1,1,1,49.57211241965204,0,57.78199700462394
13779,1,1,1,69.95964327427802,0,63.79353791681361
13780,0,0,1,45.10468042451051,0,61.26763455677073
13781,0,1,1,45.44722030321312,0,59.01045743133029
13782,1,1,1,41.05932809573032,1,62.06658531681089
13783,0,0,1,49.38167088761224,0,62.34109809659144
13784,1,1,0,49.59088957961544,1,61.58703357575922
13785,0,1,1,42.38526948621701,0,59.69038520398023
13786,0,0,1,34.19110970323088,0,58.33983277011502
13787,1,0,1,49.95885199835588,1,62.21664005672974
13788,0,1,1,54.82460254788497,0,60.90199778474617
13789,0,0,1,54.21644974225519,0,64.90244872832571
13790,0,1,1,24.78506750257851,0,57.98505598589202
13791,1,1,0,63.4984397946401,1,61.30905353366473
13792,1,0,1,54.63718787212009,1,62.24209625180949
13793,1,1,1,43.71409150645948,1,57.60858653735969
13794,0,1,0,47.16998814987423,1,65.10890568741935
13795,0,0,1,26.73217033413315,0,61.10041815245798
13796,1,0,1,30.99511317777232,1,63.75234088859877
13797,0,1,1,53.99298561193628,1,63.28156198624663
13798,1,1,1,54.03618813264905,1,58.73126404194973
13799,0,1,1,54.29744126075473,0,62.87585734653202
13800,0,1,1,37.46419843526903,0,61.52105526303265
13801,1,1,1,51.60516260961814,1,62.33025520747794
13802,0,0,0,56.10668739913911,1,64.58078606776225
13803,1,1,1,43.56278312575778,1,62.61808450627216
13804,1,1,0,59.328245509684,0,64.95042620052541
13805,0,1,1,39.83744642657528,0,61.32938021106719
13806,0,1,0,34.88196312942338,0,63.03315550943181
13807,0,1,1,45.69731002415674,0,57.60084318260913
13808,1,1,0,53.70701620342379,1,63.40953692613144
13809,0,0,0,47.00946078794853,0,62.16372133349761
13810,0,1,1,44.25049386238658,0,56.98321359201016
13811,0,0,0,66.86612383238293,0,66.97334129267318
13812,1,0,1,48.73460478465047,1,62.69715054003693
13813,0,1,0,66.21810960266349,1,65.95245635926648
13814,1,0,0,56.16565766798811,1,63.67277362568847
13815,1,0,0,30.02716206555602,1,60.95721888148593
13816,0,1,1,33.09611101406863,0,58.90938121964766
13817,1,0,0,38.85212172264038,1,63.37042314743736
13818,0,1,1,35.86852113553601,0,59.99189853765025
13819,1,1,0,47.32986317688088,0,59.15806832809429
13820,0,1,0,55.83815186241012,1,68.03944868364374
13821,1,0,1,44.40891584167956,1,57.93107039407283
13822,1,0,0,45.15707310040577,0,61.48646405238544
13823,1,1,0,59.02459371526776,1,66.94645451183473
13824,1,0,0,57.02348281341445,1,64.11175122948073
13825,0,1,0,44.04497963013439,0,61.1322275157815
13826,1,0,0,56.83173292518003,1,66.42209382966421
13827,0,0,1,46.77642876146153,0,60.19347625456301
13828,0,1,0,48.41082837663519,1,61.98570615337205
13829,1,0,0,53.9385871203617,1,65.50111791930313
13830,0,1,0,56.3354639358791,1,62.66315536562725
13831,1,1,0,54.38722886957799,1,65.98808841670825
13832,1,1,0,46.00830580676615,1,64.00384752304359
13833,0,0,1,54.88331229001513,0,61.0425032500425
13834,0,1,1,37.11153206493282,0,58.34910387173402
13835,1,1,1,51.01994509502835,1,61.36251306511593
13836,0,0,1,48.80178789528663,0,61.72942952473908
13837,1,0,1,62.2389350961263,0,60.6748801510359
13838,0,0,0,54.38098992623986,1,62.45445650197772
13839,1,1,1,48.4173600965061,0,59.41813987044746
13840,0,1,1,35.80702955379348,0,59.65230138865282
13841,1,1,1,65.30421843433139,1,65.62426257018679
13842,0,0,1,38.19138266122732,0,62.81853863839261
13843,1,0,0,57.89602493306913,1,64.35171398927419
13844,0,0,1,52.90487928037621,0,63.23483341538491
13845,1,0,1,31.72066211013035,1,59.34240397914826
13846,1,1,0,59.93020027233408,1,65.66053763951579
13847,1,0,1,45.64856346577895,1,62.59205101153216
13848,1,1,0,52.61621598444206,1,64.70055323383794
13849,0,0,0,57.32647494262209,1,63.5341170590071
13850,1,1,1,54.15385478508403,0,61.87574568633554
13851,1,1,0,53.5901216691434,0,65.38285368913499
13852,1,0,1,63.50466087750205,1,62.66686066737272
13853,1,0,1,50.65390886037764,1,63.09218908313124
13854,0,0,0,60.63486382205222,0,61.81240962819757
13855,1,0,0,47.01125160151049,0,62.97020440852523
13856,0,0,1,63.44739041624537,0,63.21882552259554
13857,0,0,0,55.25814923671575,0,64.52415379495406
13858,0,1,0,39.95679450970637,0,63.251258299687
13859,1,0,0,57.16545876950615,0,64.11338304577747
13860,1,1,0,54.71120666071561,0,61.53274105364602
13861,1,1,1,31.14197549375544,0,55.26063209434135
13862,1,0,0,62.26817689132265,1,62.87719061217864
13863,1,0,1,57.07433848420549,1,59.96581263270632
13864,0,1,0,55.68728801921447,0,64.98065152309567
13865,0,0,1,50.09049016396534,0,59.83181584978136
13866,0,0,1,47.95055408120979,0,57.410843681518
13867,0,0,1,61.96165914023079,1,64.09865751795424
13868,0,0,1,48.60704123194218,1,59.86209847637946
13869,1,1,0,39.34476759415391,1,63.2326051409659
13870,1,0,1,55.8993980311784,1,62.97846711477394
13871,1,0,1,28.99814483758498,1,57.36009363359462
13872,1,0,0,45.24752515906402,1,61.58379791574188
13873,0,0,1,51.02964076915556,0,59.32387072262038
13874,1,0,0,65.71389092187911,0,64.40642648029828
13875,1,1,1,43.93786033935653,1,60.11295353254395
13876,0,0,0,51.14584400420323,0,62.03383308666488
13877,0,1,0,74.66753973106566,0,71.63200137153198
13878,1,1,1,50.19341251740602,1,62.30075413753652
13879,0,0,0,45.81443606062827,0,64.43349033401691
13880,1,0,0,48.19411077768533,0,61.24016014325465
13881,0,1,1,46.18100841840658,0,63.37293738764852
13882,1,0,1,16.51500686786235,0,53.64839136950416
13883,1,0,0,56.9128783008421,0,61.37476091023417
13884,0,0,0,49.77154613856595,1,64.0775849212942
13885,0,1,0,50.12618890029099,0,62.75547649780165
13886,1,1,0,61.54861868479944,0,66.09554553574694
13887,1,0,0,37.30040150657634,1,56.42162231824198
13888,0,1,1,49.16390351029859,0,61.83006444640696
13889,0,0,1,41.37531932972577,0,61.0676061338276
13890,1,1,0,40.78323869855615,1,60.02978610890152
13891,1,0,1,43.90270795730417,1,62.4638466361778
13892,1,0,0,53.36101297585709,0,62.39315857072251
13893,0,0,0,50.78314980435108,0,59.6065273866885
13894,0,1,0,51.33737530075759,0,61.50924175730687
13895,1,1,1,41.84196036744259,1,63.40928550288953
13896,0,1,0,46.6243970984381,0,59.70628691605721
13897,0,1,1,52.1466365898463,1,61.94129316936846
13898,1,0,1,58.86477488195814,1,63.85114313769378
13899,0,1,1,47.60186803268564,0,62.24178824060174
13900,0,1,0,41.39685683355336,0,61.10599380274449
13901,1,0,1,60.68440856623092,1,63.03801235135931
13902,0,1,0,52.73602236972805,1,64.71905860603655
13903,0,0,0,53.62340624051074,0,61.43884626336089
13904,0,1,0,41.3828216246312,0,62.43337397138241
13905,0,1,0,43.48201070703003,0,59.57453898244355
13906,0,1,0,44.05226171832835,0,63.21738954818944
13907,0,1,1,42.67822920643396,0,60.13960474894485
13908,1,0,0,42.18501443612055,0,59.98456975456579
13909,0,0,0,64.12800979081317,0,60.52905912861259
13910,0,0,1,56.12632257468225,0,64.25098283269051
13911,1,1,1,34.99869379801237,1,61.46078402989665
13912,0,1,0,47.34604771321052,0,61.57059704652755
13913,1,1,1,59.29419307900566,1,62.24053847019827
13914,1,0,1,44.78895285234305,1,60.70106429036564
13915,1,1,1,52.16452159205532,1,63.05453997083801
13916,0,0,1,53.71118200140384,0,59.52441192291671
13917,1,1,1,55.08650762351798,0,65.79080588093173
13918,1,0,1,34.81272929166659,1,63.43941602190134
13919,0,1,0,45.8470157671259,0,62.52460652277766
13920,1,1,0,56.23251513722101,1,64.53870293435146
13921,0,1,1,50.83284520824451,1,63.79873464707007
13922,0,1,0,39.97050553065063,0,61.59298547720356
13923,0,0,1,68.0141185809822,1,65.00508456151188
13924,0,1,0,55.97449321004221,0,66.2778665126108
13925,1,0,1,42.0133503181553,1,61.76476581530922
13926,0,1,0,35.06267270837645,0,59.56839324412895
13927,1,0,0,48.69131264597826,1,60.72858331502414
13928,1,0,0,60.20830213761546,0,63.47014121037961
13929,0,1,1,42.23557733557579,0,54.66674038873117
13930,0,0,0,36.16143208676608,1,58.85998694418773
13931,0,1,0,43.63532632977464,0,60.05602892179766
13932,1,0,0,54.13027497171728,1,64.73875369658695
13933,1,0,0,36.7500136877503,0,58.99250789795426
13934,0,1,0,50.56618991181355,0,64.39078500690559
13935,1,1,0,48.63538147670249,1,65.77677526662984
13936,0,0,0,43.2890352153633,0,58.45529662922601
13937,0,1,0,51.35929696548135,1,63.52224683094658
13938,0,1,1,41.84713360274112,0,61.44580633778929
13939,1,1,1,41.85958806157191,1,63.57563097146624
13940,1,0,0,47.88567267751345,1,60.82202807602782
13941,0,1,1,37.62994538730958,0,57.33741262667105
13942,1,1,1,63.75966544381153,1,66.78846968569984
13943,0,1,1,53.89009251793331,0,62.65783401259112
13944,1,1,0,41.67175053578015,0,63.39313779716113
13945,1,0,0,52.36614593849232,1,61.66810448945482
13946,0,1,1,56.80185231379376,0,64.13626913920955
13947,0,0,0,65.91336544784842,0,64.42876268593189
13948,0,1,1,66.83115148956618,0,61.70534155842383
13949,0,0,1,31.45325411024048,0,56.21508691578374
13950,0,0,1,25.87501812718648,0,56.53817429391886
13951,0,1,1,32.57842655221323,0,60.91875993075317
13952,1,1,1,38.39239191248092,1,61.81941860553678
13953,1,1,1,62.10763984911344,0,61.89960621180761
13954,1,0,1,46.57067579164249,1,61.0531862144317
13955,0,1,1,49.29199359996552,0,63.66395244855964
13956,0,1,0,48.35110122248553,0,61.95876641140687
13957,0,0,0,46.18288973121815,1,59.82389905636727
13958,0,0,1,43.11962475172224,0,61.51077320354981
13959,1,1,1,65.70268884691701,1,65.20407993429698
13960,0,1,1,29.04316469462627,1,57.3539931033963
13961,0,1,1,52.99113225675675,0,65.09481844296099
13962,1,1,1,54.10936520047137,0,63.99714651280891
13963,0,1,0,60.63346170098464,0,65.64154136522623
13964,1,1,1,43.98002270085081,1,62.50967531157993
13965,1,0,0,59.31547210573572,0,62.70492142477379
13966,0,1,0,56.83585386763769,0,65.73330487865273
13967,1,0,1,27.73056953899781,1,56.98063122614646
13968,0,0,0,45.91234998293092,0,64.26011607257927
13969,0,0,1,54.26189712281638,0,62.02301353981505
13970,0,0,1,41.27784815493981,0,58.50703811650405
13971,1,1,0,48.68415182942928,1,66.35901335163125
13972,0,1,0,60.77340691884951,1,66.57529015637063
13973,1,0,1,43.00594739885361,1,59.70114761592435
13974,0,0,0,52.31831774978968,1,61.5097562210002
13975,1,1,0,55.92244406763383,1,62.05546279691521
13976,1,0,1,52.73993797766015,0,58.43779195262804
13977,1,1,1,33.98655279167575,1,58.97389468721949
13978,0,1,1,67.38063467013089,0,62.2207254107217
13979,1,0,0,46.02227929298721,1,62.19913138079352
13980,1,1,1,46.32924474440001,1,63.05599495437526
13981,1,0,0,37.0326037995423,1,59.69862223822003
13982,1,0,0,62.7580833645774,1,65.16779654891359
13983,1,0,1,30.64011402082677,1,57.56078967827273
13984,1,0,0,53.40842779505173,0,63.02455085034665
13985,1,0,1,59.04854235271961,0,62.88296216061253
13986,0,1,0,55.87039830200811,0,65.59382388697595
13987,1,0,1,39.62342294912972,1,60.55666089035692
13988,1,1,0,63.09888708825711,1,67.39606388958499
13989,0,1,0,56.06617783613423,0,64.16969626845332
13990,1,1,0,42.93706674232869,0,60.1680464621346
13991,1,0,1,62.53804752549777,1,64.13735734686711
13992,1,1,1,55.83855836023342,1,63.04354566683782
13993,1,1,1,38.63358606509938,0,60.24748821724609
13994,1,1,1,63.20058396271986,1,61.40531026147342
13995,0,0,1,60.36582054663391,0,61.06942844664125
13996,1,1,0,49.79027747995651,0,58.81121434735216
13997,0,1,0,57.79904373693738,0,61.75251135538131
13998,1,1,0,43.83773023404865,0,64.46179258301213
13999,1,1,1,53.23815097761253,1,64.45320636180601
14000,1,1,1,39.92650536649691,1,61.1067674327323
14001,1,0,1,48.99136782630438,1,62.57432717308527
14002,1,1,0,46.13126807067681,1,61.9651474872318
14003,0,0,0,40.9319946788745,0,59.04726907158163
14004,0,0,1,44.34943823564189,0,59.20445481853326
14005,0,1,1,37.90928793452795,0,58.34437816257213
14006,0,1,0,54.29358509878637,1,61.02862254362103
14007,0,0,0,59.61534939412842,0,65.43030647223947
14008,1,0,1,56.10519493434735,1,61.85909001193146
14009,0,0,0,57.05615338074075,0,60.61523902251058
14010,0,1,1,47.15117294259202,0,60.79406839937399
14011,1,0,0,60.5564889381224,0,67.04913615558348
14012,1,0,0,49.97704651797595,1,62.40960365681706
14013,1,0,1,31.34566849704091,0,58.646043207616
14014,0,0,1,43.68678704156999,0,59.03796828475585
14015,1,1,1,36.33999096144813,1,59.03583368044737
14016,1,0,1,38.51671734058202,1,60.36491034981385
14017,0,0,0,46.35569960378454,1,58.7014417727164
14018,0,0,0,52.07195316662238,0,64.7238235466732
14019,1,1,0,58.97890697602123,0,66.09841757058611
14020,0,0,1,46.03915619003828,0,57.68801179472329
14021,1,1,1,51.61729235606283,0,62.27364716699093
14022,1,1,1,46.90609159196161,1,61.74096840786933
14023,1,1,1,31.47200336760423,1,60.06317101916542
14024,1,0,1,42.07458447721965,1,62.52123874975332
14025,1,1,0,33.77547137450141,0,58.50850699956379
14026,0,1,1,56.99826995907257,0,63.96860352902749
14027,1,1,0,62.96828780912372,0,63.53805950899719
14028,1,1,0,35.8587181978921,0,62.54567586824059
14029,1,0,1,41.54592753747879,1,59.54863358784361
14030,1,1,0,36.24185086182453,1,62.92944937427876
14031,0,1,0,40.41133749693445,0,60.87907002576977
14032,1,1,0,52.81774311680069,1,63.30515428557865
14033,0,0,0,46.49004165002272,0,64.65185790841588
14034,1,0,1,19.51154378743382,1,59.21485425185399
14035,1,1,1,44.17130212806604,1,60.01942527801598
14036,1,0,0,69.42090666907869,1,64.20252279391441
14037,1,1,1,40.34066346292227,1,62.38082972373409
14038,0,1,0,57.53328540678515,0,69.1981014455597
14039,1,0,1,42.84109714405327,0,60.52446746876034
14040,1,1,1,54.04606971225112,1,63.37776105194982
14041,1,1,1,40.66606616580179,1,60.91179761415418
14042,1,0,1,54.40110102454159,1,61.31282656560234
14043,1,1,0,58.97945551173573,1,61.64998021407742
14044,0,0,0,41.12521470563647,1,60.68571476403491
14045,0,0,1,30.36892161177069,0,55.52605470277601
14046,1,0,1,50.41592887763121,1,60.87859763569367
14047,1,1,0,50.88180458652645,0,62.74090258231637
14048,1,1,0,57.19280597333136,1,62.22748372392286
14049,0,0,1,51.24500957459217,0,60.01351329875693
14050,0,0,1,38.84961149854998,0,60.41639129841016
14051,0,1,0,42.1066188756996,0,59.44131400295642
14052,0,0,0,36.39210912877589,0,58.85273920410327
14053,1,1,1,64.1110549175655,1,65.44580393155275
14054,0,1,0,42.98748732538628,1,64.59813938170197
14055,1,0,1,33.67464720772088,1,60.13227426062819
14056,0,1,0,47.54242589743904,1,62.69005579248119
14057,1,1,1,45.38767711767044,0,59.86800371867667
14058,0,1,0,61.35408127750421,0,67.51459168349554
14059,1,1,1,46.62194426424144,1,63.44395705138558
14060,0,1,1,53.74053914542574,0,63.26446223588275
14061,0,0,0,49.51095947926661,0,63.50893659073407
14062,0,1,1,52.00910342341126,0,60.06022026980467
14063,1,0,0,60.25836603299517,1,63.81430914798627
14064,0,1,0,32.97621695498867,1,58.48281906843869
14065,1,0,1,46.58642786739767,0,60.96708634668673
14066,0,1,0,48.14648249036522,0,62.50905533351344
14067,0,1,1,46.05673358986523,0,59.9210328521191
14068,0,1,1,54.31564789859671,0,57.74541741532337
14069,0,1,0,38.96396593851241,0,56.80744801344476
14070,0,0,1,37.32237524754312,0,54.89033021346886
14071,1,0,0,65.53631403922527,1,60.30336781320725
14072,0,1,1,39.15136466389338,0,59.22696980860997
14073,0,1,1,49.80705858126733,0,60.96467553177781
14074,1,0,1,54.57117840500803,1,60.36509672711379
14075,1,0,1,41.94187941517706,1,62.82103746044942
14076,0,0,0,42.10831786797365,0,64.23712160715675
14077,0,1,0,56.87827594708712,1,62.35066093983451
14078,0,0,0,73.45520252849359,1,69.4045999599778
14079,1,0,0,20.90498396969885,1,60.21033441042817
14080,0,0,0,45.48082777700864,0,62.24671892095517
14081,0,0,0,64.10425794335809,1,63.43714695963791
14082,0,1,0,59.14099050968301,1,61.8955459677753
14083,1,0,0,40.63966681270732,1,61.0358278599211
14084,0,0,1,43.94102634507402,0,60.67709263921473
14085,1,1,1,38.57459706184746,0,61.67349690450087
14086,0,0,0,58.89643259726157,0,64.57900170386884
14087,1,1,0,60.78491512730788,0,63.64614086405869
14088,0,0,0,48.35299262069766,0,61.67842884312054
14089,0,0,1,43.68589609531601,0,61.21391951421584
14090,1,1,1,47.43116858000193,1,62.80932768279182
14091,1,0,0,54.40515121514127,1,61.6466093870036
14092,0,1,0,50.36693841593148,0,61.87319608804476
14093,0,0,1,57.71245035604652,0,63.039951419559
14094,1,0,0,58.50963891156533,1,64.73489057768714
14095,1,0,0,49.73068597951015,0,60.02446118862508
14096,1,1,1,49.59682856890728,1,63.9698153184578
14097,0,1,0,52.59139860399065,0,63.39997260503308
14098,1,0,0,52.22508986274958,1,63.29482638283862
14099,1,1,1,61.33215142347564,1,62.06211523659946
14100,0,0,0,50.14435783121199,0,64.555044291781
14101,1,0,0,36.81481528367321,0,60.14658774162656
14102,0,1,0,71.05079794929307,1,67.73502972067281
14103,1,1,1,49.53948517890301,0,60.44022129386517
14104,1,0,0,45.74807621568198,1,64.31154523567461
14105,1,1,1,31.14701919210433,1,61.91420638356557
14106,0,0,0,49.08992951311557,0,63.43728237558337
14107,0,0,0,52.61427029280803,0,62.5787698715377
14108,1,0,0,70.14876774361379,1,65.98878242497116
14109,1,0,1,33.52053418863174,1,60.86780257740613
14110,0,1,0,57.32319834269234,0,61.9152985469098
14111,0,1,1,45.72045176243076,0,62.57765950008801
14112,0,0,1,37.18460608752762,0,57.45428616858251
14113,1,1,1,43.65194234682626,1,59.27891642482796
14114,0,0,0,30.46170301388205,1,61.28224835036818
14115,0,0,0,45.01820640359281,1,63.43259911452093
14116,1,1,1,38.89763257263665,1,63.9265481262917
14117,0,1,1,47.76289293915021,0,59.22731733679306
14118,0,1,1,47.25252589537488,0,59.18885100343434
14119,1,1,0,47.88165016313697,0,62.69784814648447
14120,1,0,1,48.64344713364595,1,61.97259750421384
14121,1,1,1,36.17796307072923,1,57.9000150218665
14122,1,1,1,35.66590039155851,1,61.89443868930037
14123,1,1,0,47.41762582828229,0,63.11328193599883
14124,1,1,1,61.55078298768971,1,64.50810048953306
14125,1,0,0,32.47672425643501,1,62.76584125423202
14126,0,1,0,52.52263399051883,0,64.46514529398743
14127,1,1,1,46.70817886010202,1,60.79334248577121
14128,1,0,1,62.82517216505986,0,63.31762165942375
14129,1,0,0,40.0360659549552,0,62.49285642635866
14130,0,1,1,56.97118640899134,0,62.65802672750876
14131,1,1,0,43.1827012399206,1,61.32285674153184
14132,1,0,1,58.50701543887241,1,62.45929576099204
14133,1,1,1,49.21124229560076,1,61.48229299274688
14134,0,0,0,44.74120865766584,1,63.05020443108079
14135,0,1,1,43.83100808760549,0,61.19986385191959
14136,1,1,0,51.61651142944076,1,66.82153579911538
14137,0,1,1,56.66372099494883,0,65.22664963406352
14138,1,0,1,63.46296502503672,1,63.2057485769932
14139,1,0,1,52.38366255098131,1,65.76834586089504
14140,1,0,1,37.79066638171176,0,57.34308502441572
14141,1,1,1,60.15878510023762,1,63.26122789241143
14142,1,0,1,29.49974071539978,1,61.195587390875
14143,1,0,0,57.92785647721442,1,64.55856312861569
14144,1,0,0,60.10518315319085,1,63.57009724028867
14145,0,0,1,44.8942971821397,0,59.35958049636992
14146,1,0,1,54.14208916268688,1,67.31958367545111
14147,0,1,0,53.31770434637614,0,62.22777514883126
14148,0,1,0,39.38139596527985,0,62.57738485766571
14149,1,0,1,56.26084152394794,1,62.50645585429573
14150,1,0,1,31.85989581130823,1,59.77159708127058
14151,0,0,0,56.39013597007136,0,63.47791535823696
14152,1,0,1,47.84903927321623,0,60.03444095296427
14153,0,0,0,49.58782619250595,0,62.82490593666687
14154,1,0,1,56.35643346708436,1,63.78529598997618
14155,1,1,1,55.91125529941492,1,64.80873369392084
14156,1,1,0,27.68723257494564,1,63.21190187683356
14157,0,0,0,58.8325351076473,0,62.50775956343072
14158,1,0,1,58.30341160495053,1,64.53224122833241
14159,0,0,1,40.75917599559811,0,62.33545700963183
14160,0,0,0,26.55385412150975,1,60.23908771744101
14161,0,1,0,48.76134294074398,0,63.43682985500622
14162,1,0,1,37.20178225913198,1,60.01017819033136
14163,1,1,1,66.86039101113266,1,67.19310327041055
14164,0,1,1,43.5014901250828,0,58.7821139320479
14165,0,0,1,38.36621628668362,0,59.48491469710318
14166,0,1,0,64.12257199900037,0,63.89377410987176
14167,0,1,0,31.32534173795697,1,59.52545955920471
14168,0,0,1,41.46543452849093,0,61.88728821085554
14169,1,0,0,47.57083457159036,1,62.16255274471932
14170,0,1,1,65.82479609501256,0,62.64666164872829
14171,1,1,1,54.62987231547226,1,65.51416566014214
14172,0,1,0,42.85052458067141,0,62.51367111774996
14173,0,1,1,40.23925196703593,0,59.03217764343842
14174,1,0,1,48.63567997539227,1,59.73874627241241
14175,0,1,0,49.30366332891737,0,65.45755658974859
14176,1,1,0,33.17355845483192,1,61.06445810689078
14177,0,1,1,68.74392706629889,0,64.30462858413856
14178,0,1,1,58.96079544761614,0,64.19815866858875
14179,0,0,1,53.98218149179382,0,63.12201442162287
14180,0,1,1,47.98418334878959,0,61.76922845844501
14181,1,0,0,54.46675886251017,0,64.18547230444038
14182,0,0,1,73.08932987649143,0,62.75637892907566
14183,0,0,1,45.23104901198555,1,60.41512466987691
14184,0,1,0,63.70239085221662,0,65.53381700699252
14185,0,1,1,50.16828552284004,0,65.01265138991715
14186,0,1,0,33.75042539583347,0,58.17711392838211
14187,0,1,1,43.65277762065408,0,60.42114323919895
14188,1,1,1,31.24483854000948,1,62.21566713092084
14189,0,1,0,54.90604289783371,0,63.8471454418379
14190,1,0,0,58.2608126033257,1,64.28128969730271
14191,1,1,0,37.16740487778546,1,64.29504221329066
14192,1,0,0,49.6881924173597,0,64.11373180039817
14193,0,0,0,56.19080295603035,0,65.91883431474918
14194,0,1,0,63.96314264867617,1,66.7212013048574
14195,1,1,0,71.55235719470038,1,65.18193762494282
14196,0,1,1,40.48635809418563,0,61.62996173384567
14197,1,0,0,47.32942466423788,0,57.97625148746994
14198,0,1,1,56.59737747801347,0,63.81070573135638
14199,1,1,1,39.66297703932786,1,56.4496166596124
14200,1,0,1,52.76880622946668,1,61.05641785819884
14201,0,0,1,37.34221689185175,0,58.71146409978625
14202,0,0,1,44.46526022144037,0,57.81293596621192
14203,0,1,1,52.32896480340526,0,61.75787012193272
14204,0,1,1,39.71260375779413,1,62.58317221387023
14205,1,1,0,62.74301779805919,1,63.34280335716844
14206,0,0,1,47.11654093352234,1,58.19165127194501
14207,1,0,1,34.30078589467212,1,62.80053149790605
14208,1,0,1,45.51481206303571,1,62.96055364843262
14209,0,0,0,42.50241183300881,1,61.21681666631041
14210,0,1,0,43.52407851806806,0,60.09657044070529
14211,1,1,1,36.77859689491125,1,65.64771768914467
14212,0,1,1,59.19825954397396,0,60.9041203020639
14213,1,1,1,46.52280146348006,1,62.36117741648645
14214,0,1,1,43.49405234166189,1,61.26966697993259
14215,0,1,1,52.69072951058302,0,62.00898450198962
14216,1,1,1,42.3169902622805,1,61.95914615521147
14217,0,0,1,46.19552113035067,0,62.4735412539192
14218,1,1,0,44.63276925778902,1,60.10913254692483
14219,0,0,1,28.12103192896884,0,61.48391310411128
14220,1,1,1,41.69256522316588,0,61.19232798767182
14221,0,0,1,46.74159094156976,0,62.70122404143856
14222,0,0,1,38.24526259914791,0,60.7200331739942
14223,0,1,1,64.41061039718817,0,64.35731242895551
14224,1,0,0,45.47182967869647,0,63.12133929647189
14225,1,1,0,57.05763733132852,1,63.74727644103623
14226,1,1,0,44.13620134397922,1,60.51768813339103
14227,0,0,1,47.0966845995005,0,63.0513785247883
14228,0,1,0,45.96992487493807,0,62.06508506383098
14229,1,0,1,51.83750868769684,1,62.74417344886186
14230,1,1,1,53.9700956223693,1,64.0324372867905
14231,1,0,0,57.62159476673437,1,68.95742373951028
14232,1,1,0,55.43384664132962,0,63.66484643857908
14233,1,0,1,56.96355784644494,1,63.6284607017471
14234,1,1,0,56.47006438543507,0,65.25898559800109
14235,0,0,1,35.52513882226557,0,59.73685103859625
14236,0,1,1,51.29621927595996,0,62.49684162038313
14237,0,0,1,18.9726204437239,0,52.6920069537741
14238,1,1,0,44.21394648465284,0,58.56248390133566
14239,0,0,0,46.03743141982939,0,59.21852797576864
14240,0,0,0,60.08083927883217,0,63.96427416610364
14241,0,0,0,51.93395750444602,0,61.89901335725629
14242,1,1,0,54.96356988057619,1,66.92155137441522
14243,1,1,1,63.82407865369053,1,64.39247418793272
14244,0,1,1,52.2332801217817,0,63.25783320491216
14245,0,0,0,55.05217053446226,0,61.75373431002233
14246,1,1,1,57.19485289333873,0,62.05233995660873
14247,0,0,1,43.56457398098546,0,59.22004199398408
14248,0,1,0,30.98307281470218,0,60.17290738900562
14249,0,0,0,43.31605770423583,1,62.84862501322554
14250,0,0,0,50.51787648032624,1,62.04234492787322
14251,0,1,1,45.13273693570167,0,63.41183621425598
14252,1,0,1,60.1170153016276,1,64.64316954016091
14253,0,0,0,45.63596315791224,0,60.58342295404256
14254,0,0,0,52.76166515126233,1,63.17547216966714
14255,0,0,0,45.64408480627223,0,63.6433516372327
14256,0,1,0,59.7213052891389,0,70.26614124505087
14257,0,0,0,60.68987784708438,0,68.59648432600996
14258,0,1,1,39.73666130839267,0,59.23977590252875
14259,0,0,1,49.4638791109919,0,59.62506802803993
14260,1,1,0,53.92683044989747,1,61.45587324291114
14261,1,0,1,62.44465874106882,1,66.16018394064336
14262,1,0,0,35.18298125576993,1,60.87830310131987
14263,0,0,0,48.2239788480361,0,62.87932657399485
14264,0,1,0,50.35330580693345,0,58.87481384208949
14265,0,1,0,37.02429401531823,0,64.03030862924398
14266,0,1,0,29.16384244141035,1,58.33062123064411
14267,1,0,1,24.41064545146023,1,58.55425258003029
14268,0,1,1,68.35325466040914,0,63.78996596426158
14269,0,0,0,45.33485321242998,0,57.20417480312989
14270,1,1,0,67.72825030037428,1,66.84375961078065
14271,0,1,1,38.30474001895846,0,58.74075372561246
14272,0,1,0,32.50334925158785,0,59.4393873858853
14273,0,0,0,39.05236225502998,1,61.31439613155039
14274,1,0,0,39.98211576407894,1,66.61356215792293
14275,0,0,1,49.79220566032183,0,61.29201876564794
14276,1,0,0,57.81199671433627,1,65.41946151963275
14277,0,1,0,49.68420269934904,0,61.13207558829475
14278,1,1,0,48.0675162052058,0,62.48301593222646
14279,0,1,1,52.2796974006741,0,62.4543972392472
14280,0,1,0,62.67198817710939,0,63.96414599163001
14281,0,0,1,51.30942200453823,0,62.27509175655067
14282,0,0,1,48.95931955575852,0,63.11717553941153
14283,1,0,0,36.08339196392583,1,62.74177786453561
14284,0,0,1,38.16737346624559,1,60.17875236892606
14285,0,0,0,56.25648528648563,0,64.65574508867188
14286,1,0,0,45.28615781937283,1,59.99612459689988
14287,0,0,0,55.28164896261382,0,63.61895041701168
14288,0,1,0,48.27803584746901,0,63.12908415046593
14289,1,0,0,34.61568508379811,1,63.2117457094327
14290,1,1,1,69.73530750849174,1,68.25747955286559
14291,0,0,1,44.40327924553164,0,62.5618884546348
14292,0,0,0,61.11905978548178,1,65.12317679795915
14293,1,0,1,52.8128583253498,1,59.30812787725899
14294,1,0,1,24.48910698756136,1,55.64292867885906
14295,0,1,1,71.26843311798928,1,68.2854681532029
14296,1,0,0,47.14991594130944,1,65.03161663766154
14297,0,1,1,59.96638429998366,0,65.6296373091286
14298,0,0,1,37.91138865641845,0,59.17174052251762
14299,1,0,1,43.2195395770826,1,58.91334309237815
14300,0,1,0,52.66475077740327,0,63.00852761468609
14301,0,0,1,46.90912787287079,0,60.56228361247286
14302,0,0,1,18.74881224513495,0,55.99856993643809
14303,0,0,1,30.78359139605073,0,60.12612948765091
14304,1,1,1,44.49757560796172,1,57.58503224969915
14305,0,0,0,51.74429984521168,0,64.52348570520576
14306,0,0,1,35.73132722578567,0,56.20735603626019
14307,0,0,1,44.43956119831137,0,60.66617587561741
14308,1,1,1,59.72216284244619,1,62.94010223359253
14309,0,0,1,36.96498875505248,0,59.95786305501365
14310,0,0,1,48.81596571426891,0,59.80651234619706
14311,0,0,0,69.74988509816617,1,65.40664717697459
14312,0,0,1,42.14843204203346,0,57.6870191080201
14313,1,1,1,51.88055991275891,1,65.96611321943601
14314,1,0,1,41.23180174980767,1,59.9030735308169
14315,1,1,1,44.87020464325389,0,61.17897227413938
14316,1,0,0,35.04609677167097,1,63.02799777976639
14317,1,1,0,59.71415339747978,1,63.89788591369138
14318,1,0,0,46.27679233232253,1,62.44089490391912
14319,0,1,1,51.81881844303082,0,58.86166274129543
14320,0,0,1,39.05896482258692,1,58.41807110198818
14321,0,1,1,51.81952860965845,0,61.33655218943052
14322,0,1,0,49.58990245228124,1,63.97046672358127
14323,1,0,0,26.16255757919576,1,61.0580974258085
14324,1,1,1,57.44537425040146,1,63.46515585401557
14325,1,0,1,43.43631929548879,0,60.62689824942125
14326,1,1,1,40.56965495295348,1,61.95442170174957
14327,0,1,0,52.64822196958168,1,62.97792419664862
14328,0,0,0,61.53147881978342,0,63.24279887511511
14329,0,1,1,39.56482408801975,0,61.25763816367114
14330,1,0,0,74.58367792320934,0,68.34087129461301
14331,1,1,1,47.24786554190572,1,62.12028653315024
14332,1,1,0,64.44403178222845,1,60.32553334101971
14333,1,0,1,45.42518428623453,1,61.51803624175446
14334,0,0,1,39.12259479148059,0,56.96149540424198
14335,1,1,1,55.13078779575189,1,60.31903522721473
14336,0,1,0,49.92286716183602,0,63.85980463326833
14337,0,1,0,61.69621938616994,0,63.89844129532962
14338,0,0,1,77.96453823361117,0,66.47755919626755
14339,1,0,1,49.29256615921173,0,61.584273306263
14340,0,1,1,62.01932793742057,0,64.11047710316727
14341,0,1,1,53.16716793601654,0,60.73997275848367
14342,1,0,0,64.1585362597832,1,70.29779074408098
14343,0,1,0,42.43682694063436,0,61.77639220390542
14344,1,0,0,60.51256877235135,1,63.41868672740944
14345,0,1,0,43.98486278551077,1,63.60524594088211
14346,0,1,1,54.00226196949556,0,62.37357591362559
14347,1,1,0,44.90256554561709,1,61.56558568593167
14348,0,0,0,28.89055565647436,0,59.89413335416332
14349,1,0,1,38.00012560002447,1,57.52779815687481
14350,1,0,1,28.79480354169125,1,58.08571769934992
14351,0,1,0,56.45058845490385,0,63.45934784359241
14352,0,0,1,50.07789102971547,0,60.40664341443119
14353,0,1,0,41.48158914323084,0,64.20959035673359
14354,0,1,1,66.75710409848983,0,67.01477915502379
14355,0,0,1,31.82135323623062,0,60.11149768354041
14356,0,1,1,34.17127520633105,0,57.14491462846624
14357,1,0,0,59.97862949685122,1,62.58083061291266
14358,0,1,0,52.93243876024842,1,61.99010920738424
14359,0,0,0,60.73877001550712,0,62.18978895024706
14360,0,1,0,53.24184700704532,1,64.0442336163006
14361,1,0,0,55.20254833718784,0,64.19497876559187
14362,0,1,0,41.45012470712702,1,60.10139681120999
14363,0,1,1,69.5716366196767,1,63.94126555095604
14364,1,0,1,50.09258274929748,1,66.07891237731103
14365,0,1,1,38.8923691510103,0,59.70662129554304
14366,1,1,1,47.62029572008566,0,64.12316361475777
14367,1,1,1,57.15255846197552,0,61.96633821436514
14368,1,0,0,42.78844783886422,1,64.1565016304401
14369,0,1,1,71.59995765646178,0,62.87769988253024
14370,0,0,1,33.41771274002173,1,60.91764998412363
14371,0,0,0,21.50454857994706,1,58.95000022456779
14372,0,1,1,52.26829711290467,0,60.29086760643845
14373,1,1,0,49.54106987538515,1,66.46675743319366
14374,1,0,1,45.05806118263921,1,65.16229986425229
14375,0,1,1,40.846772287114,0,58.53989538186256
14376,1,0,0,32.90145882509568,0,56.91476214052722
14377,1,1,0,42.40370902296489,1,64.43799468860465
14378,1,0,1,42.23702835430208,1,62.52487477898189
14379,0,1,1,66.77093492395343,0,58.84069792865866
14380,1,0,1,44.38840844498282,1,62.62033931952039
14381,1,1,1,49.552947483881,0,65.50312138938148
14382,0,1,1,45.51323998492135,0,59.37240542898375
14383,0,0,0,45.98411394991988,1,59.37832743333944
14384,0,1,0,49.12350794944765,0,66.18449526986231
14385,0,0,1,39.96271641228243,0,61.22432671280559
14386,1,0,1,69.10804866980141,1,66.93125340334953
14387,0,1,1,40.38311611433269,0,57.39630511709862
14388,1,1,1,64.54620441188067,0,62.83964396816312
14389,1,1,1,47.34961023209402,1,62.6963141701793
14390,0,0,0,60.89795322670366,0,62.04025515901616
14391,1,1,0,61.12630555450509,0,65.2974167102451
14392,0,0,0,70.10522079666025,0,66.25181305374446
14393,0,0,1,63.2103742401016,0,61.59251242698068
14394,1,1,0,72.82331270627341,1,67.60985001675849
14395,0,0,0,43.48777714782901,1,60.18209110138837
14396,0,1,0,40.05968993673076,0,60.92169358674754
14397,0,1,1,40.12455919197746,0,56.14513040119174
14398,0,1,0,60.36294456838603,0,65.3761277180943
14399,1,1,0,61.23221935471923,1,68.15044594616174
14400,0,1,0,43.37546157828652,0,62.31729223927492
14401,0,1,1,39.33244168173381,0,61.23644125322462
14402,0,1,1,28.45801125583118,0,60.42826885884721
14403,1,1,1,28.40016986905039,1,56.94231528787068
14404,0,1,1,47.20044217053427,0,63.03126855422724
14405,1,1,1,58.73748498566827,1,64.73858518237887
14406,0,1,1,54.19205501143855,0,60.13564186394727
14407,1,0,0,46.56821127548092,1,64.4659678854639
14408,0,1,1,31.47001882093747,0,57.57434984179181
14409,0,0,1,51.80007816657597,1,62.4168248665267
14410,1,1,0,62.47126435281457,1,66.37502105841754
14411,1,0,1,48.77466380349494,1,63.5260149091829
14412,1,0,0,42.11574799341547,1,66.47281863998838
14413,0,0,0,42.60004954468127,1,60.97488998685979
14414,0,0,0,30.38197756363448,1,57.76755745062745
14415,1,0,1,43.40621137185852,0,59.09132964024961
14416,1,0,0,67.99421077138587,1,67.94071610560729
14417,1,0,0,44.26495190079905,1,60.89135989324583
14418,1,0,0,37.35334641993644,1,61.06012463249539
14419,0,0,1,61.57449208765829,0,62.202586632974
14420,1,0,1,59.09507891109654,0,64.49301187527828
14421,1,1,1,54.01945743335407,1,61.66467409124192
14422,0,1,0,86.5896428354214,0,69.70626242117851
14423,1,0,0,45.16643123280845,1,61.86623162543091
14424,1,0,1,52.49014927398356,0,61.99071700487041
14425,0,1,0,47.49547453302308,0,62.16259245342588
14426,0,1,0,57.49353337185372,0,66.93607136323203
14427,0,0,1,45.72061718381827,0,61.60992566201005
14428,0,1,0,48.92969986831115,1,58.36797010937961
14429,1,1,1,51.2268550282188,1,62.44324265989039
14430,0,0,1,47.26575942527843,0,63.42751664693903
14431,1,1,0,26.16854872667795,0,58.33835368997527
14432,1,0,0,59.90337832934621,0,64.60752353167757
14433,1,0,1,45.65133991459812,1,60.96646382180171
14434,0,0,1,34.53301819740138,0,61.75671613219177
14435,1,0,0,45.86999126630946,0,60.1343032560935
14436,0,1,0,42.04939128769696,1,63.3005793614234
14437,0,1,0,44.07824250014233,0,58.56357900370411
14438,1,1,0,43.84439375171205,1,60.01560823416821
14439,1,0,0,42.55326200924495,1,64.09815892073098
14440,1,0,0,49.48200577980283,1,63.4195369629183
14441,1,0,1,46.93998190002886,1,63.37322939111064
14442,1,0,0,67.98170157515052,0,65.53502473286267
14443,1,1,0,42.95163217670154,1,66.9082827396423
14444,1,0,0,51.61024771196342,1,62.00151388561211
14445,1,1,0,61.11514566495341,0,63.8494541485369
14446,0,0,1,52.75357886729871,1,59.09033538016529
14447,0,0,0,49.00660752446105,0,62.38555724684537
14448,1,1,0,47.36871483727976,1,67.21611764140975
14449,1,1,1,52.90158512092248,1,60.47114421960953
14450,1,0,0,48.72107170372855,0,62.07887102912419
14451,1,1,1,53.46887742849378,1,62.60261604999016
14452,1,0,0,43.86509554880487,0,62.18381989712471
14453,1,0,1,47.12580523853443,1,60.56257362436596
14454,1,0,0,44.62637844806326,1,64.06283791298038
14455,0,0,1,39.42717767207737,0,61.02874452328534
14456,0,0,1,38.24075419273895,0,61.19816830823978
14457,1,1,0,45.07944196458531,1,63.70216504874629
14458,0,1,1,31.35126452832303,0,57.61754904273683
14459,0,1,0,46.86022056598818,0,63.26825114602385
14460,0,1,0,52.12074546901243,0,62.62844866161382
14461,1,0,1,47.0663037549013,0,60.34547033188566
14462,1,0,0,44.60164454351135,0,63.12780069248557
14463,0,1,1,54.31818786229388,0,61.99139707385063
14464,1,0,0,46.71393076680919,1,62.13964350445048
14465,0,0,0,59.73896722933,0,61.62481546847862
14466,0,0,0,60.02559473696598,0,66.00952952618638
14467,1,0,1,35.59306704834036,0,54.63901389117059
14468,0,1,1,47.66989215527566,0,61.51574271433348
14469,0,0,0,50.27192204420768,0,62.40315207996159
14470,0,1,1,40.68231129500701,0,60.50696210632415
14471,0,0,1,59.22676668544908,0,61.39094637992982
14472,1,1,0,57.07239783172695,1,66.0707909629029
14473,0,1,0,47.6139926581891,1,61.89054076645183
14474,1,0,1,41.36626039798209,1,61.2513980814208
14475,0,0,1,59.70177237894485,0,63.04748417274035
14476,1,1,1,46.78699200273029,1,61.29089393863038
14477,1,1,1,60.01280181778971,1,64.65831787124777
14478,1,1,0,52.19787258701223,1,63.76806021380995
14479,1,1,1,52.82867016129922,0,61.74851245468478
14480,1,0,1,48.15827052637652,1,62.2615273480954
14481,1,0,1,33.67860450252331,1,59.86515867568067
14482,0,0,0,54.68767431605445,0,65.42428848239402
14483,1,1,1,60.24881974512471,1,64.5127065988143
14484,0,1,0,43.43833220427591,1,62.53803338709292
14485,0,1,0,28.11566946240098,1,53.89671780073649
14486,1,1,1,38.2746749781904,0,57.71588026087332
14487,1,0,1,58.6040413795065,0,62.1495834061462
14488,1,0,1,66.04357220278285,1,67.72509935972697
14489,1,0,0,67.46893624929059,0,65.48031228530003
14490,0,0,0,38.39991136883125,0,63.98412937324306
14491,0,1,1,31.29442774857533,0,56.99219306059832
14492,0,0,0,53.63581098677334,0,60.94070400108155
14493,1,1,0,54.52208440804088,0,64.77853296221105
14494,1,1,1,42.7646248055283,1,68.41413598574572
14495,1,0,1,42.19965054765419,0,59.2454642452522
14496,0,1,1,46.52723087214914,0,60.5500728639254
14497,1,1,1,39.5710398441525,1,62.59498663537548
14498,0,0,1,48.60133026872351,0,61.05452411372106
14499,0,1,0,39.9292654214492,0,59.76939673884096
14500,0,1,1,12.71611843006588,1,57.95594836916204
14501,1,1,1,52.79044550988144,0,62.47146448418392
14502,1,1,0,69.28160663787489,0,65.31757872123788
14503,0,1,1,55.00543222721239,0,61.42463929413525
14504,1,0,0,49.73704401494101,1,66.58617498701803
14505,1,0,0,40.82370146683056,1,60.24348534179777
14506,0,0,0,47.83825133041876,0,64.27246765075536
14507,0,1,0,35.62624462995473,0,61.87240996239106
14508,0,0,1,59.11977188749389,0,65.02247545612252
14509,1,0,0,61.89363775325527,1,69.32895706210107
14510,0,0,1,58.4839006308022,1,61.81087235781385
14511,0,1,1,49.68859200690732,0,59.81926560110748
14512,0,1,0,51.69154108358088,0,66.91725881277158
14513,0,1,1,45.58759892517847,0,59.97689353170966
14514,1,1,0,65.99644577116243,0,63.38119923227253
14515,0,1,0,50.00935157995448,0,63.47196946204313
14516,0,1,0,60.09545094424239,1,61.80811269643777
14517,1,0,1,39.8663447296103,1,59.80074438696457
14518,0,0,1,24.83358259371121,0,55.12086350593825
14519,1,0,0,51.6752661984948,0,61.14015623274661
14520,1,1,0,56.06438481561041,0,67.32724667619034
14521,0,1,0,52.16364499685832,1,63.82429306445095
14522,1,1,1,59.2490324857153,1,63.91684050025506
14523,1,0,1,34.09991867141372,1,58.69567011728331
14524,0,1,1,53.18133892653865,0,60.0294031857519
14525,1,0,0,48.22529037165739,0,61.71816104745754
14526,1,1,1,54.97342344879345,1,68.05078761559061
14527,1,1,0,53.87979781776765,1,65.32976908535052
14528,1,1,1,46.53441220554241,1,65.82529773853277
14529,0,1,0,41.89209296440154,0,63.5464456762443
14530,1,0,1,59.27948098410174,1,64.19235479866467
14531,0,1,0,55.22080246151499,0,63.17882680519094
14532,1,1,1,66.71572546666899,1,62.38795060247785
14533,0,0,1,52.53512783368294,0,62.0747443147104
14534,1,1,0,30.19492478335596,1,61.12682708169867
14535,0,0,0,35.68212612172364,0,58.48813911570317
14536,0,0,0,41.1049961098996,0,61.11018116313484
14537,1,0,1,51.50568829755403,1,63.57540230133231
14538,1,0,1,52.75698248563485,1,64.10525698092042
14539,0,1,0,50.36473218778556,0,64.03993506138475
14540,1,1,0,55.62305742636551,1,65.22341551243325
14541,0,1,1,42.71111481336344,0,61.12343581754138
14542,0,1,0,59.40305414199868,0,62.57866029057742
14543,0,1,1,49.09741824413188,0,60.53052101874376
14544,0,0,1,57.95761909813722,0,62.63822628049088
14545,1,1,1,40.74030770037552,1,60.65042439631004
14546,1,0,1,61.03804582282891,0,64.71104876223157
14547,0,1,0,48.84519276775606,1,65.13871974179321
14548,1,0,0,54.94027788977468,0,62.22417924563276
14549,0,0,0,50.02282217991933,0,60.06083062651366
14550,1,1,0,63.23005982339076,0,64.6882756670764
14551,0,1,0,58.60596866480267,1,65.14349777446468
14552,1,0,1,51.14660652350054,0,60.20199480589444
14553,1,1,0,47.37234942447039,1,63.68167966398719
14554,1,0,0,46.88958705185647,1,60.93492028817227
14555,1,1,1,57.12434872707636,0,64.03112181853773
14556,0,0,0,44.14960119402141,0,60.36272653260011
14557,0,0,0,43.76622216840423,0,63.98878896857961
14558,0,0,0,42.81079493147234,0,63.06677265459022
14559,1,1,1,51.14632990730539,1,62.93859344230786
14560,0,0,0,50.61508314596035,0,65.208615191642
14561,1,1,0,41.6215928680873,1,63.55284462503019
14562,0,0,1,47.64455594825413,1,61.97041236876283
14563,0,1,1,45.93155322345586,0,60.66206961508233
14564,0,0,1,49.95931874584777,0,59.92699112632425
14565,1,1,1,61.83033139621394,0,67.22561699530836
14566,0,1,0,48.50967935465405,0,62.11834342945436
14567,0,0,0,58.50323823173193,0,64.61611436120774
14568,0,1,1,52.02315589819348,0,62.45521058054098
14569,1,1,0,53.95352013217473,1,65.96783525957713
14570,1,1,0,55.80518400234423,0,63.26233195854217
14571,1,0,0,72.71332918845839,1,64.8556773527432
14572,0,0,0,41.49660521878401,0,60.92839171413248
14573,1,0,1,70.70203926372747,0,63.96328193452723
14574,1,0,0,17.55935433115077,1,58.24658466306676
14575,0,0,1,45.82362730717694,0,60.20413880719397
14576,0,0,1,48.28253561340892,0,60.5150094084834
14577,0,0,0,47.46838794828936,1,60.66748354313022
14578,0,1,0,49.15146575987055,0,61.09500949061061
14579,1,1,1,58.75095698020523,1,62.11229908548373
14580,1,1,0,44.50613033562492,0,62.30086542095797
14581,0,1,0,55.81998277000691,0,61.56445585352613
14582,0,0,0,53.7538970335989,0,60.40248968378079
14583,1,1,1,45.33996430398528,1,61.82239315734245
14584,0,1,1,38.94594205615729,0,57.97925993765864
14585,0,1,0,61.99585333861502,1,65.9733543772635
14586,0,0,1,53.78194838238132,1,65.33896166755949
14587,0,1,1,58.32696705367641,0,64.23667563763664
14588,0,0,1,51.60152299745242,0,64.39336421004249
14589,1,0,0,20.96983884759818,1,58.14234546650374
14590,0,0,1,43.42544759842062,0,59.73490814562401
14591,0,0,0,42.05321391419002,0,58.7553950749051
14592,1,0,0,47.7015813317315,1,64.03378086488172
14593,1,1,1,54.09429563361468,0,64.68037641773704
14594,0,0,0,49.93603746756276,1,62.1128599264196
14595,0,0,1,47.06806521620467,1,59.2363065648825
14596,1,1,1,48.27724719547156,0,61.80921768157795
14597,1,0,0,36.89201303800567,1,63.3555016602467
14598,1,1,1,30.99233993339191,1,59.0355256170569
14599,1,1,0,57.79038567500867,1,64.68462764671892
14600,1,1,0,38.66343056903565,1,60.51657356183198
14601,1,1,1,67.36995313437777,1,64.83308285323436
14602,0,1,0,84.05360705600626,0,69.70965988513147
14603,1,0,1,68.78641768765954,1,64.21980350664377
14604,1,1,0,61.99455145253221,0,65.73846906625116
14605,0,1,0,57.17612552320829,0,63.797908404762
14606,0,0,0,28.18608496248766,0,57.53196765875458
14607,1,1,1,49.66553728183882,1,63.25189640246203
14608,1,1,0,58.98704996035224,1,63.17015485341759
14609,1,0,0,43.5061717235399,1,62.75797619044239
14610,0,0,0,63.45394875331058,0,64.43099644232012
14611,1,1,0,47.3534010271561,1,63.38102551235389
14612,1,0,0,52.608210124588,1,63.90842691150304
14613,1,1,0,44.64880614144111,1,63.79228314141375
14614,1,1,0,37.98302454935725,1,60.89772425114555
14615,0,1,0,51.43013658643247,1,63.07196124263829
14616,1,1,1,38.64974974815868,0,60.78642729511648
14617,0,0,0,50.04632492837129,0,61.56337143599264
14618,1,0,0,54.94318987643894,1,65.89253615446962
14619,0,0,0,53.33318442300961,1,66.61115843997992
14620,0,0,0,38.046564844926,1,60.97858835366246
14621,1,1,1,46.9111102790062,1,61.93758394979815
14622,0,0,1,55.30533614176789,0,60.82965478074476
14623,1,1,0,67.19207231364813,1,66.91622677056048
14624,0,1,0,65.06709760400933,0,66.37944499062714
14625,0,1,0,51.21524823578834,0,62.95867240601974
14626,0,1,0,54.13964572224045,1,62.79695788448752
14627,0,1,0,45.02886738011708,0,58.83808764840949
14628,0,1,0,51.58917126018923,0,63.19526647796854
14629,0,0,1,44.81374696070778,0,59.18638772903412
14630,0,1,1,55.23115584790685,1,62.48520651866249
14631,1,1,0,53.3753179651231,1,66.15330164477595
14632,1,1,1,59.06098158769952,1,62.40684855178151
14633,1,0,1,66.02912238724599,1,65.4635198648149
14634,0,1,1,41.4562068873166,0,57.76422047191504
14635,0,1,0,52.13058992771214,1,62.84857839963772
14636,1,0,0,50.26862275466735,0,64.93945117120538
14637,1,0,1,50.76324833168889,1,62.50112302952182
14638,0,0,0,67.37752839789631,0,64.47131758028087
14639,0,1,1,50.31760432610545,0,61.11800906314385
14640,0,0,0,52.06133267302044,0,61.1130067826284
14641,0,1,1,43.10196290655747,0,61.32578989363608
14642,0,0,1,51.0017543592188,0,59.6737617249712
14643,1,1,1,58.07203534263708,1,62.53083637613982
14644,0,0,1,53.02256129495737,0,60.9916468253807
14645,1,0,1,56.88990851012692,1,64.27760578945056
14646,0,0,1,58.82219548506227,0,61.50998273929797
14647,1,1,1,51.38922440280895,1,63.03396094362123
14648,1,0,0,51.90850245252934,1,62.76529699491143
14649,0,1,1,46.10748302715206,0,60.33574549846654
14650,1,1,1,56.7176114770394,0,63.68196698594075
14651,0,0,1,55.73057058247942,0,62.97233335650429
14652,1,0,0,49.03781450754225,1,62.46159786285355
14653,1,1,1,47.68570664846333,1,62.08051388138916
14654,1,0,0,45.7121313179756,1,60.59431715167406
14655,0,1,0,60.52249870276599,1,60.68110428352178
14656,1,1,0,46.43446556658321,1,63.64295627572658
14657,1,1,1,54.19597299089578,1,61.4998138106925
14658,0,0,0,44.61241784307697,0,61.85015891273192
14659,0,1,0,50.66226131258015,1,67.11385876794938
14660,0,1,1,65.85038701134287,0,65.42159838604684
14661,1,1,0,43.78359847293909,0,58.79225856666107
14662,0,0,0,56.92995073306623,0,63.37504720350803
14663,0,1,0,53.72489566368316,0,64.40686772612942
14664,1,0,0,50.54086277148057,1,60.27381507615443
14665,1,0,0,52.70248791210555,1,60.00064213567911
14666,1,0,0,56.49050867074763,1,62.02635395033558
14667,0,1,0,64.17639586928004,0,64.35106667886218
14668,1,0,0,45.14719494732146,1,62.72222956044446
14669,0,0,1,48.94829305877309,0,60.74669828167364
14670,0,1,0,45.89842182020224,0,64.76655618957602
14671,1,0,0,51.5910151158642,1,61.91885029941891
14672,0,1,1,66.43067453369069,0,63.40434524098114
14673,1,1,1,45.27552886462228,1,64.95525339622566
14674,1,1,1,58.79364333086204,1,65.25344491600045
14675,0,1,0,48.45599562570128,1,63.76992530714748
14676,1,0,1,55.1188971895136,0,61.93867042428857
14677,1,0,1,47.38777940344174,0,62.9114978154053
14678,1,1,1,52.57165892848416,1,63.58866007559731
14679,1,1,1,47.80256701390104,1,62.6336227891642
14680,0,0,0,31.40602097011804,0,59.66529850082674
14681,1,1,0,34.72614855678586,1,60.38707409996916
14682,1,1,1,59.64269120462659,1,61.63307617096995
14683,1,0,0,58.17892038788725,1,64.66387806436236
14684,1,0,0,39.25012955527785,1,60.17369975490477
14685,1,0,1,40.9068253577677,0,61.43630361546026
14686,0,1,1,36.48930776648228,0,59.28909395535154
14687,0,0,0,37.3464475812614,0,60.68454382515237
14688,0,1,0,41.06578873664219,1,63.84476610170074
14689,1,0,1,44.94303005015878,1,64.12337622491818
14690,0,0,0,48.910035976385,1,62.69807163801283
14691,0,1,0,69.96987219303465,0,68.71881191416878
14692,1,0,1,62.5838296151747,1,64.42958103309967
14693,1,0,0,61.18670506572919,1,67.72786385147332
14694,0,1,0,47.96753765962368,0,65.30016398184863
14695,0,0,1,37.15119136162667,0,59.58408399312025
14696,0,0,1,42.12706872318623,0,58.9396379674785
14697,1,1,1,45.40220001182527,1,62.69731710109824
14698,1,1,0,40.54922691765886,0,62.71752436152016
14699,1,1,1,52.69707558472747,1,63.94397376446633
14700,0,0,0,55.31012116612995,0,63.97961137244176
14701,1,1,1,22.14365527592342,1,57.36349182995464
14702,1,0,0,55.22010210230179,0,60.78284766377299
14703,0,1,1,46.12510103042229,0,56.09032969413273
14704,1,1,0,52.21941380142157,1,65.21791744517209
14705,0,0,0,55.79136779350014,0,62.8441253223727
14706,0,0,1,41.35581695360727,1,56.22853058331734
14707,1,1,0,47.72674561202351,0,63.79438812514256
14708,0,0,1,52.91101969695313,0,59.44829628426929
14709,0,0,0,32.37952470013826,1,61.16692153560589
14710,0,1,1,43.46398849286352,0,60.27389299771912
14711,0,0,0,58.22670149432884,0,61.96574490174192
14712,0,1,0,56.72044919487156,1,61.79867871277595
14713,1,0,1,55.35432775916105,1,63.31131084874798
14714,1,0,0,56.97266045052606,1,61.6633505793631
14715,0,1,0,44.18007222907231,1,62.47467275143845
14716,1,0,1,46.41883142699408,0,60.8772851077499
14717,0,1,1,47.08034964552726,0,59.26075335384238
14718,1,1,0,52.22898407384623,1,69.05653222365831
14719,1,0,1,11.00252721071328,1,57.40807130435273
14720,0,0,0,43.86208439274135,0,61.56099287775969
14721,0,0,0,48.67331887516126,1,63.50173903701866
14722,0,0,0,43.19690101710076,0,63.52581982353759
14723,1,1,1,54.9911948458976,0,66.21723684331275
14724,0,0,0,32.15638466386518,1,62.94323833072128
14725,1,0,1,33.51874233243497,1,61.24669380180794
14726,1,0,0,58.31470313750938,0,61.40292126238092
14727,0,0,0,44.11600144582796,0,60.70132822251355
14728,0,1,0,45.92415360037274,0,64.52049137218485
14729,1,0,1,25.83165781574827,1,56.92387549597877
14730,0,1,0,63.37703625727029,0,65.37398248549955
14731,0,1,1,32.91157198097164,0,59.42310943781241
14732,0,1,0,67.74223584191736,0,65.75469348460832
14733,1,1,1,57.78592890110551,1,64.6039150862244
14734,1,1,1,63.14432798372653,1,62.85649251017244
14735,1,0,0,34.72294398884605,0,57.46909636183958
14736,0,0,1,42.22711088031993,0,62.06127665624308
14737,1,1,0,44.68887259866852,0,63.16384776290433
14738,1,0,0,59.73943446365402,0,66.67093562101932
14739,0,1,1,39.7197747772607,1,61.833133877507
14740,0,1,0,58.17081656915031,0,64.182696528767
14741,1,1,0,55.42867497704614,1,61.24601949935253
14742,1,0,1,36.15749979693518,1,62.92626383792397
14743,0,0,0,49.54699943542411,0,61.90876191740161
14744,1,0,1,38.18430332842231,1,61.07187762151352
14745,1,1,0,52.04578811558608,0,59.96276176093241
14746,1,1,1,36.1166300036303,1,60.46398835002615
14747,1,1,1,35.00581377566515,1,59.79937882388188
14748,0,1,0,33.84141566861562,0,61.22215741108745
14749,0,0,1,54.36715144575913,0,60.95582817323469
14750,0,0,0,49.06245335413701,0,60.7309613909552
14751,0,0,0,66.47481737814189,1,68.36027572988662
14752,1,1,0,28.93839145798041,1,60.86318936696391
14753,1,1,0,58.67493799419851,1,67.1664891687537
14754,0,1,1,38.70328478044186,0,59.49101100074046
14755,0,1,1,54.02848101543651,0,62.15337867429355
14756,1,0,1,42.9197025415921,1,61.97046388858128
14757,0,0,0,50.64713690971382,1,60.50462002329127
14758,1,1,1,42.03406162806375,1,64.10895984155715
14759,1,1,0,28.61390127758822,1,62.38907640678426
14760,1,1,0,64.724536037592,1,68.3575836286313
14761,1,1,1,38.72692875993472,1,64.02555799116108
14762,1,1,1,49.60575366374414,0,63.72054978971642
14763,1,1,1,61.77784350060524,1,66.01847992128991
14764,1,1,1,49.96084329661133,1,62.32726651732911
14765,1,1,0,59.89985808318611,1,67.85116300125101
14766,1,0,1,48.58326115936556,1,62.76273952450968
14767,1,0,1,59.15733317889244,0,59.60164359307453
14768,0,0,1,31.63318554105741,0,55.2780181547976
14769,1,0,0,39.82337889906603,1,60.28467466072245
14770,0,0,1,48.92081530944808,0,59.48561806171939
14771,0,0,0,45.20268800305658,0,61.2807550730543
14772,1,1,1,54.70076747929721,0,62.27884437822934
14773,1,0,1,52.12682799273383,1,60.82241313579777
14774,1,1,1,26.7218217165284,1,57.21516755355927
14775,0,1,1,34.69272566572187,0,59.12204366775827
14776,1,0,1,44.35752930533044,1,61.47331357154346
14777,1,0,1,32.41074785565419,1,59.78779963330901
14778,0,0,1,33.07980569648984,0,58.54765662782953
14779,0,0,1,49.80037202534483,0,61.75891944570626
14780,0,1,1,47.90427953489592,0,61.59063953056796
14781,1,0,1,37.26210829255042,1,59.21413626034857
14782,1,1,0,48.80321002435629,1,65.08313676834767
14783,0,0,1,56.4885334377373,0,62.26588262236716
14784,1,0,1,34.12853087274829,1,60.29346538401607
14785,0,0,1,26.19930011111405,0,56.05773652016623
14786,0,1,0,51.84048965653255,0,59.56974534471388
14787,0,0,1,41.75351699431747,0,58.7050957652451
14788,0,1,0,48.31636675472736,0,63.45049043731029
14789,1,1,0,64.79105534188143,1,68.96184334222527
14790,0,1,0,27.68923098899969,1,59.88309890048473
14791,1,1,0,47.49515484931185,1,63.01462200826565
14792,1,1,0,34.55879976796477,1,63.59302553505761
14793,0,1,1,51.89710419610299,0,61.8646193823114
14794,0,0,0,60.84823218339346,0,65.12351831801003
14795,1,1,1,46.65048785044014,0,62.07753899701332
14796,0,1,0,56.99315754086369,0,65.00603122554645
14797,0,1,1,60.2164777903492,0,62.48653938063276
14798,1,1,0,55.82714640642109,0,66.10348423872614
14799,0,1,0,34.93287648294619,0,60.76936694412617
14800,0,0,1,57.41875076605515,0,60.96369441163306
14801,1,1,0,51.75836953301717,1,63.9740101700366
14802,0,0,1,46.43509784678658,1,57.82243458852282
14803,1,0,1,30.74095021911575,1,62.21626045163119
14804,1,0,1,50.50265301827983,1,64.42302137686917
14805,1,1,1,45.04979657656915,1,62.44869944331309
14806,1,1,0,56.83382157956542,1,66.17178886198323
14807,1,1,1,52.76080263228607,1,59.30979127916551
14808,1,0,1,31.10115686020133,1,61.9686822865681
14809,1,0,0,69.85720053698034,0,67.63300223547175
14810,1,1,0,45.01779300469781,1,62.96367057948441
14811,1,0,0,53.79305292393105,0,65.46828375769798
14812,1,1,0,63.43468357728129,1,67.68039093086381
14813,1,0,0,46.64369220650364,1,63.27231970627458
14814,1,0,0,54.25446770534572,1,64.75118222826957
14815,0,1,1,37.67822227100823,0,59.07375532864459
14816,1,1,0,63.37371203527533,1,66.44821111387911
14817,1,1,0,72.02808490933272,0,65.47048194851251
14818,0,0,0,49.70336843943152,0,64.79263368478192
14819,1,0,1,48.37672249051436,1,62.03852758561203
14820,0,1,0,55.58680493198805,0,65.19569131969756
14821,1,1,1,51.41512728577204,1,61.91870033731671
14822,1,1,1,47.23457246518951,1,62.29024637761819
14823,1,0,0,44.22455312025461,1,61.91387323143463
14824,1,1,0,61.41163786260167,1,66.47593009995551
14825,1,1,1,49.57804488112161,1,62.6342859458228
14826,1,0,1,52.25693596815097,1,62.23222714802596
14827,1,1,1,56.23923318555246,1,63.72286137290493
14828,1,1,1,47.66129678314577,0,57.81020756524259
14829,1,0,1,45.27267976741899,0,60.29828385227233
14830,1,0,1,61.90428066281789,0,62.55335478070993
14831,0,1,1,42.87816489003207,0,58.87141655732196
14832,0,1,0,32.60715532250322,0,58.42306190193729
14833,0,1,0,58.1286044430144,0,65.39812469448148
14834,1,0,1,50.01052446573154,1,64.12486188076529
14835,0,0,0,50.02194923482497,0,60.74771611419072
14836,1,1,1,50.58223070205561,1,64.67047529598844
14837,1,1,0,53.08458966884297,1,62.86301240192441
14838,1,0,1,52.18222636859095,1,60.45928009458504
14839,1,0,1,34.31657370639071,1,56.79189690039566
14840,0,1,0,49.71108182496737,0,63.1867769373367
14841,1,0,1,53.00164865268177,1,64.38686713818306
14842,0,1,0,54.0524112332926,0,64.42496972474338
14843,0,0,0,43.45828702824694,0,63.57364113951502
14844,1,1,0,49.3942941648107,1,65.89587162750141
14845,0,0,1,44.35932372612173,1,61.45529555774324
14846,1,1,0,70.01373372696274,0,64.28554761311372
14847,1,0,1,39.37897543686358,1,61.93758479396631
14848,0,1,0,48.79456956062903,0,63.39349224723203
14849,0,0,1,56.2290161477666,0,61.22898092882839
14850,0,1,0,52.1056821641514,1,64.62801226959368
14851,0,1,1,47.67628524586699,0,62.21758813826024
14852,0,1,0,38.48093477030771,0,60.62692456421984
14853,0,0,0,72.18249665349992,0,64.08505676444476
14854,0,1,1,42.05632546117364,0,59.02562554811765
14855,0,1,1,60.43200420877726,1,64.59795176612117
14856,0,0,1,44.20150539283843,0,62.52824466932429
14857,1,1,1,31.22341412718925,1,60.06699525756171
14858,1,0,0,70.1532000156808,1,63.54819536741683
14859,1,1,0,38.3464336656665,0,60.91647884639956
14860,0,1,1,54.67445610794604,0,63.12616068875172
14861,0,0,0,57.56532430641472,0,63.4630955931281
14862,1,1,1,23.59226421522641,1,57.88942690753115
14863,0,0,1,58.4977520186376,0,62.84590045518969
14864,0,0,0,43.91851002888094,0,62.30664247164555
14865,1,1,0,49.43018686164065,0,57.67690992237107
14866,1,1,1,54.12618167328808,1,62.90921997926503
14867,1,1,0,42.78746180871016,0,59.64388786161366
14868,0,1,1,43.81748267358087,1,63.20835738345281
14869,1,1,0,35.0130281048845,1,60.27542749103658
14870,1,1,1,53.43024063323625,1,64.61281225107206
14871,1,1,0,58.56201319885962,1,62.33204230971125
14872,1,0,0,35.03236981387863,1,58.07228655251777
14873,0,1,0,31.2845859117607,0,61.93140591539185
14874,0,0,0,52.57606637731777,1,62.32613188964591
14875,1,1,1,55.19316970367883,1,60.78327301592041
14876,0,0,0,61.89326190083791,0,66.08911354256955
14877,1,1,0,53.57727992802116,1,65.32811331103765
14878,0,0,1,53.77004482280565,0,61.14768260541296
14879,0,0,0,32.01122269445261,0,62.47805704630677
14880,1,0,1,31.86359574134062,0,56.70239587101641
14881,0,0,1,55.71036745728553,0,62.07703109988729
14882,1,1,1,38.83779781834715,1,61.02445550817177
14883,1,1,1,67.70570067490704,1,63.34551816037909
14884,1,0,1,51.97576137566227,1,62.12292953326596
14885,0,1,1,43.3430606770082,0,61.30884980237771
14886,0,1,1,63.30911728594609,0,59.40328807739724
14887,0,0,0,28.86090537492446,1,60.01070187187022
14888,0,1,0,47.82698938389048,0,62.38108581134738
14889,0,1,1,47.1368183770149,0,62.86963699439835
14890,0,1,0,60.19360078283689,0,67.40485612584499
14891,0,0,0,49.32796093287803,1,59.9211668191485
14892,1,1,1,32.31095870198474,1,60.56510352817609
14893,0,1,0,57.23400618191663,0,62.2845593189046
14894,0,0,1,44.06820332466706,0,61.01189921478839
14895,0,1,0,55.01932321333837,1,65.32441883815844
14896,1,1,0,54.50532259456878,0,62.94073235386764
14897,0,1,0,46.29302807424641,0,59.98824326877941
14898,1,1,0,49.37793792524321,1,65.22115955179527
14899,1,0,1,42.17932016702326,1,62.39804023919223
14900,1,0,1,57.11366590319382,1,63.06607748438067
14901,1,0,1,37.80752864014513,0,58.70754436173727
14902,1,0,1,47.21104475168636,0,61.10315343635143
14903,0,1,1,51.8537945682641,0,61.40245596789549
14904,1,1,0,72.16594380000839,1,68.80541453038165
14905,0,1,0,44.9977843567278,0,61.34484576463095
14906,1,1,0,57.19245587481855,1,64.35797550369165
14907,1,0,1,37.90126773921781,1,57.22689830917565
14908,1,0,1,47.26574759777338,1,63.19261922939429
14909,0,1,0,39.68789952319777,0,61.9096354186912
14910,1,0,1,59.06918133984089,1,62.12649674328062
14911,0,1,1,43.66599865737717,0,58.21329680493148
14912,1,1,0,63.42645681187167,0,63.40359570398125
14913,0,0,0,48.96301601934366,0,61.30640771460711
14914,1,0,1,16.18529629191811,1,55.33797524393029
14915,1,0,0,27.54903276104767,1,60.96440822406751
14916,1,1,0,39.34399250124939,1,63.08532812044999
14917,1,0,1,43.64518184994716,1,59.28083918845043
14918,0,0,0,41.72601575269783,1,58.92498945120693
14919,1,1,1,33.83745072785337,1,62.61573118105174
14920,0,0,0,52.67261940680045,1,61.9489439739025
14921,1,1,1,56.50157221745882,1,64.96615761224747
14922,1,1,0,61.06450557977238,0,65.62844069536351
14923,0,1,1,50.46246490289272,0,59.85028365537969
14924,1,1,0,40.01715774227277,1,61.83468748921594
14925,1,1,1,58.66350802531581,1,65.62807814250019
14926,1,1,0,60.41916939885198,1,62.38899476033475
14927,1,0,1,52.60065682307619,1,63.70678501542371
14928,0,0,1,51.23236226108632,0,60.8354097505263
14929,1,0,0,41.27476640666956,0,59.97614914332181
14930,1,1,1,67.08648377190711,0,63.19594774308723
14931,1,1,0,68.38226712186493,1,65.55494395182707
14932,0,0,1,61.42986725418731,0,59.82975537625216
14933,1,1,1,60.06339424844482,1,64.3785569438993
14934,1,0,1,54.95471565978024,0,59.64483934478211
14935,0,0,1,42.50173661161995,0,55.1604415861895
14936,0,0,0,40.3048862125571,0,60.52247022495888
14937,0,0,1,38.94319672683896,0,59.04538692537246
14938,1,0,1,55.15060205825491,1,61.97825034417656
14939,1,0,1,50.75250126089001,1,64.14811969069288
14940,1,1,0,41.533674374418,1,64.05840280267046
14941,0,0,1,39.77218428773573,0,58.16896319092822
14942,1,1,1,40.7159394807082,1,63.69619800387575
14943,1,0,0,35.6874947706464,1,62.2358177455485
14944,0,1,1,48.96185232973764,0,61.10176903065529
14945,1,1,1,45.31730736901348,1,63.55839767780457
14946,0,1,0,66.14429593775597,0,66.24639858719205
14947,1,1,0,55.35029963710612,0,63.74087813209569
14948,0,1,0,51.37003180609237,0,62.48901864140417
14949,0,1,0,63.58774266862138,0,68.44574314505832
14950,0,0,0,63.90063896040135,1,66.08966094816211
14951,1,0,1,29.36121674127538,0,57.23936611478565
14952,0,1,0,52.5705376870987,0,62.4616697293085
14953,1,0,1,51.56707575371324,0,62.10286750107606
14954,1,1,0,72.20542820338252,1,66.78340552335152
14955,1,0,1,49.59807464580405,1,63.07278288462305
14956,0,0,1,32.48972831983906,1,58.82253873644584
14957,1,1,1,37.43791307190092,1,63.92157457634059
14958,0,1,0,55.38514656117285,0,64.09469734591774
14959,0,0,1,47.94531097796489,0,60.22724516077852
14960,1,0,1,47.61425692745735,1,61.47114859266763
14961,0,1,0,45.22541835704512,1,62.87614898526412
14962,0,1,0,39.97302850612807,0,65.17709847597189
14963,1,0,1,47.32210192756935,1,60.79780320414461
14964,0,1,0,69.64499052360513,0,66.44908287198709
14965,1,1,0,45.12144750675911,0,63.02143512192207
14966,1,0,0,34.66940879466826,0,61.69217016617394
14967,1,0,1,48.73977308243452,1,62.47400694815907
14968,1,0,1,55.96492053691686,0,64.50218505370079
14969,1,1,1,45.16644816333938,1,63.25528784200584
14970,0,0,0,44.13322656146401,0,65.84825742148594
14971,0,0,1,47.23071799895678,0,62.04275113078958
14972,1,1,1,55.10569620237145,1,64.92956506183754
14973,1,1,0,34.97197036285401,0,61.47078761901606
14974,1,1,1,54.38821439667131,0,64.05308830113746
14975,0,0,0,30.95003678541734,1,59.75866220474017
14976,0,1,0,40.34091304833551,1,59.22339786085842
14977,0,1,1,58.60952913879343,0,60.44335371355625
14978,0,0,0,52.58214822148894,0,63.12659414305887
14979,0,1,1,28.35658752790549,0,57.86890425387359
14980,0,0,1,56.07183881940902,1,61.98304640478575
14981,0,1,1,57.13284262303679,0,59.93109707710546
14982,1,1,0,51.68811230977529,1,65.23743497243944
14983,1,0,0,53.38892873877818,1,62.8718198335634
14984,0,1,1,48.1789753250459,0,59.15295304037693
14985,0,1,1,26.5096088185326,0,58.76674916447449
14986,0,0,1,41.47951922806168,0,60.14950249629969
14987,1,1,1,43.66876279727748,1,62.76071434190539
14988,0,0,0,54.12599731398203,0,61.57647920524936
14989,0,1,1,44.57584750281406,0,60.83260300393925
14990,0,0,1,62.41359680998111,0,61.9654946013698
14991,1,1,1,30.38481931849469,1,59.69595971958474
14992,1,1,0,50.71094197821356,1,63.52557407853944
14993,1,1,1,29.40653444073211,0,58.25932310383149
14994,0,1,0,62.56303527803219,0,68.47432804120713
14995,0,1,1,47.15592166533629,1,58.69992489471512
14996,0,1,0,42.48143807818501,0,64.06310255961846
14997,0,0,1,53.28225433396097,0,60.38388507081242
14998,0,1,1,52.4448149008099,1,63.1615136847503
14999,0,0,1,55.49539160019827,0,60.90395219214884
15000,1,1,1,42.78320111203001,0,64.41157903307658
15001,1,1,1,41.97216297237922,1,61.48278040043697
15002,1,0,0,42.3003758386867,1,60.77587018625407
15003,1,0,1,52.74616130138841,0,60.07039725643011
15004,0,1,1,31.03629119817733,0,55.51495409265178
15005,0,1,1,49.22803945352882,0,60.51687689768836
15006,0,0,1,55.52649375950645,0,63.72779347176918
15007,0,1,1,35.64917366123285,1,58.85993515368487
15008,0,0,0,44.35696802850818,0,60.57641713816624
15009,1,1,0,38.25915627720184,1,64.52473720744692
15010,0,1,1,37.96225518983433,1,60.33706813939385
15011,1,1,0,50.39714523796952,1,62.96494315332637
15012,1,0,1,31.77955714738103,0,59.17666112799467
15013,1,1,1,60.46930390189213,1,61.54961908923208
15014,0,0,0,60.18027613171566,0,66.68895395209665
15015,0,0,1,36.79779164429097,0,61.01274010939181
15016,1,1,0,59.56146293174879,1,64.00326253697682
15017,1,0,0,51.52092555568169,0,61.58602817176982
15018,1,0,1,37.78510949364673,1,60.64860827316245
15019,0,1,0,55.88103496269623,0,62.86189356559218
15020,1,1,0,55.95440266193515,1,63.6652889759652
15021,0,0,1,37.99393554292907,0,59.34365943637298
15022,1,1,1,28.91150804831707,0,57.72995236979203
15023,1,1,0,49.37501180225021,1,61.45981943085935
15024,1,1,0,50.5068642014593,1,65.4238920970335
15025,0,1,1,31.64548760740434,0,57.21606850853591
15026,1,1,1,42.95528010682912,0,63.63400392156645
15027,0,1,0,61.62580716578118,0,64.49200095467131
15028,1,1,0,43.09671189649322,0,62.03371167220187
15029,1,1,0,44.84885943104285,1,66.27183719992054
15030,0,0,0,52.88587953656855,0,63.33811494448658
15031,1,1,0,46.08822864365914,0,62.64976070786805
15032,1,0,0,56.21609296885991,0,62.84921351290519
15033,0,0,0,81.27312790862581,0,66.16525672482153
15034,0,0,0,36.95453199501287,0,62.19127392341636
15035,0,0,0,48.15723356965689,0,62.443487624166
15036,0,0,1,59.0505321906658,0,61.73099387202605
15037,0,0,1,52.9682674348961,0,62.73134380431588
15038,1,0,0,64.57231744328632,1,65.16327633310441
15039,0,1,1,55.12895253375424,0,62.62190342429443
15040,1,0,0,40.7525478691816,1,62.92523790457307
15041,0,0,1,41.27739379647512,0,58.55312693823871
15042,0,0,0,52.07333614886849,0,59.44575121368504
15043,1,1,1,60.90599228482641,1,66.6107421912908
15044,1,1,1,60.48511742823481,1,64.19330996638558
15045,0,1,0,41.58045575211277,0,60.78098490439984
15046,0,1,0,59.56381718832351,0,65.27722448155009
15047,1,0,0,45.03883341595616,1,62.1984328953398
15048,0,1,0,59.79528498021359,0,65.27366049157385
15049,1,0,0,61.48994605840359,0,67.12064536945317
15050,1,0,0,48.06187078146465,1,63.11107858248011
15051,1,0,0,53.4545059501168,1,61.45365557432541
15052,1,0,1,37.53488674686164,0,57.09050860212265
15053,1,0,0,38.85143986870297,1,63.86311769200702
15054,1,1,0,61.51899605306938,0,61.03305795674353
15055,0,0,1,49.43136420318405,0,61.6182289474303
15056,1,0,1,41.1915287619739,1,62.31714917997132
15057,1,0,0,34.0475312585944,1,59.83269541075381
15058,1,0,1,42.2896091259749,0,60.92668636630523
15059,0,1,1,51.22418428578093,0,60.34409957153639
15060,1,1,1,40.90687928246429,1,62.27595904152888
15061,1,1,0,67.41967216928478,0,63.65915157180532
15062,1,1,1,43.16830196607459,1,62.66092179475545
15063,1,1,0,66.7824588876462,1,66.9922553595359
15064,0,0,1,47.25404881247065,0,60.14975535834283
15065,1,0,0,51.23471285027846,0,64.75854680612154
15066,0,1,0,41.22809299289941,0,61.18837634430204
15067,1,0,0,44.08806055997512,1,63.90854000219676
15068,1,1,1,41.08812155745106,0,62.25125113737661
15069,1,1,1,44.47868725706906,0,59.59688927812199
15070,1,1,0,62.78285139288072,1,63.58801699653792
15071,0,0,1,41.36986399888146,1,58.61170074870442
15072,0,0,0,66.52506603155113,0,66.73875442568807
15073,1,0,0,31.40992264599873,1,62.11090330208289
15074,0,1,1,52.74325316205312,0,63.20843792193446
15075,1,0,0,41.92221609955198,0,59.02434796915544
15076,1,1,1,63.2133852678276,1,66.41992195037939
15077,0,0,0,27.92147144457335,1,59.21540141577811
15078,1,0,0,38.62949253036317,1,62.6342512333713
15079,0,1,0,44.87033066884035,0,66.34495218995623
15080,1,0,0,61.49361510496738,0,61.097252495306
15081,1,0,1,55.58471609224413,1,61.2678958553567
15082,1,1,1,60.01272482217313,1,62.70856664670951
15083,1,1,1,59.13388669029465,0,62.27106120921151
15084,1,0,0,47.60224841295236,0,58.2732094347584
15085,1,0,1,38.60041435741104,1,59.37809136107588
15086,1,0,0,39.65412877146487,1,60.49248751988407
15087,0,1,0,40.17140033696128,0,63.2075729323715
15088,0,0,1,32.06681155484662,0,59.09210229210971
15089,0,1,1,41.62810153636742,0,60.78278821447638
15090,1,0,0,54.76002511090705,1,64.42214514220517
15091,0,0,0,57.24116298695667,0,64.36386417384183
15092,1,0,0,45.78717877122068,0,59.95433591559416
15093,1,1,0,53.00700508130132,1,64.5711639607278
15094,1,1,1,49.5879945232444,1,61.12649527508749
15095,1,1,1,54.22987959060394,0,61.8315652968498
15096,1,1,0,55.2028670509245,0,65.89119670686364
15097,0,1,1,31.11099989289855,0,58.50311440725833
15098,0,1,1,37.56045823822645,0,61.49316005496399
15099,1,1,1,41.87024596854833,1,63.58377867347728
15100,0,1,1,37.6831864504538,0,59.30750364837348
15101,0,1,1,50.796958921131,0,61.59108342358354
15102,1,0,1,46.09844569815903,0,60.68730266101058
15103,0,0,0,51.20540898949491,0,61.97357576147655
15104,0,0,1,32.67980130212169,0,57.14551214564833
15105,0,0,1,46.7875942835722,0,60.38945830219694
15106,0,1,0,64.26751584568667,0,63.09999472162148
15107,0,0,1,36.39350691463881,0,60.24490328951071
15108,0,0,1,48.15927919508425,0,62.93346717144368
15109,0,1,1,51.5212962480695,1,64.98908146956532
15110,0,1,0,49.44285956975183,1,61.10571794459181
15111,1,0,0,54.22887933170695,1,62.85449757501992
15112,0,1,1,50.60598670993102,0,61.15507002398176
15113,1,0,1,27.378754587497,0,55.94287998692661
15114,1,1,1,36.37680060407227,1,61.57079196365618
15115,0,0,1,27.80453353788425,1,57.1980777058691
15116,1,1,1,48.76787686536744,0,59.75184259968862
15117,1,1,1,40.89496364722451,1,63.54495569561211
15118,0,1,1,44.10304916122089,0,62.88137469610825
15119,0,0,1,51.05760059011648,0,61.64129285799196
15120,0,0,1,49.50064638841452,1,60.07927036046922
15121,1,1,1,60.20408000917575,0,63.38891760958507
15122,0,0,1,32.14345570913869,0,57.77616024952344
15123,1,1,0,60.09398679804421,1,65.31754592663287
15124,0,1,0,50.30344823404853,1,61.1058685016147
15125,1,0,0,51.07572321888019,1,62.1897076781135
15126,0,0,0,59.15890157596315,0,63.14583867451221
15127,0,0,0,55.99855361135605,0,61.34828707262015
15128,0,0,1,45.40939773443323,0,61.92278429127594
15129,1,0,0,40.91186060228799,0,59.37285294532965
15130,0,0,1,44.07468912501531,0,58.59660229780616
15131,0,1,0,41.59439433026078,0,62.27275590052091
15132,0,0,0,64.6267299443826,0,63.201464399809
15133,1,1,1,47.60229159927667,1,64.93742627951249
15134,0,1,0,44.12067515440607,1,62.15192016004173
15135,1,0,1,54.99772258018297,1,63.05768133883474
15136,0,1,0,55.6169865575559,0,65.33530723659656
15137,1,1,1,65.07687552987905,1,64.62162453848939
15138,1,0,1,51.31259241534642,0,60.34971592261342
15139,0,0,0,48.99844594949293,0,60.54226933403908
15140,1,1,0,55.08508250553148,1,65.04412923406305
15141,0,1,1,44.16620187280858,0,62.43277312041586
15142,1,1,1,47.93792736429796,1,62.77362606340161
15143,0,1,0,42.51427985014017,0,62.06700030653423
15144,0,1,1,64.70351389481888,0,66.1142800918897
15145,1,1,0,63.50122033703659,1,66.08276275399858
15146,1,0,1,45.62027193831023,1,61.39484335428678
15147,1,0,1,49.34893199108259,1,61.34721140253392
15148,0,1,0,46.37007262041718,1,62.78818950988375
15149,1,1,0,36.83843580215636,0,61.97089862294974
15150,1,0,0,46.55121369721695,1,64.27562873372294
15151,0,1,1,63.51540518882193,0,65.40233342403374
15152,0,0,0,44.60980136428639,1,61.7942822484595
15153,1,0,0,28.03762972758336,1,60.69615637133892
15154,0,1,1,46.51626569996218,1,60.7692814074926
15155,1,1,0,42.03929028270612,1,64.29759808123322
15156,1,1,0,72.25403504494318,1,67.67919868830597
15157,1,0,0,44.77260434166169,1,63.90127046427186
15158,1,0,0,60.05073485635176,1,61.94169841800637
15159,1,1,1,50.82787939996539,0,60.95631847805836
15160,1,0,0,58.11123217989869,1,65.10498668994717
15161,0,1,1,36.6888537551934,1,65.28856296168574
15162,0,0,1,51.8450988712762,0,64.01456491308757
15163,1,1,1,36.82639450790873,1,61.70457372166317
15164,0,1,1,38.47180976370294,0,60.47467011080413
15165,0,0,0,46.70975098747742,0,61.63102386206725
15166,0,0,1,64.21164506314787,0,64.14193720431564
15167,0,1,1,35.3728940509897,0,58.08484930053697
15168,0,1,0,43.46149235631317,0,63.47907126900216
15169,0,1,1,43.95132457068158,0,60.03286855043115
15170,1,0,1,45.93921786273089,0,58.67883724573934
15171,0,0,0,56.22739897354698,0,65.0511422186753
15172,1,0,1,43.54669489217986,1,62.01339256680805
15173,1,1,0,45.90206036809273,1,63.10653695664033
15174,1,0,1,44.26883635396887,1,61.90011765400302
15175,0,1,0,63.45188906712026,0,65.48014809555215
15176,1,1,0,31.46951838748123,0,60.60216965838831
15177,0,0,0,50.13238862108781,0,61.95321829510831
15178,0,1,0,33.70450645544351,0,61.384279936982
15179,0,0,0,43.20431511314577,0,61.032807280189
15180,0,1,0,43.96832904812899,0,62.9731277984285
15181,1,0,1,37.42238057206013,1,57.29713960869213
15182,0,1,1,38.20836453303417,1,61.26764230556726
15183,1,1,1,56.32616244345515,1,67.66464867632139
15184,0,1,1,53.56028391099347,1,60.94128773812878
15185,0,0,0,56.43085482943202,1,64.05945683203841
15186,0,0,1,55.08057746295521,0,61.84568143818223
15187,0,0,1,33.45542230921512,0,56.76136037965311
15188,0,1,1,56.74240906400271,0,64.1003176504797
15189,0,1,1,40.33978152666887,1,60.6885531286892
15190,0,1,0,49.37371449238323,0,65.44353372520963
15191,0,0,0,54.89568112567711,1,63.98583909575638
15192,0,0,0,55.0365313699574,0,58.81952518195949
15193,0,1,0,39.2365330181331,0,63.68594792479391
15194,0,1,1,48.25436820969692,0,62.46261275413442
15195,0,0,1,60.17292560994152,0,60.97120668444582
15196,0,1,0,40.93722427831386,0,59.4327358713557
15197,1,1,0,58.99520746296955,0,65.46316737283047
15198,0,0,1,61.64579086677625,1,65.081060807589
15199,0,0,1,40.29121657255472,0,59.63025174430473
15200,0,0,0,54.52623733904387,0,64.32846656900686
15201,0,1,1,52.01087540072153,0,58.26181712314111
15202,0,1,0,49.76877183137138,0,60.26613973027017
15203,0,1,1,47.77409769639826,0,64.31617971805825
15204,0,0,0,50.22316493190339,0,65.75410487715438
15205,0,1,0,74.58446543971178,0,64.73289883683374
15206,0,1,1,46.7535069653462,0,62.65851470998366
15207,1,1,1,36.7318015253125,1,63.25707721024643
15208,1,1,1,65.0793613285901,1,64.06535934504852
15209,1,1,1,50.12243358665297,1,63.08957925432136
15210,0,0,0,46.08207387022527,0,65.35089406574653
15211,0,0,1,40.3459401245461,0,58.87018785796462
15212,1,0,0,37.07915087390231,0,63.4109580922342
15213,1,1,0,64.19317093958745,1,66.68360794372779
15214,1,1,1,45.28306651644853,0,62.32170306166242
15215,1,0,0,57.9237789799969,1,64.54281077105269
15216,1,1,1,67.94275406187431,1,65.56490427247893
15217,0,1,0,45.90597338603368,1,66.29164162396312
15218,1,1,0,49.11605736625931,1,61.41633457064122
15219,0,1,0,31.42088899280344,0,62.34998943791865
15220,1,0,1,54.60540374787389,1,64.96768407532431
15221,1,0,1,40.58068281022729,0,58.77976312753454
15222,1,1,1,39.84189117237766,1,58.51228858873538
15223,1,0,1,43.12397422932493,1,62.73848778294187
15224,0,0,0,40.45276922644753,0,59.84234330936995
15225,0,1,0,51.95844128142112,1,64.01974327755268
15226,1,1,0,53.46028740590753,1,63.58433580127157
15227,0,1,1,45.37747947130894,0,63.06654976537249
15228,0,1,1,59.31381082177047,1,58.6131493975835
15229,1,0,1,36.5231168285048,1,60.12663477703597
15230,0,1,0,49.54031631677773,0,63.7235908107726
15231,0,1,0,52.13737494949088,0,61.88150948937094
15232,1,1,0,56.0400212475558,0,63.53569838875092
15233,1,1,0,35.44285245579358,0,56.82642806142758
15234,1,0,1,50.75143111216348,1,62.66802420285705
15235,0,1,1,45.6317508960035,0,64.52679113412326
15236,1,0,1,35.23026719566572,1,59.5346591596065
15237,1,1,0,43.66915004980927,1,60.91648328132243
15238,1,1,1,57.57447769531514,1,62.41748927246543
15239,1,1,1,57.12222559360752,1,66.15119419886993
15240,1,1,1,40.96037862679081,0,59.97621732460951
15241,0,0,0,50.86987074224439,0,60.79562729051585
15242,1,0,0,43.38951472904714,0,61.18385148627995
15243,1,0,0,40.10916441158919,0,63.21064385877192
15244,0,0,0,49.74170640419268,0,60.45096878684112
15245,1,0,1,55.06698651034638,1,62.98567602992479
15246,0,0,0,35.78900980403886,0,58.96272650738647
15247,0,1,1,53.04549357008589,0,61.11767078925438
15248,1,0,1,38.35900029754394,1,59.38173647254554
15249,0,0,0,57.49790626830625,0,62.22334817420453
15250,1,1,0,74.93934368866584,1,68.6409269336925
15251,1,0,1,40.25900133494968,0,59.32268934972479
15252,1,1,1,42.22031361014122,0,61.51019678369143
15253,0,0,1,39.3400601152612,1,57.37289032245043
15254,1,0,0,46.15333845767453,1,66.32157249403238
15255,1,1,0,66.79907761878636,0,65.43433901350491
15256,0,0,0,56.09352145855443,1,65.66203634112568
15257,0,1,0,59.84280285962739,0,65.41957287651077
15258,1,0,0,43.66922848838882,0,63.67586995956307
15259,0,1,1,52.28905173248754,1,62.03342978014678
15260,0,1,1,40.53947644362258,1,60.3433717754717
15261,1,1,1,39.04666795572253,1,63.60371389520096
15262,0,1,0,57.85758019039835,1,65.33827558121141
15263,1,1,0,58.66690569954375,1,62.35428864714249
15264,0,0,0,47.79644696401782,0,60.43206200690405
15265,1,1,1,24.90857240028784,0,60.89102684562203
15266,0,1,0,52.85634093784877,0,61.81074202664757
15267,0,1,1,28.17237300767248,0,58.85092809264721
15268,1,0,0,34.09609827091072,1,62.58291251592596
15269,0,0,0,48.13691989357909,1,63.23397643293541
15270,1,0,0,51.82682251447515,1,64.73533607768697
15271,0,1,1,48.58480188829114,0,61.34494396896498
15272,0,0,0,50.14649357629702,1,61.09299572314453
15273,1,0,0,58.85580185584121,1,63.10548908467095
15274,0,0,0,34.50340562801655,1,57.78503484914003
15275,0,0,1,60.51331954231572,0,62.63555120884744
15276,0,0,1,61.03988493362302,1,60.09224040118377
15277,1,0,1,48.9678347270472,0,61.68017915943044
15278,0,1,1,52.17097813653389,0,62.33425105438852
15279,1,1,0,63.8301914111499,1,66.24229135275688
15280,0,1,0,53.04939228407543,1,63.01052175026092
15281,0,1,1,53.59851391224238,0,64.12522374664492
15282,1,1,0,66.79822137544295,1,63.73493393364321
15283,1,0,1,46.96347944978567,1,62.45874675659617
15284,1,0,1,53.89871990663248,1,61.55675362375931
15285,0,1,1,44.78133180343609,0,59.74081797080316
15286,0,0,1,45.69148613546057,0,59.51252873719805
15287,0,0,1,56.91607288989192,0,58.95055162252682
15288,1,1,1,62.06603098114998,1,61.01615550504044
15289,0,1,1,40.02811539094491,0,59.77682109815132
15290,0,1,1,61.33949242252248,0,63.81032101731434
15291,1,0,0,53.20950058030473,0,64.72504668380996
15292,1,1,0,42.32067504296711,0,59.87353055856059
15293,1,0,1,36.10818038759783,1,61.71490498981114
15294,0,1,0,59.99912106957798,0,66.85874719161784
15295,1,1,1,51.05014774655658,1,63.39631434851037
15296,1,1,0,49.38730496719973,1,62.93637656541779
15297,1,1,0,60.74560220493834,1,65.01159281784147
15298,0,1,1,46.10933036676977,1,61.92959665314157
15299,0,0,0,40.86140311545785,1,61.30092342477278
15300,1,1,1,32.92523619866095,0,59.12059714585973
15301,0,1,0,50.55713474358016,0,64.99961577585206
15302,0,1,0,62.47669929647311,0,63.40700877740348
15303,1,1,0,53.92311917130348,1,64.58918000852016
15304,0,1,1,46.15114825902283,0,60.0088978622116
15305,1,1,0,46.46641178657522,1,60.47179841732857
15306,0,0,0,68.23719364014661,0,64.88652285597807
15307,1,0,1,43.38655976087726,1,60.79494286931163
15308,1,0,0,68.15993176520199,1,66.65283017022567
15309,1,1,1,33.42609794077386,1,60.71240986525819
15310,1,1,0,59.6718385584935,0,61.67042474859791
15311,0,1,0,38.87696549740717,0,61.68395378197603
15312,0,0,0,59.96653340851429,0,62.82577683325214
15313,1,0,1,44.39378339822011,1,62.44593580871112
15314,1,1,0,32.51011897946367,1,65.19493395689268
15315,0,1,0,46.29528498279659,0,63.60878125031437
15316,1,0,0,59.45538704234761,1,62.49222830395974
15317,0,0,0,45.07055853644895,0,59.55186818323592
15318,1,1,0,45.19416352963507,1,65.99922643277911
15319,1,0,0,50.17547385760601,0,61.6124031470711
15320,1,1,0,56.52895486834534,1,66.5882707197829
15321,0,0,1,50.83656573526811,1,57.8710228325795
15322,0,1,1,60.47691617031593,0,66.1127855878597
15323,1,1,1,42.11175556855458,1,60.5464889876192
15324,0,0,1,36.83630702668151,1,61.67167106580404
15325,0,1,1,62.46882134159345,0,57.76324382050973
15326,1,0,1,47.26569257168023,1,59.97510811564961
15327,0,0,0,46.15637486931615,0,61.91784099955576
15328,1,1,1,51.0810552205457,1,61.04257181114636
15329,1,0,0,47.09721976904785,0,62.16570297386704
15330,0,0,1,43.78987512202649,0,63.6815074089312
15331,0,0,1,33.18586105330408,0,57.01655672110995
15332,0,0,0,39.06855161884486,0,60.5531661496677
15333,0,0,1,44.43409826499729,0,61.58205996624707
15334,1,1,1,49.69555834579446,1,62.63534586180044
15335,1,1,1,36.58134860022307,1,62.02667235468527
15336,1,0,0,43.12762662179322,1,63.16792198416429
15337,0,0,0,47.28143254600745,0,63.45108586321671
15338,1,0,0,31.82418132174295,1,61.84504678936784
15339,1,0,0,46.35749509272885,0,61.48298282945245
15340,1,1,1,40.57927659755765,1,59.66375490404061
15341,1,1,0,66.22436057610862,1,65.71132647019489
15342,0,1,1,49.09158224574214,0,60.19399544244531
15343,0,0,1,41.61448220102791,0,60.8894384110479
15344,0,0,0,54.44599348991264,0,63.08781161464778
15345,1,1,1,53.62957129603831,1,60.93827263121945
15346,1,0,0,48.65982904419312,1,60.17010034982103
15347,1,0,1,56.91187297520449,1,62.82811677276406
15348,0,1,1,45.65900791134527,0,63.63002071904625
15349,0,1,1,51.55622112685269,1,61.62523135175193
15350,0,0,0,59.21567836771248,0,62.39102077302243
15351,0,0,1,33.39400890736097,0,58.20928590440275
15352,1,0,1,35.52125484152152,0,57.97313474474859
15353,0,0,1,45.42850998959461,1,61.98927431988282
15354,1,1,1,44.78246204570622,0,63.19021489799012
15355,0,0,0,66.03107394947884,0,66.43742646317396
15356,1,0,1,47.13445878965019,1,63.25509291558376
15357,1,1,0,42.3947589565761,1,63.17231605348315
15358,0,0,1,64.4960925072559,1,66.72954682392802
15359,0,0,0,48.15603586529894,0,62.02620156795621
15360,1,0,0,56.64915661287434,1,64.2627962210976
15361,0,1,1,46.23957137288987,1,59.36996125508757
15362,0,1,1,35.91523784109353,0,61.79363890915828
15363,0,0,1,57.55356128575941,0,60.52454894342299
15364,0,1,0,61.53670213915065,1,64.85187914557534
15365,0,0,0,54.4087524277392,1,64.35250953894099
15366,0,0,1,32.00923582568319,0,57.36709305578687
15367,0,1,0,55.20850378236518,0,64.01391066848909
15368,1,0,1,30.18880267550982,1,62.13216734815224
15369,0,1,1,50.83444266853519,0,62.94690051972916
15370,1,0,0,63.08048071417328,1,66.4703469237754
15371,1,0,0,34.92542632124285,1,61.00566096419872
15372,0,1,0,51.3185649335468,0,61.07849631478236
15373,1,1,0,50.58764852143114,0,62.91955361824736
15374,0,0,0,52.87891710039749,0,61.72792869819575
15375,1,0,1,65.65479880927732,1,66.4220451027025
15376,0,0,1,31.05060383235481,0,60.37814767491345
15377,1,1,0,55.5455710879202,1,65.7343098545909
15378,0,0,1,54.36666543466523,0,61.22584111063593
15379,0,1,1,63.19528098373584,1,63.88684753002841
15380,0,1,1,54.67117591901079,0,63.1481125416882
15381,1,0,0,41.54214995780369,1,61.97901738128356
15382,1,0,0,31.68213950507554,0,58.4239589571236
15383,0,0,0,48.15186445182383,0,62.46136459958102
15384,1,0,0,44.31183890377585,1,62.43670521608165
15385,0,1,0,47.35162397757524,1,64.30547369106574
15386,1,1,0,40.54640481949795,0,62.96302636346457
15387,1,0,1,45.19952717215902,1,60.94027475440072
15388,1,0,0,35.20543294844041,0,60.16018604480826
15389,1,0,1,35.54198930018373,0,57.51774245732967
15390,0,0,1,53.6349741254488,0,62.44388986153614
15391,0,1,0,39.60922626607535,0,62.69374232510243
15392,1,0,0,37.78225665865079,0,63.30492515890564
15393,0,1,0,60.3015431887322,0,63.3172187149092
15394,1,0,0,41.46547528149972,0,64.08213660186382
15395,0,1,0,35.18792228962157,0,64.31430652776557
15396,0,0,1,63.76429336860273,0,62.59422193587977
15397,0,1,0,52.12009914637845,0,60.1981220301029
15398,0,1,0,42.85970050323722,0,64.31533357833015
15399,1,1,0,64.5848234471772,1,66.51911078460797
15400,1,1,1,28.91198712715035,0,60.79678544811971
15401,0,0,0,56.68578111726586,0,63.56565088580551
15402,0,0,1,52.61220330216674,1,59.31591621710841
15403,0,1,1,46.10438889244205,0,59.97070444408455
15404,1,1,0,58.91413090650694,0,60.87965394985159
15405,1,0,0,33.77030249133514,1,62.7911332131094
15406,1,1,1,54.55328319923523,1,61.56343325430857
15407,1,1,1,56.94288071033706,1,63.25052642310374
15408,0,1,0,47.5789776697891,1,60.94328559944525
15409,0,1,1,54.14725143433994,0,62.95266257834659
15410,1,1,0,54.50084769412371,1,67.49169429954371
15411,0,1,0,55.76907721656328,1,66.70962611914682
15412,1,1,0,38.27909487642488,0,61.55831461315669
15413,0,0,1,37.02421683638223,0,60.19464272826396
15414,0,1,0,38.69721926623739,1,63.36112630074954
15415,0,1,0,47.125061981917,0,62.50455616657324
15416,1,1,0,57.47017570605838,1,66.18635058832946
15417,1,0,1,53.54979466787444,1,64.06334848795683
15418,0,1,1,48.31936593477788,0,59.22520908850433
15419,0,0,1,38.05642498023927,0,61.60797125593681
15420,1,1,0,49.32176935853895,1,65.39076131214853
15421,0,0,0,49.23478682495439,1,60.61735299309075
15422,0,0,0,48.0142181030477,0,64.41277004812792
15423,0,1,1,70.55791281713481,0,63.43090970685855
15424,0,1,0,55.96984052496823,1,61.91934560204433
15425,0,0,1,50.0069557956964,0,63.48514624670795
15426,1,0,1,62.88688582868695,1,62.15804426091895
15427,1,1,1,49.99323819724886,1,62.25670850947488
15428,0,0,1,71.90113914576615,0,64.34305294394642
15429,1,1,1,72.48895840454193,1,64.26739698400641
15430,1,1,0,51.06788100411207,1,63.55922788726244
15431,1,1,0,72.60919386608298,0,66.65937951787549
15432,1,1,1,61.21016336548234,0,62.80591434043975
15433,1,1,0,52.53564672884669,0,65.23191272096096
15434,0,1,1,48.21826111254418,0,64.15549637329158
15435,0,1,0,41.07029834663351,0,59.69471228498806
15436,0,0,1,33.53237988408723,0,59.0329020751221
15437,0,1,0,47.35973806568279,0,64.30071311298309
15438,1,0,1,48.59574791697311,1,59.41747505700939
15439,0,0,0,55.24121697640519,0,61.92235707320088
15440,0,1,0,63.98331256580045,0,64.85847181844635
15441,0,0,0,51.0600852606389,0,60.09434212377771
15442,0,1,1,36.57641029928967,0,59.81217951621237
15443,1,1,0,40.36829598864276,1,61.68702707127832
15444,0,0,0,58.09596106809971,0,62.91596527309662
15445,1,1,0,48.03725739817042,0,62.53094708074132
15446,1,1,1,35.66060465796266,0,57.65803603208571
15447,1,0,1,65.82576702320711,0,59.71358354854738
15448,0,1,1,48.78627877017161,0,62.94085148739144
15449,1,1,0,51.9240099321929,0,64.18637991368666
15450,0,1,0,28.82556885015102,0,61.07983499594427
15451,1,1,1,60.26156577392922,1,63.73067657185877
15452,1,0,0,53.77687195546768,1,61.87448389543825
15453,1,0,1,36.83950556426127,1,61.26243926603339
15454,0,0,0,45.40341187260501,0,59.40616144171975
15455,1,0,0,41.66742068758427,0,65.03639502501973
15456,0,0,0,59.4907435323037,0,65.55712364493485
15457,1,1,1,42.15353009209346,0,60.98758028603517
15458,1,1,1,39.82980479055911,1,58.18899798921847
15459,0,1,0,64.91413778850544,0,64.52775684183227
15460,0,0,1,31.77036672613211,1,56.64861864229378
15461,1,0,0,52.09566567187753,0,64.92935323112378
15462,1,0,0,43.51283794893651,1,64.57329129397256
15463,1,0,0,50.72399093621091,0,63.73692108599497
15464,0,1,1,39.67738752893192,0,57.21629205862583
15465,0,0,0,52.01726896677599,0,62.36059860143853
15466,0,1,1,31.51117602059501,0,58.92585636910355
15467,1,1,1,34.04649724133195,1,60.97420498728341
15468,1,0,0,37.08124504690478,1,58.46621308668719
15469,0,0,0,46.05576795951461,0,61.86011722692002
15470,1,0,0,42.41525128070575,0,60.4868704523926
15471,0,1,0,67.10267663883798,0,66.38995516847839
15472,1,0,0,47.66222305670532,1,61.05929620109706
15473,0,0,1,43.10296277650415,0,60.11408316557425
15474,1,0,1,41.01018323088097,1,60.23617145470955
15475,1,0,1,47.79311922526264,1,62.89887025842993
15476,0,0,0,60.12978154919015,0,63.11189323821015
15477,0,0,1,49.9630030868297,0,63.48228567505225
15478,0,1,0,44.59540714255849,0,63.85344639109118
15479,1,1,0,45.90266263128639,0,60.78277422440199
15480,0,0,0,55.28248126292628,0,64.5925561426132
15481,0,1,0,66.53782728583512,0,63.95525337956968
15482,0,1,1,66.36993734981523,0,65.36711867133366
15483,1,1,1,59.34727904098182,1,62.81444145039352
15484,1,1,1,59.01428772639611,1,62.53074211558759
15485,0,1,0,49.28103397952128,0,62.36767561162188
15486,1,0,0,67.50528809181327,1,65.63534292571156
15487,1,1,1,43.54136140439264,1,62.1693904689043
15488,0,0,1,32.23996891007744,0,58.06066693719426
15489,1,1,0,67.40553925720174,0,63.54418007242362
15490,1,1,1,45.2570584721269,0,59.67287110749419
15491,0,1,1,42.27836965778997,0,59.50041097534277
15492,0,0,0,40.36994644966428,0,59.9933644729785
15493,0,0,1,40.80235934355231,1,59.52943837718833
15494,1,1,0,57.6275193573041,1,65.42891215295072
15495,1,1,0,60.78469896364261,0,63.85261776336913
15496,1,0,0,46.25127192494045,1,58.94900566937907
15497,1,1,1,51.59680508559646,1,58.07134279844368
15498,1,0,1,46.33998930039522,1,62.84252570136798
15499,0,0,1,49.87276930668134,0,63.49303966124717
15500,0,0,0,46.5591350303601,0,61.68285304124045
15501,0,0,0,56.34869595069088,0,65.01687371472202
15502,0,1,1,31.95272022119244,0,59.85661881492574
15503,0,1,0,49.33472268488402,0,59.71737257799408
15504,1,0,0,47.22055368405367,1,59.8469115203939
15505,0,0,0,43.01546556300758,0,60.2509448402304
15506,1,0,0,75.70149693589116,1,68.51206831206929
15507,1,0,1,31.75547691724392,1,57.02621420557751
15508,0,0,0,48.80085051120669,0,61.16125865901586
15509,1,1,1,38.6527060100161,1,63.70668332651967
15510,0,0,0,37.30877113587486,0,60.20592620287871
15511,0,0,1,57.13576087234665,0,64.73413552876212
15512,1,0,0,49.50591126823974,1,56.82037999767687
15513,1,0,0,40.33829537899101,1,64.38615071822721
15514,1,1,1,38.96812930927978,1,58.37861624843671
15515,0,1,0,56.87385341712886,1,66.88602589047441
15516,0,1,0,63.14047268457605,0,66.01014895048479
15517,1,1,0,52.38573930655442,1,66.20681926790201
15518,1,0,1,39.59114474769619,1,63.5968737892179
15519,1,1,1,53.34672533471957,1,66.14630920327393
15520,0,1,0,48.46203093780895,0,62.77890426921621
15521,1,0,1,46.92732813264598,1,58.64197317957258
15522,1,0,1,40.97992964647212,0,61.38581911644967
15523,0,0,0,57.68003542791725,1,59.43978118169311
15524,1,1,1,40.54423073409469,1,60.75563132876611
15525,1,1,1,70.54766773038963,1,65.07098331602413
15526,1,0,0,39.2079656951508,1,60.60762263446473
15527,0,0,0,43.49824217159596,0,58.34477983090841
15528,1,0,0,46.43363282305903,1,60.43732439294266
15529,1,1,1,43.85867240927769,1,61.49501246917263
15530,0,0,0,37.64125526190698,1,62.41582278982823
15531,1,0,0,41.83266846328302,1,62.12242811896185
15532,1,1,1,51.47890557745775,1,66.10554932048309
15533,0,0,0,59.06061528018466,0,60.74404165145155
15534,1,0,1,58.90611334403621,1,64.66561834189545
15535,1,0,1,57.04894953707722,1,64.50533450811221
15536,0,0,0,48.0465778423717,0,62.1072873390456
15537,1,0,1,51.34970841218857,0,61.45201805980067
15538,0,0,0,44.06118336249165,0,63.11853462477706
15539,1,1,0,44.05316420407796,1,62.38330314801256
15540,0,1,0,45.55139604251301,1,60.74957958808166
15541,1,0,0,49.52183401187329,1,62.9832575929815
15542,1,1,0,44.715989145522,1,59.92101208409282
15543,1,0,0,53.01825120619991,1,63.23215493603578
15544,0,0,0,36.90130769784924,1,60.73307738907486
15545,0,0,0,51.57828790153777,0,64.88739378002244
15546,0,0,1,68.66149338050894,0,64.21366638181647
15547,0,0,1,64.3311049052983,0,63.79371505580986
15548,1,0,1,33.32125831166589,1,57.73079299407602
15549,0,1,1,42.03865969675452,0,59.87559535187942
15550,1,1,0,43.40833508130576,0,63.04586961819893
15551,0,1,0,54.84811047229343,0,64.84841588750298
15552,0,1,1,34.05916332240643,1,62.67201456641949
15553,0,0,0,40.25699530643541,0,63.00780070546014
15554,1,0,0,56.81696047757039,0,62.57392542498931
15555,1,0,1,41.41887134980603,0,56.93188275084962
15556,0,1,1,50.21482813191611,1,64.26054254096009
15557,1,0,1,49.08204669034955,1,64.18033640020313
15558,0,1,1,37.69590205990465,0,58.07789417084587
15559,0,1,0,69.56673930867531,0,65.52968839483052
15560,1,0,0,49.69755052736129,0,62.47658793368721
15561,1,1,0,62.48042152160718,1,65.74969872608904
15562,1,1,0,52.96250107250917,1,63.42261408198546
15563,0,0,1,60.59085134201469,0,62.55326000985455
15564,0,1,0,54.42091614154563,1,61.37192222733749
15565,1,0,1,64.35915972161116,1,62.38207745253916
15566,0,1,0,35.46738172081817,1,62.06961535962185
15567,0,0,1,42.11196556658717,0,58.51803295519883
15568,1,1,1,43.97852502593637,1,64.71793057791294
15569,1,0,1,48.82847477563318,1,63.03499757396227
15570,1,0,1,51.81447416997655,1,63.09847891952723
15571,0,0,1,40.86048578598002,1,56.96871362621548
15572,1,0,1,61.62691845537589,0,59.48612373345932
15573,1,0,1,51.9780177212041,1,63.50887176751174
15574,1,0,0,68.37752861315076,0,66.051568861108
15575,0,0,1,43.38540399772234,1,61.06507432807737
15576,0,0,1,48.92703695348894,0,59.12899966748717
15577,0,0,1,57.47325155040923,0,61.45156326826658
15578,0,1,0,49.69288778508145,0,62.73372073226628
15579,1,1,1,36.46976892678848,1,61.13499174856304
15580,1,0,0,42.17779321284706,0,61.08962188461689
15581,1,1,1,46.187617335016,0,60.05103654711656
15582,0,0,1,51.15245276349629,0,61.05499090248654
15583,0,0,1,58.59156150252777,0,61.93623133494422
15584,0,1,1,48.9700707151797,0,59.14217135977986
15585,1,1,1,50.81366101710706,1,59.24656790777215
15586,1,0,1,43.15755288889034,0,61.38252060575428
15587,0,1,0,47.65693672013458,0,62.69487255680278
15588,1,0,1,45.68107368925975,1,61.78811925153946
15589,0,1,1,38.00334912739299,0,57.00362129741204
15590,1,0,0,34.39351821149546,1,60.3331658586475
15591,0,1,0,44.19089107963265,0,61.97165928461226
15592,1,1,0,56.19278357428547,0,61.55270788277829
15593,0,1,0,54.98057292851377,1,66.42845304082917
15594,1,0,0,53.14829668076651,1,64.64426630148979
15595,0,1,0,77.71329153628633,1,68.10158299578848
15596,0,0,1,34.20511958990296,0,57.43004289321581
15597,1,1,1,33.06607599474678,1,58.51174790333568
15598,1,0,1,44.13943786038858,0,56.8282608656391
15599,0,1,1,58.91929428453858,0,60.77864811441994
15600,0,0,0,48.63099510396034,0,64.49637132953696
15601,0,0,1,63.00123042384421,0,61.93777287701407
15602,1,1,1,50.15126145146566,1,62.09148783408174
15603,1,1,0,69.94205002349327,0,66.80945142819566
15604,1,0,0,38.51673130842806,1,60.21266145454899
15605,0,1,0,63.57712198841264,1,66.89584041268924
15606,1,1,1,62.68858276928042,0,61.40485815993715
15607,0,0,1,44.14769142205222,0,59.93882622382426
15608,0,1,1,32.39945602776795,0,60.61882592481821
15609,0,0,1,49.73122135108166,0,61.4148245277383
15610,0,0,1,37.74999682422138,0,59.04504960863954
15611,1,0,0,50.93283665307862,0,62.97601129249024
15612,1,1,1,23.51735570329476,1,59.64215481169612
15613,1,0,0,50.483399573014,1,61.17879215490952
15614,0,1,0,64.10504337723643,1,64.75524703978827
15615,0,1,0,55.92849819138902,1,67.95877099925941
15616,0,1,0,53.57959616451068,0,61.33447651465658
15617,0,1,1,41.43998569822382,0,58.65204779008887
15618,1,1,0,40.45009969971946,0,62.06337485801134
15619,1,1,1,38.58883129972605,1,60.05376289764091
15620,0,1,1,50.81177769086786,0,62.11641340235339
15621,1,0,1,35.62651390157775,1,62.02588403849298
15622,1,1,0,57.43723474702201,0,65.91167887027835
15623,0,0,1,41.00298929166055,0,57.14052957025872
15624,1,0,1,47.16804625575242,0,61.74176373465686
15625,1,1,1,33.38687593106908,1,58.45785646791488
15626,1,0,0,45.57007712725677,1,62.88132192559216
15627,1,1,0,42.01766983514904,1,64.2805445014895
15628,1,1,0,17.53908997956827,1,58.6880735555778
15629,0,0,1,37.8679137569565,0,58.95924795620156
15630,1,1,1,51.57955848491788,1,62.55357010287728
15631,1,1,1,50.69495888622451,1,69.22307645334865
15632,1,0,1,61.2291528728751,1,62.15665837537886
15633,1,0,1,48.12621109483734,1,58.71616697993102
15634,0,1,0,69.40303711638343,0,66.31882843706248
15635,1,1,0,61.13825108275427,1,68.32603962648059
15636,1,1,0,41.58180176811394,1,63.30986687069721
15637,0,1,1,44.7334362012727,0,60.1954139997642
15638,1,0,0,66.91048437008767,0,65.07959785200904
15639,1,1,0,66.18612496456252,1,64.64781225259034
15640,0,1,0,50.28389057346646,1,63.17023780375121
15641,0,1,1,38.18222354824194,0,57.20131759077078
15642,0,0,1,44.54406166488009,1,60.89166477821446
15643,1,0,1,49.9937232607554,0,60.85020234174878
15644,0,1,0,50.13411333402154,0,61.98166505706242
15645,1,1,0,37.69567053927521,1,63.01926085821351
15646,0,0,1,46.51619585174351,0,58.75698633691787
15647,0,0,1,28.29822489111827,0,58.09995447260737
15648,0,0,0,62.0815878730023,1,63.06296403853585
15649,0,0,1,28.97307901491605,0,55.83661226133159
15650,0,1,0,73.24978551665262,0,63.41254379075588
15651,1,1,1,35.45914342407418,1,62.26727778611871
15652,0,0,0,44.29870542762585,1,62.1404474223357
15653,0,1,1,54.58175261550311,0,62.15428113903044
15654,1,0,0,41.28734273877076,1,63.6094121710071
15655,1,1,1,51.15088491723906,0,62.56059942014971
15656,0,1,0,71.26296593394129,0,65.01817249072334
15657,0,0,1,60.55339329958588,0,64.01070244004855
15658,0,1,1,75.36511904064187,0,62.69072670773839
15659,0,0,0,44.93830187817597,1,62.26709358797481
15660,1,0,1,54.47070884437779,0,64.48555849614513
15661,0,1,1,55.02205586960791,0,62.63668407688368
15662,0,0,1,43.57987282540113,0,59.91892664173993
15663,0,1,0,46.62910258245311,0,60.87812801722964
15664,1,1,0,58.31989899541465,0,64.41983899665132
15665,0,0,1,59.94934757882109,1,61.60657093354005
15666,1,1,0,51.47081422540614,1,67.52566273426822
15667,0,0,0,36.47893107977296,0,60.41480972987648
15668,1,1,0,48.68532679427156,1,65.72036354115767
15669,0,0,0,46.18554581037338,0,60.38531047951509
15670,0,0,1,52.95030639288489,0,62.61193087324266
15671,1,0,0,59.0514497418844,1,66.19363145126979
15672,0,0,1,52.25028804164302,1,60.45091333694844
15673,0,1,1,51.15591899208216,0,61.67102427576474
15674,0,0,1,45.96229180344123,1,59.7689200855927
15675,1,1,0,41.46110966835523,1,64.01558425620978
15676,1,1,0,35.82441940053261,0,62.9694367018051
15677,1,1,0,50.92798771950241,0,63.58480531520905
15678,1,0,1,57.68827313814318,1,61.08159815978203
15679,0,0,1,52.77823174871678,0,58.66380253498518
15680,0,1,0,65.20202575202859,0,65.40508589497659
15681,1,1,0,41.54041889993617,1,65.0447063431432
15682,1,1,0,51.86897983146252,1,64.28178280988649
15683,1,1,1,46.8674411816142,0,64.22379508612366
15684,1,0,1,49.62761911461206,1,63.57350607675446
15685,0,1,0,61.85469345220702,0,63.86744408284997
15686,1,1,1,35.2923199016635,1,58.3064227388513
15687,0,0,1,59.90708710891391,0,62.13430125953737
15688,0,1,1,24.77489014404055,1,57.2982487064819
15689,1,1,0,44.55922565533569,1,60.7275414992934
15690,1,1,0,55.13974906538722,0,61.48334032952213
15691,0,1,0,64.47967997528121,0,64.45683449197443
15692,1,1,0,39.18690261053614,1,62.24880006736166
15693,0,0,1,35.12501604063044,0,56.43019551142791
15694,0,1,1,55.63968314304201,0,65.50511710988364
15695,1,1,1,37.62101791347475,1,62.35536941260404
15696,1,1,1,45.3178079336671,1,63.08727438435783
15697,1,1,1,43.08452967135092,1,59.41754239843179
15698,1,1,0,71.9214507831454,0,62.27401059446259
15699,0,0,1,30.56835610382318,0,57.83451571414265
15700,0,0,1,53.7825081483951,0,58.90507184720542
15701,0,0,0,49.43008175994431,1,62.75625048776754
15702,0,1,0,45.34557289386348,0,61.1897664958127
15703,1,0,1,44.70596630436114,0,56.96187028443228
15704,1,0,0,56.45634662964725,1,65.36287365754239
15705,0,0,0,42.88784036585957,1,60.69524901296231
15706,0,1,1,67.38832151059276,0,64.08110151974566
15707,0,1,0,63.26619441215329,1,60.48803363928008
15708,0,0,1,58.08714272440788,0,63.59114017933955
15709,0,0,0,43.46148100154901,1,59.12529811901134
15710,0,0,0,46.24362728954851,0,60.74821443023109
15711,0,1,1,57.86042608967041,1,61.71308027051435
15712,1,0,1,49.49743461282725,1,62.52114785788575
15713,0,0,0,51.52614560429871,1,63.97217577766818
15714,0,0,0,71.01200748945121,0,68.37101731294442
15715,1,0,0,25.31561931243711,1,56.6888706131367
15716,1,0,0,63.56995780964841,0,65.41501009449847
15717,1,0,0,60.32863176505754,1,63.63342515262719
15718,1,0,1,50.74874239293624,1,63.38985117790166
15719,1,0,1,69.36235787269214,1,66.95296246489308
15720,1,0,1,45.30198086806457,0,60.30857350997285
15721,1,1,0,55.35355874259344,1,64.25072085242236
15722,0,0,1,24.01649930324803,0,54.1847143917397
15723,0,0,1,31.93951369807702,0,57.78728834118001
15724,0,1,0,57.0317453849393,0,64.26616910131618
15725,0,1,0,57.44922406559708,0,65.80056858441176
15726,1,0,0,54.560931376443,1,68.28679060725243
15727,0,1,0,62.08458453443292,1,63.05708239859081
15728,1,0,0,47.85905891128053,1,63.39254262591459
15729,0,0,0,56.80917237785844,0,68.15116359737121
15730,1,1,1,64.10796295304134,1,63.79792728547336
15731,1,1,0,54.94238748922363,1,64.02138473121774
15732,0,1,1,48.61654520556829,0,59.22981422422021
15733,0,0,1,51.60271209297606,0,57.20193333485315
15734,0,0,0,71.18626503024852,0,63.76512001635585
15735,0,1,1,54.59566067283208,1,64.46540447390264
15736,0,0,1,35.65157327151329,0,55.34804005201648
15737,1,1,1,40.03289244010045,1,63.70594488106349
15738,0,1,1,70.79577115669892,0,66.96718787221886
15739,0,1,1,13.26278075473377,0,57.27244536714873
15740,0,1,0,47.77139703070381,1,60.20031394588606
15741,1,1,1,51.30932759631957,1,64.53821589259377
15742,1,1,1,41.7195355599003,0,60.19494675610213
15743,1,1,0,60.19960091594369,1,66.44041434889232
15744,0,0,0,45.89941867930571,0,61.03696404945393
15745,1,1,0,42.91621610201269,1,64.82038866695487
15746,0,0,1,54.96435447552849,0,61.95168011822617
15747,1,0,1,51.13502131258176,0,60.49628438092482
15748,0,1,1,28.63479592241917,0,57.74656244506304
15749,0,0,1,53.03689061024573,1,65.44955987346808
15750,1,1,0,64.09161347689664,0,64.98316611576813
15751,0,1,0,44.48084443211561,0,62.71069918305608
15752,1,1,0,48.51846403352245,1,62.24610676620797
15753,1,1,0,50.13167369906849,1,63.20364435615912
15754,0,0,0,59.40554593309362,0,63.27944518261859
15755,0,0,1,42.967220771451,0,61.27841101737461
15756,0,1,1,54.66469785852089,0,60.95370300752367
15757,1,0,0,53.71521535241399,0,62.70078466252406
15758,1,0,1,44.00371513605099,1,61.2371405277414
15759,1,0,1,57.8630363755989,0,61.19100094205803
15760,1,1,0,56.9992342096122,0,62.75194950333359
15761,1,0,0,41.36378647643214,0,61.60257967357634
15762,0,1,0,34.5158072572978,0,61.13572776297461
15763,0,1,0,50.92716378863278,1,63.86287627740002
15764,1,1,0,53.91610072309589,1,64.73240446727965
15765,0,1,0,67.22748459963958,0,65.83328801342469
15766,0,0,1,33.05434462146217,0,59.49770481789602
15767,1,0,0,51.32585883003191,1,66.31673463485859
15768,0,0,1,45.09565086772298,0,58.664508331624
15769,1,1,0,30.55547208845173,1,60.3699996180298
15770,0,1,0,57.65672304477642,1,66.02751283593582
15771,1,1,0,65.9370277135334,1,66.80410560785229
15772,0,1,1,32.20081347385655,0,56.40721503963715
15773,1,0,1,37.74277108764625,1,61.40357671460136
15774,1,0,0,37.50618369576327,1,59.93312411481803
15775,1,0,1,39.98120697309395,1,59.56969159878366
15776,1,1,0,50.49200817053637,1,65.08047054892066
15777,1,0,1,48.17990683581409,1,61.57357597254632
15778,1,1,1,58.87896808227953,0,65.71429042625732
15779,0,0,1,60.87035648196039,0,62.93242619620095
15780,1,0,0,37.37276807790057,0,57.878674957896
15781,1,0,1,34.30532135550093,1,62.71969752582377
15782,0,1,1,43.74326915054565,1,63.72625988270327
15783,0,0,1,47.49444658545931,0,60.68700977567781
15784,0,0,0,49.12051043335411,1,61.44651048944097
15785,1,1,0,47.64702979712568,1,61.945507804088
15786,0,1,1,61.69133630864023,0,64.71245968745151
15787,1,1,0,39.07661728457609,0,61.3572904953596
15788,1,1,0,62.14992390246707,0,64.11566756060023
15789,0,1,1,44.94124265370483,0,58.55448808840797
15790,0,0,0,27.4953828016915,1,59.02239249984456
15791,0,0,1,40.8538153665268,0,58.8291511724242
15792,1,0,0,50.07473204166831,0,60.10455408152603
15793,0,0,1,55.66009867123871,0,61.5404550537427
15794,0,0,1,34.90707930409702,0,57.75962508925622
15795,1,1,1,50.97903790574702,1,65.21508492170568
15796,0,1,1,35.97839064786508,0,63.89361435139356
15797,1,0,1,49.95283837275564,1,61.49410263906383
15798,0,0,1,50.38402825022263,0,60.98626852622283
15799,1,0,0,60.55139072349849,1,65.98711511220696
15800,0,0,0,44.96183284482728,0,59.44139158702281
15801,0,1,0,33.07933172708137,0,59.90875883407595
15802,0,1,1,55.72280520624952,1,63.36401976011049
15803,0,0,0,45.14071794399089,0,61.97914146703676
15804,1,1,1,38.48692074742073,0,62.41231608732948
15805,0,1,1,56.84946428781051,0,62.61931305662266
15806,0,1,1,39.68888318937009,0,56.82539307496622
15807,0,1,1,42.55990001876825,0,61.31536422114489
15808,1,0,0,51.27699686653435,0,64.56329243573214
15809,1,0,0,47.33993225006252,1,59.63467246639181
15810,0,1,1,59.39083070298592,0,60.77777504466798
15811,1,0,0,63.11163121561523,1,65.25663683473178
15812,1,0,1,34.20904633933996,0,58.46027956119529
15813,0,0,1,48.30757853172022,0,62.03931877685887
15814,1,1,0,37.67201467647747,1,60.73793107101228
15815,1,1,0,47.61754113393827,1,62.81799598084531
15816,0,1,0,55.07251624813495,0,62.62922120599575
15817,0,0,0,47.44398361895557,1,63.30595218190976
15818,1,0,0,56.40780861020066,0,66.60555926403593
15819,1,1,0,45.79663938014059,0,59.34933789314299
15820,0,1,0,51.38752223313336,0,64.06776316155175
15821,1,1,0,54.01808635610242,1,61.62249700430034
15822,1,1,1,52.89142671535705,1,63.05468738901887
15823,1,1,1,37.8159067744886,1,61.00250557943509
15824,0,1,0,38.50087718395444,0,60.73877112269152
15825,1,0,0,50.82046244236994,1,61.32626682678963
15826,0,0,0,51.19550737442346,0,63.72134032464764
15827,1,0,1,54.1166019294465,0,64.41042727665845
15828,0,1,0,39.22525577831724,0,60.9112943648182
15829,0,1,1,48.84837552503034,0,60.12359076820503
15830,1,1,0,61.09919795577151,1,68.49205994465447
15831,0,0,1,36.67009785482757,0,60.05152692297847
15832,0,0,0,46.72928948384097,0,61.25711763727865
15833,0,0,1,48.75817931982328,0,59.42648531953494
15834,0,1,0,49.60487708831669,1,63.25201401188894
15835,1,0,1,38.42393727993019,0,57.64910806681675
15836,0,0,0,43.88936496429977,0,57.49713111337388
15837,0,1,1,31.34861607149494,0,58.97074142150142
15838,1,1,1,48.16669267168295,1,62.38619181844092
15839,1,0,1,48.15125899453184,1,59.00368749339952
15840,1,1,0,49.19274321905213,0,63.21131101275679
15841,0,1,1,50.02073381826648,0,61.32709289995366
15842,1,0,1,56.6149409589483,1,65.41184860450271
15843,1,0,1,55.39507985320164,1,62.22562853380043
15844,0,0,1,51.98186123025479,0,56.69146358017711
15845,0,0,1,55.02967759529275,0,64.45878229172017
15846,1,0,1,40.69550125794003,0,58.36855597150922
15847,0,0,1,53.08818848474379,0,60.6260989811193
15848,0,0,1,36.8162185302132,0,58.43505490416993
15849,0,1,0,35.51162958828756,1,61.80791506911725
15850,0,0,0,44.90081138349391,0,64.42878623400379
15851,0,0,1,43.37938449311051,0,58.71276681665233
15852,1,1,0,47.39507050710345,1,62.62873735035607
15853,1,1,0,56.53570122117037,1,66.84242018926611
15854,1,1,1,55.80533587355303,1,67.06320918013225
15855,1,1,1,53.95628531493534,0,62.78975158744901
15856,1,0,0,72.60434802412281,1,63.80077164823695
15857,1,1,1,40.60236178126297,0,61.54944352392654
15858,1,1,0,51.4888670433502,0,62.81792560325342
15859,0,0,1,49.55955115249822,0,59.49520811687698
15860,1,0,1,63.57403406303389,0,63.14588629053443
15861,0,0,0,53.44737638026383,0,62.50050065571899
15862,1,0,0,30.0495977226737,0,60.23155024021124
15863,0,0,1,39.62984923435463,0,62.44653150208327
15864,1,1,1,41.05509593077556,0,56.90921349767713
15865,1,0,1,43.62151631351322,1,64.02850572463589
15866,0,0,1,50.88102906329446,0,60.15380403621429
15867,1,1,0,52.01183628750417,0,64.50149328608886
15868,0,0,0,59.27337808022271,0,64.13954494227251
15869,1,1,1,44.81259255989171,1,63.4590674180298
15870,0,0,0,53.4509945530185,1,65.88741600585605
15871,0,0,0,58.0300005693482,0,62.08908739690336
15872,0,1,1,56.18168339016943,0,63.87772536778555
15873,1,1,1,50.56621528921255,1,60.38830057799687
15874,0,0,0,35.41994117629014,0,59.87163438098909
15875,0,0,0,72.17390071171474,0,65.04164167233215
15876,1,1,0,32.16802503054588,1,64.77250531806982
15877,1,0,0,47.37215431594173,1,61.09639456211746
15878,1,1,0,65.54192267716414,1,67.89570660167902
15879,1,0,1,45.03189334416579,1,64.28850915409087
15880,0,0,0,58.77950971971948,0,64.78702664023533
15881,0,1,1,53.84674781048006,0,62.97196048371314
15882,0,0,1,41.04874853396988,0,58.27859875641816
15883,1,0,1,45.9745817191093,0,56.42266855720232
15884,1,1,0,50.05316178707398,1,61.16009051804155
15885,1,1,1,55.58826204223929,1,62.91069905507642
15886,1,1,0,60.14942135140426,0,63.36583535438609
15887,0,0,0,47.34453181000661,0,60.89808929372554
15888,1,1,1,42.79025818686137,1,60.78884741636912
15889,1,1,0,46.45368011775551,1,63.79293320255075
15890,0,0,0,51.76233031734244,0,63.14457413913596
15891,0,1,1,46.97900139650917,0,62.36889229057122
15892,0,0,0,48.07737391200132,0,62.44205709063807
15893,1,1,1,41.48794042117593,1,63.02090208197494
15894,0,0,1,38.80524149021024,1,56.09764417207511
15895,1,1,1,40.87308332166888,1,59.23819474989661
15896,1,0,0,53.74460942199975,1,66.00889742016203
15897,0,1,0,67.32696628465703,0,65.33615199644581
15898,0,1,1,38.80350368266743,0,57.75483651818355
15899,1,1,0,53.36530743755576,1,64.75012005466016
15900,0,0,1,53.50984260261472,0,62.06371594403198
15901,0,0,1,44.74899757395091,0,59.92082343486092
15902,1,0,1,55.96215273768443,1,61.73696325851314
15903,0,0,0,43.43273335957374,0,58.12314526523918
15904,1,0,0,69.68920022200444,1,67.30002180313073
15905,1,0,0,45.97129897865103,1,63.44252668993129
15906,1,1,0,61.12604880062449,0,64.57234955973493
15907,0,1,1,32.73602660798198,0,58.44397834522606
15908,0,1,1,39.67211156572994,0,60.51935916553253
15909,0,0,0,56.90881284593742,1,60.81989688478338
15910,0,0,1,36.11998297747481,0,56.90761906935028
15911,1,0,0,46.90020782790977,0,62.34271464106552
15912,0,1,1,45.38239655989808,0,62.57571693823566
15913,1,0,0,62.43568548029579,1,66.28452906031222
15914,0,0,1,48.66697489228744,0,60.824960839281
15915,1,0,1,49.90534642840744,1,62.78413961703134
15916,1,1,1,36.76278093481959,1,60.03758753729016
15917,1,0,1,47.58649016569419,1,62.49804468943194
15918,1,0,0,38.76080410872763,1,62.09142860359941
15919,0,1,0,71.29729263463663,0,65.70423451252971
15920,0,1,1,58.7863851135046,1,66.53612020062369
15921,1,1,1,59.45648068325197,1,65.76304354240628
15922,0,0,0,50.00860343192246,0,58.05173187938573
15923,1,0,0,40.63498998949749,1,62.4885702590551
15924,0,1,1,46.99029858868785,0,61.13496229782763
15925,0,1,0,47.75485585287628,0,62.95161988313107
15926,1,1,1,47.22281719457335,0,61.65062713444163
15927,0,1,1,47.9067834990897,0,61.92371513802834
15928,1,0,0,39.82884528235861,1,61.87218397321015
15929,0,1,0,46.45592532076484,0,63.46962559349563
15930,0,0,1,45.64776301391146,0,58.01867395051484
15931,0,1,1,50.59725368382209,1,62.73476358193731
15932,1,1,1,61.49468093132192,1,62.21807258423718
15933,1,1,1,51.3672361690713,1,65.47717760966464
15934,1,1,1,36.60521463574047,1,61.39419210066451
15935,0,1,1,55.48662159527307,0,64.66430922154424
15936,0,0,0,58.84557111762682,0,61.59294991142734
15937,0,1,1,61.63954531390404,0,61.46395110281038
15938,1,0,0,57.96508392415996,1,64.60393037535226
15939,0,1,1,42.06609700977712,0,61.9687428671532
15940,0,0,0,45.45673196343542,0,60.09277994293147
15941,0,0,1,45.74632420064572,0,59.66668752014183
15942,0,1,0,35.07512100515217,0,58.41810625489254
15943,1,0,1,44.28315445468989,1,63.9369898177715
15944,0,0,1,33.76039319777728,0,59.55889403432189
15945,0,0,1,56.01914931504366,0,61.83089491425143
15946,1,1,1,45.06665525829273,1,60.61499868020289
15947,1,1,1,38.36433922098857,0,61.48544578950584
15948,1,1,0,50.13382064398589,1,65.09618512736505
15949,1,1,0,40.95941310015397,0,60.94254115404205
15950,1,1,0,40.58330693288499,1,65.76947940541733
15951,0,0,1,52.64825299522914,0,60.11028633155582
15952,0,0,1,33.5773482163027,0,57.77493842347805
15953,1,0,1,45.54537973898712,0,58.27901156160081
15954,1,1,1,38.34232084014953,1,64.05237707538392
15955,1,1,1,39.68578375937901,1,61.49775731831431
15956,1,0,0,49.64571228084616,0,61.20760365623821
15957,1,0,1,55.38328150004082,0,62.00851184353731
15958,0,0,1,28.42601529139626,0,57.33794254509828
15959,0,0,1,25.47954641635746,0,58.7223502185657
15960,0,1,1,43.76212144233865,1,60.45820244515448
15961,1,1,1,38.09357510398559,1,59.71241977355277
15962,1,1,0,64.72811190445358,0,67.94126813021023
15963,0,1,0,61.6619309994249,0,67.32220981834115
15964,0,1,1,55.22009093324109,0,61.44722607458215
15965,1,1,0,43.96177031138872,1,66.57442916971665
15966,1,1,0,59.08451716798505,0,64.16932009618533
15967,1,1,1,35.26026273405646,1,61.08482590220385
15968,0,0,0,42.18998469676818,1,62.65174316250913
15969,1,0,0,58.01657713334383,1,64.66251277558102
15970,1,1,0,51.36047010458412,0,62.09094385281559
15971,0,1,1,48.71576430034705,0,63.13795412168368
15972,0,0,1,57.6704236411466,0,63.85494984131142
15973,1,0,0,55.00188220840806,1,64.43961928725895
15974,0,1,0,53.94823554503463,1,63.20347198794705
15975,0,0,0,69.40847337345329,0,65.51219446694313
15976,0,0,0,59.8070739585207,0,60.54708215662465
15977,1,0,0,39.33470871998739,1,60.17914769187333
15978,1,0,0,51.29390091797857,1,63.85497566307439
15979,1,0,1,40.05645446875316,1,60.27092271466894
15980,1,0,0,49.08228656372007,1,67.57556096631915
15981,1,0,0,42.57481811407423,0,60.57825991765537
15982,0,1,1,57.16839970459434,0,62.41413116446773
15983,1,1,1,49.59889170961321,1,61.72563942470838
15984,0,1,0,55.39493775260095,0,64.12654862641611
15985,0,1,1,53.7698863095269,0,59.00975956530257
15986,1,0,1,48.49607268091084,1,58.4693310674661
15987,1,1,0,47.76367684311804,0,62.05717009163063
15988,1,0,1,48.4946347474847,1,60.58908840582346
15989,0,1,0,59.53457818737148,0,65.34408086858622
15990,1,1,1,67.18538457374984,1,62.77578877275442
15991,0,1,1,58.31404076855591,0,64.50496261449754
15992,0,0,1,36.63962945299672,1,59.2968725629241
15993,1,0,0,38.29776440638316,1,63.46332382383331
15994,0,1,0,50.54375730179603,0,67.35575620108075
15995,0,1,0,47.35695767908052,0,64.05265858345332
15996,1,0,0,45.85865808413696,1,61.09948765556417
15997,1,0,0,42.31352221092853,0,58.29870155016614
15998,0,1,0,59.96373279245845,0,59.67712102091063
15999,0,1,0,35.97907767554923,1,65.70930166284694
16000,0,0,0,61.19265359745414,1,60.49256655447503
16001,0,0,1,48.56287805064663,0,60.19714326373735
16002,1,0,1,58.14172626026967,0,59.1695226468491
16003,1,1,0,56.17936933439579,1,64.05809536351893
16004,0,1,1,49.52351091493336,0,60.96679509189915
16005,1,1,0,42.7761423398231,0,61.33329620657402
16006,1,1,0,53.84801006821181,0,64.24734289757896
16007,1,1,0,70.43914743580818,1,66.71469882386367
16008,0,0,0,68.76927700757355,0,66.86301322593438
16009,0,0,0,49.14472116025503,1,62.02603147864443
16010,0,1,0,63.28403975645214,0,64.65167571815878
16011,0,1,1,38.78893201228303,0,61.7576719787625
16012,0,1,0,47.31421408055652,0,63.86263778681251
16013,1,1,0,41.54968524933804,1,60.50814353489294
16014,1,1,1,39.90049628749284,1,62.58438957895564
16015,1,0,0,47.4584525816236,1,60.81239791218065
16016,0,0,0,60.16655993214804,0,64.66676143222266
16017,0,1,1,54.40143477668502,0,62.66452240919234
16018,1,1,1,60.45691999526575,1,63.78271307519126
16019,0,1,1,44.50028938712196,0,60.7362283189368
16020,0,1,1,42.08222632788521,1,59.50454669316429
16021,1,1,1,38.56573854618537,0,59.93843078932938
16022,0,0,1,44.00041579121062,0,62.87161727776256
16023,1,1,0,43.59595612425921,0,61.44718329771188
16024,0,1,0,54.58641341447024,0,65.52045530511424
16025,1,1,1,27.88479601616639,0,57.66468838792465
16026,0,0,1,51.12747334985336,0,60.91081174567326
16027,0,1,0,45.76430572271376,0,59.30321909795053
16028,1,1,1,43.4283903604134,0,59.00307746536586
16029,0,0,1,62.11581595184884,0,63.34504618937842
16030,1,0,0,78.14979786355772,1,71.08545473695374
16031,1,1,0,42.69639816774443,1,59.9501369087408
16032,1,0,1,57.97317833497658,1,64.51257671919794
16033,0,0,0,50.05002417644839,1,62.15644759435447
16034,1,1,0,62.25658002063008,0,66.2629346081028
16035,1,0,1,53.06376103185482,1,64.0929518241514
16036,0,1,1,52.19016948726428,1,62.39837610303391
16037,0,1,1,29.53634519765356,0,55.06392794352942
16038,0,1,1,62.54199925632321,0,64.64829936788995
16039,1,1,1,50.50501708601806,0,59.13622014135321
16040,1,0,0,46.46098621717324,1,63.87050356258858
16041,1,1,0,69.53997974036376,1,64.80768247647035
16042,0,1,1,46.02708251756466,0,60.16234660321243
16043,1,0,0,49.1010151394857,1,59.23610745155626
16044,1,1,0,52.35935028148842,0,63.89486451315715
16045,1,0,0,53.64160014593844,1,63.0628887923339
16046,1,1,0,56.59033322327168,1,59.36878098842877
16047,1,0,0,61.14181179175245,1,62.39186691529716
16048,0,0,1,29.75887382783172,1,57.98947881793357
16049,1,0,1,55.34657880224393,1,66.97991836904981
16050,0,0,0,62.55720044364656,1,64.63142185674351
16051,1,1,1,65.18045524116843,1,63.05517661622113
16052,1,1,0,40.33226829792291,0,64.66828197733641
16053,1,0,1,44.9626854626656,1,61.29011810568518
16054,0,0,1,48.04416273500442,0,62.66797434021719
16055,0,0,0,51.76236679089608,0,63.30884515439646
16056,0,1,0,54.05209556074458,1,64.92956730024831
16057,0,1,0,46.77654065024906,0,62.60101693421584
16058,0,0,0,55.05588495323802,0,61.24873242941634
16059,0,1,1,51.18064928922479,0,62.51841612135555
16060,0,0,0,54.0262951954453,0,63.39633656310209
16061,1,1,1,52.02699626266772,1,63.63264005133396
16062,1,1,0,51.15748064416587,1,64.62997632350653
16063,0,0,0,46.4569701093108,0,59.8991299251783
16064,1,1,0,46.715858957084,0,61.74076330088069
16065,0,0,1,39.27677751252867,0,58.12300727138863
16066,1,0,1,38.62200185104398,1,61.39128016766971
16067,1,1,0,53.89047558298065,1,65.82482691917014
16068,0,0,1,43.5736084272372,0,59.16178166265492
16069,0,1,0,61.16069218514509,0,64.49311168707921
16070,0,1,1,55.23963282018556,0,60.92213949467941
16071,1,1,0,58.2860856288129,0,63.22827699160256
16072,1,1,1,36.96747980692697,1,61.05772613178888
16073,1,1,0,56.73991176375967,0,63.37773607660129
16074,0,1,1,51.52401171067375,0,61.62552464981745
16075,0,1,1,55.61454675016596,1,65.35466559879806
16076,0,0,1,42.641554181593,0,60.50251435861362
16077,0,0,0,55.5258180415421,0,64.00977511111158
16078,0,0,1,42.02054412257007,0,61.77156760895268
16079,0,0,1,73.20966886450606,0,67.95599104409871
16080,1,0,1,38.84894754082455,0,62.70604281649791
16081,1,0,0,59.65623182981015,0,64.75465144686844
16082,0,1,0,49.04744113285471,0,64.54290055647644
16083,0,1,1,45.01316762941882,0,61.88155025133138
16084,1,1,0,62.90766075716368,1,63.95845045333988
16085,1,1,1,51.01832242949964,0,60.35858889324402
16086,1,0,0,51.15896552368444,0,62.06382162597546
16087,1,1,0,34.45219380859675,1,63.19361114624656
16088,1,0,1,39.67031522674361,1,57.42586095330605
16089,0,1,1,50.01755310384539,1,63.86641203038183
16090,1,1,0,53.98644501357181,1,64.91183989081495
16091,1,1,0,59.88125614747499,1,69.64422112846236
16092,1,1,1,41.30695909139089,1,63.22730121389046
16093,1,1,1,51.32545325041831,1,62.5900355357263
16094,0,1,1,35.86945108640386,0,59.40470575308836
16095,1,1,1,51.5451904962493,1,62.14739760715342
16096,0,0,1,47.32447483549227,0,60.38783383355093
16097,0,0,0,66.181114228838,1,66.73639997063214
16098,1,1,1,49.6123328467599,1,59.80682552709984
16099,1,1,1,40.74337195304894,1,61.94868696605046
16100,1,0,0,39.10555646545556,1,60.43920758312863
16101,0,0,0,36.33436608270547,0,63.32453474457596
16102,1,1,0,53.75119474590313,1,66.08321106991723
16103,1,1,0,61.20696202892723,1,65.25692998609816
16104,0,0,0,57.78027168897265,1,61.24223610799433
16105,1,0,1,52.52243299607476,1,65.6328864411047
16106,1,0,0,54.25787108322623,0,61.35107569009974
16107,1,1,0,50.18927837332318,1,62.44905603294238
16108,0,1,0,64.92668585311112,1,64.58846573939354
16109,1,0,0,49.28485899401555,0,59.56743226741472
16110,0,0,0,50.63717432172619,0,64.23666557213922
16111,0,1,1,35.18496799109812,1,60.63768052276372
16112,1,0,1,48.74815185637068,0,62.88976925672088
16113,1,1,1,39.94922278145699,1,59.12218747051812
16114,1,0,0,54.22433355093435,1,64.74288742423927
16115,0,1,0,39.78398879186401,1,57.6074177772327
16116,0,1,1,46.95926553660945,0,59.40642780998228
16117,0,1,1,40.84865990520278,0,61.68031873211708
16118,1,1,0,44.22928296407241,1,63.11140127609308
16119,0,0,1,58.25235553113475,0,62.95225723085912
16120,0,1,1,37.79304073406463,0,59.32177970294934
16121,0,0,1,44.89460703863479,0,57.362213523227
16122,1,0,1,32.67518304340991,1,57.96915480176625
16123,0,1,1,32.02475731703243,0,57.40232820386169
16124,1,1,0,42.99255207278719,1,62.86645398074983
16125,0,0,0,60.72701684411453,0,62.91525081741638
16126,0,0,0,57.4894600983521,0,65.3762827674955
16127,0,0,1,58.72600667909413,0,61.81888519655213
16128,1,0,0,41.63425025937681,1,62.77921490854736
16129,0,0,1,54.04348756036964,0,60.39066477863991
16130,0,1,0,55.53199975851731,0,63.19039537003637
16131,0,0,1,47.99629396550979,0,64.38562013382689
16132,1,0,1,47.53136266047576,1,61.07721722828347
16133,1,0,0,59.38233278555693,1,67.15341058809291
16134,0,0,0,32.59190645825828,0,56.85416972446458
16135,0,0,1,33.68241343725763,0,55.95563611325688
16136,0,0,0,49.28480620150052,0,59.70974072125623
16137,1,1,1,52.45733762031691,1,64.28639740638621
16138,0,0,1,58.74263077009017,0,63.24913105963067
16139,1,0,0,71.50691508415522,0,62.83332620737671
16140,1,1,0,64.83274218850673,1,64.30282374048191
16141,0,1,1,51.42585147325325,0,61.43953577697285
16142,0,0,0,59.24204459098354,1,63.46780453240826
16143,0,1,1,56.93802052743391,0,61.47847708214834
16144,1,0,1,50.81917376626324,0,60.68895172713022
16145,0,1,1,38.32204700690313,0,56.17868020206272
16146,1,0,1,58.46525693674682,1,64.67048226240901
16147,0,1,0,54.78246124779018,0,62.5740363220509
16148,0,1,1,44.92372996915402,0,61.97846324482333
16149,1,0,1,56.35438443218536,1,62.62458875619296
16150,0,0,0,58.6599098261248,0,62.68444249027003
16151,0,0,1,52.55590680649432,0,61.58670223378115
16152,1,1,1,51.51968689033449,1,64.22190247392905
16153,0,1,1,45.59495259070353,0,59.15869622907882
16154,0,1,0,54.29158721239184,0,63.77006847347908
16155,0,1,0,75.27401013177327,1,66.0079325342013
16156,0,1,0,39.29761676765519,0,59.63534914643508
16157,1,1,1,43.8054191742783,0,61.02199848111959
16158,0,1,0,48.19348821345493,0,64.79196390315376
16159,1,1,0,42.86501121148591,1,60.88800768711319
16160,0,0,1,67.15015418935847,1,63.45657547939354
16161,0,0,0,41.81998250256423,0,56.69099270764688
16162,1,1,0,48.93237613888068,1,61.44483886940083
16163,0,1,1,37.10794723287248,0,58.05720579602451
16164,0,1,0,57.96355030958567,0,65.33993989626211
16165,0,0,1,44.12873797683739,0,58.3921887375795
16166,0,1,0,31.89921327441866,0,62.13305455770855
16167,0,1,0,58.47914645298053,1,63.1033860803132
16168,1,1,1,50.97566978247694,1,60.32560348832847
16169,0,1,0,45.86971925646392,0,60.41214828398164
16170,1,0,1,48.18257263041622,1,64.93404701537629
16171,0,1,1,44.50759937928442,0,62.16440019963665
16172,0,0,0,47.28438665055311,0,58.80297403620147
16173,1,1,1,55.28855017662749,0,64.11655769137681
16174,0,0,1,42.86000568274655,1,62.54527029923972
16175,0,0,1,40.6736249080345,0,60.51966808486505
16176,0,1,1,52.2318237614867,0,62.72625401063953
16177,1,1,0,47.52003210036442,1,63.64507895078204
16178,0,1,1,47.34093379806388,0,60.06161928993949
16179,0,1,0,56.24070064167672,0,65.89655199369656
16180,0,1,1,52.36320095267608,0,62.51307833106438
16181,1,0,0,64.36781792487015,1,67.48698641039857
16182,1,1,0,39.90157090545531,0,59.48185565056298
16183,1,1,1,45.03033796886139,1,57.57991786615945
16184,1,0,1,44.6595542035946,1,60.28363564164071
16185,0,1,1,51.9815078962576,0,61.7216751856515
16186,1,1,1,44.26056082233256,1,61.2298499683292
16187,1,1,0,54.14373547480486,0,59.72113922765222
16188,1,0,0,48.78989166821385,1,65.11484299121913
16189,1,0,1,53.06057642924207,1,63.00278644417368
16190,0,0,1,50.09508483328463,0,60.72245135712014
16191,1,0,0,53.40321850314344,1,63.00085185007578
16192,0,1,0,57.70643572652972,0,63.57974203066656
16193,1,1,1,54.43494391076222,1,65.73945098428672
16194,1,0,0,46.77854093652964,0,64.56914593970399
16195,0,0,0,55.51342600564517,1,63.20796800327127
16196,1,0,0,46.91202767656156,1,65.54599376028038
16197,1,0,1,38.39535004819803,0,63.22541684936468
16198,1,0,1,43.32542849150493,0,60.00423610051058
16199,1,1,0,53.27488516321835,1,67.83697245437239
16200,1,0,1,27.66055550826882,1,58.67210116026721
16201,0,1,0,53.53772515184369,1,66.63671271697146
16202,0,0,1,48.96373712375182,0,61.7490488774602
16203,0,1,0,51.25998579445501,0,65.97314853968254
16204,1,0,0,38.97073505493465,1,63.22518659679375
16205,0,0,1,44.66415782679515,0,58.9098419435967
16206,1,0,0,49.01986518625909,1,61.26830821018777
16207,0,0,0,53.89870806111796,0,65.54575520184339
16208,1,0,1,34.96462204792757,0,61.76400414367558
16209,0,0,0,45.44741666370183,1,63.33600975771132
16210,1,0,1,60.14468290459708,1,65.23020540262324
16211,1,0,0,62.02597674897837,1,64.36891606256161
16212,0,0,0,51.86479352392293,0,63.05860665061147
16213,1,1,0,60.2965127506023,0,64.40613949494259
16214,1,0,1,50.71950344655762,1,66.52426822847038
16215,0,1,0,38.47310949633803,0,62.05774288213689
16216,1,0,1,53.2059217275842,1,64.3836388429304
16217,1,1,1,49.48846092212687,0,62.32550394484608
16218,1,1,0,49.25712587344096,1,62.81719501101183
16219,0,0,1,56.90459111461315,0,62.53955488931487
16220,1,0,0,45.29106877606703,0,63.16811736774303
16221,1,1,1,60.00555752146691,0,64.02396094295625
16222,0,0,0,45.71561439468556,0,64.77584432778026
16223,0,0,0,41.06535456886606,0,57.3008269216676
16224,0,0,0,42.3742147702467,1,61.8063964854389
16225,1,1,0,48.2959917116955,1,65.42549061977705
16226,0,1,0,67.95447870889537,0,65.60290049043489
16227,1,1,0,58.78473770295577,1,66.54664315487854
16228,1,1,0,43.04184166565839,0,62.88805272681874
16229,1,1,0,51.57947782611762,1,64.1829191689727
16230,1,0,1,46.03726246861621,0,60.83802938540782
16231,0,0,1,34.4384496816508,1,60.5559806908355
16232,1,0,0,49.62170831318394,1,62.06793865100248
16233,0,0,1,66.58347970744791,0,67.00218365973618
16234,0,0,0,45.69848582161804,0,64.15147559404033
16235,1,1,0,47.24630627402776,1,62.26982772119939
16236,1,1,0,54.09159773225598,1,63.62317844875562
16237,0,1,1,55.03764190129376,0,61.25371889141557
16238,1,0,0,53.12530369536599,1,66.8001454777843
16239,1,0,0,48.79250824844342,0,63.02436042790169
16240,1,1,1,32.87438297834575,1,60.12903003265812
16241,0,1,1,53.47119209706547,0,61.40747436082296
16242,1,1,0,55.38996742459221,0,64.4144947803954
16243,0,0,1,58.15280575340834,0,64.25577617252003
16244,1,1,1,52.28997968772513,1,61.39236665758382
16245,1,1,0,57.47990436291466,1,62.13950952186336
16246,0,0,1,26.9113122963494,0,57.12791019905188
16247,0,0,0,45.58551753401623,0,62.0876433818191
16248,1,1,0,60.86948550620092,1,64.12562500161012
16249,1,0,0,57.30010848910429,1,65.60784418765998
16250,0,1,1,63.84543292594341,0,64.13843880376854
16251,1,0,1,48.97095393358014,1,62.60788242879837
16252,1,0,1,46.16204916460431,1,62.47622199350457
16253,0,0,1,59.19570807653881,0,62.90495896064392
16254,0,0,0,40.90525202882837,0,62.27596683723516
16255,0,0,0,45.45849916878579,0,60.52983204678828
16256,1,1,1,43.82754192608489,1,62.65685127730032
16257,1,1,1,39.02398637406093,1,61.86779135134717
16258,0,1,0,57.3843622740344,1,67.49337712933385
16259,0,1,1,48.37521715455096,1,60.53446710097099
16260,0,1,0,40.50512331229837,0,57.72660698563885
16261,0,1,1,42.18221417524784,0,59.755801060602
16262,1,1,1,47.61206519661463,1,63.90548972417213
16263,0,0,1,37.42535535686622,0,57.08998087141524
16264,0,0,0,29.76830362822638,0,56.45057766215673
16265,1,1,1,44.5751118900638,1,60.54275703295937
16266,0,0,1,47.72823898216091,0,59.38844899852881
16267,0,0,1,59.50463435787292,0,64.9201998408481
16268,1,0,0,30.81526995083282,1,61.42498231698279
16269,0,0,0,54.42921143089112,0,60.82384468543373
16270,1,1,1,62.55917131379155,0,66.85115453594388
16271,1,0,0,44.84520164932602,1,61.24910687229317
16272,0,1,0,41.26128448251043,1,57.57154252463027
16273,1,0,0,53.26664382329658,0,63.30277574720466
16274,1,0,1,27.50819099860145,0,57.9304460997705
16275,0,0,0,37.31419207964623,0,61.12987760664261
16276,1,0,1,40.11912842633083,1,61.86652813162114
16277,0,1,1,28.97433174477332,0,57.8231058280905
16278,1,0,1,35.66660707298998,0,57.96766554988107
16279,1,1,0,58.29462751069066,1,65.44748850150198
16280,0,0,0,63.68876676767778,1,65.83948820232801
16281,1,1,1,52.3763295261184,1,60.30669603423458
16282,0,1,0,54.40070346939243,0,64.91976400894018
16283,0,1,1,60.42324269777266,0,66.61811031061448
16284,1,0,0,45.66222745063883,0,63.8206014317874
16285,0,1,1,55.16470965080889,0,64.52039479188534
16286,1,0,1,60.77533301042985,0,62.31052504528836
16287,0,0,0,54.42527317504248,0,63.28932296882453
16288,0,0,0,48.0654680296182,0,60.28772855646275
16289,1,1,0,49.55021288736064,0,65.2009399025245
16290,0,0,0,48.68744783694623,0,60.05186799958818
16291,1,1,1,25.21019369865078,1,57.48175966806144
16292,1,1,0,55.18221695390053,1,62.84892868038972
16293,1,1,0,49.16787139215187,1,65.93937001885148
16294,1,1,0,40.41285624122587,0,63.78101230062452
16295,1,1,1,60.19061543535165,1,66.73729315124879
16296,1,1,0,65.62305326212788,1,65.85034210234596
16297,0,1,0,66.28968634219878,0,65.55780323420704
16298,0,1,1,39.25455547630537,0,61.4978815784051
16299,0,0,1,46.1475425028448,1,57.76762247903741
16300,0,0,1,47.15142675220749,0,57.9952622468547
16301,0,0,1,44.0049253583974,0,63.32674545854014
16302,0,1,1,57.2273119854825,0,62.58661961885985
16303,0,0,1,55.67672218920964,0,59.41862102140452
16304,0,0,0,53.01948643478379,1,64.42345994931912
16305,1,1,1,54.76664162152547,1,64.75672875408669
16306,0,0,1,51.43868101224069,0,57.43377862440154
16307,0,0,0,61.97336830959227,0,65.82813486278141
16308,1,1,0,64.84746523301881,1,65.6706267272145
16309,0,0,1,45.64655639701419,0,58.99072800993265
16310,0,1,1,29.75267980447639,0,59.95984008660767
16311,0,1,1,35.34167300106628,0,62.02686136306509
16312,1,0,0,44.29606948294027,0,63.01623996657612
16313,0,1,1,48.83646258776801,0,62.85483502010462
16314,1,1,1,44.27717159608568,1,63.69547808498431
16315,1,1,1,57.34716772528257,1,62.50575574201468
16316,0,0,0,60.06603968967653,1,66.05216816941612
16317,0,0,0,54.34677908405381,0,60.46488641151159
16318,1,1,0,51.10661150849428,1,61.51954612138735
16319,1,0,0,58.33252304757037,1,64.74245714780361
16320,0,1,0,39.60024644262089,0,64.50587035879964
16321,1,0,1,31.7198404355178,0,56.84741575210047
16322,0,0,1,56.44327408769338,1,63.57108800656324
16323,1,1,0,58.22788706810758,1,64.08485432531738
16324,1,0,1,42.75236583943985,1,59.89890756750801
16325,1,0,1,37.08777981289245,1,60.11860972896008
16326,0,0,0,44.33196235867747,0,62.2034846160229
16327,0,1,0,43.00451776906806,0,60.68330388930935
16328,1,1,0,75.21943666753134,1,66.25050683944077
16329,1,1,0,59.3956767613471,0,64.86985203339748
16330,1,1,1,43.09151044950193,1,65.2136852021959
16331,1,1,0,66.02889072972332,1,66.20683838603401
16332,0,0,1,44.96358674120521,0,60.96821910188845
16333,1,0,1,34.43467710897377,1,56.44790308551606
16334,1,0,0,48.20210470437448,1,65.4418791782694
16335,1,1,0,43.86055633597947,1,61.74091629479508
16336,0,0,0,57.47942957219323,0,61.35789998690005
16337,1,0,0,39.65277149565165,1,60.20924841778039
16338,1,0,0,58.78539855021675,0,65.70956885455729
16339,0,1,0,42.15280129030822,0,62.55036356255747
16340,0,1,0,41.34564426330182,0,61.1616545876618
16341,1,0,1,54.19684100690856,1,62.01675558538746
16342,0,0,0,50.15502125715504,0,63.84689728841535
16343,0,0,1,61.49082167089351,0,66.07226531392961
16344,0,1,1,44.63125227420004,0,60.93869770108845
16345,0,1,1,58.97510109060318,0,63.00753900714165
16346,1,0,0,38.36151241899424,1,62.77955733891681
16347,1,0,0,37.25810098281732,0,59.79299910149012
16348,0,1,0,64.26822247807456,0,62.3752415647426
16349,1,1,1,42.93551784237603,1,61.81318595762584
16350,1,1,1,45.01665679097827,0,62.15809991318973
16351,0,0,0,39.66599640217196,0,59.89271576220992
16352,0,1,1,47.81283238439219,1,62.475776244045
16353,1,1,1,53.69660576424549,1,67.56855612064155
16354,1,1,0,41.84013800141933,1,60.91853834472749
16355,0,0,1,45.50406147859646,0,59.71159291856985
16356,0,0,1,42.67167182419382,0,58.29170348564534
16357,0,0,1,48.35003289226668,1,59.6537373816552
16358,1,0,0,37.78300412060402,1,64.69116419493231
16359,0,1,1,55.25905079680207,0,63.41549944593412
16360,0,1,1,45.14152662699202,0,62.85489166176468
16361,1,0,1,59.24555116382336,1,64.21112228821622
16362,0,1,1,44.01015310718448,0,59.74942195559225
16363,0,0,0,54.48363431714522,0,65.63741599650983
16364,1,1,1,60.46066383446902,1,64.82397193452103
16365,0,0,0,55.58301564365111,0,63.24325381336907
16366,0,1,0,57.90455969407525,0,65.69052932985485
16367,0,0,0,45.93499262958713,0,61.90099197774597
16368,1,1,1,41.71345747709361,1,62.78091479088202
16369,1,0,1,38.56765919707735,1,58.36910928706588
16370,0,1,0,39.30466450136937,0,65.18308916853026
16371,1,0,1,41.16444805885462,1,60.90585555775182
16372,1,1,0,47.52536214431864,0,65.4691012228574
16373,0,1,1,43.85244425720828,0,57.570986938847
16374,0,0,0,62.38474539965431,0,65.31760229201848
16375,1,1,0,61.81008136958399,0,63.88156136579881
16376,1,1,1,44.61169604640678,1,62.46803802981273
16377,1,1,0,51.72263783812144,1,64.26258062798208
16378,1,0,0,50.22421351047326,0,60.25267253960788
16379,0,0,0,43.99642658682445,0,62.36453354720756
16380,0,0,1,45.45335429237394,0,58.30794860863173
16381,1,1,1,40.21605623426767,1,64.31903361424803
16382,1,1,0,35.65315597309088,0,62.8700357711731
16383,0,1,1,48.63681132379376,0,62.40045415553608
16384,1,1,0,50.17346251214526,1,64.95294993296049
16385,1,0,1,33.47120602007392,0,58.4092280533001
16386,0,1,0,57.80131507710627,0,63.1483828597325
16387,0,1,0,56.66658830320285,0,61.6413519789207
16388,1,0,1,38.80659593789301,1,58.46389144694136
16389,1,0,0,61.42809906235616,1,65.26106287974397
16390,1,0,0,54.1192134241268,0,65.98436238304053
16391,1,1,0,62.100413104785,1,64.79081022245515
16392,0,0,0,53.73721813291355,0,63.55687106329633
16393,0,1,1,61.96788089713765,1,66.178296517655
16394,0,0,1,64.13298685777198,0,62.40404146470397
16395,1,1,0,59.58659366400666,1,64.66926120157146
16396,0,1,0,56.82764188283768,0,63.62630731355611
16397,1,1,0,63.34029367004914,1,65.51230657486934
16398,0,0,1,41.86688413203967,0,60.05623408779802
16399,1,0,0,40.43237134809997,0,63.0382374891393
16400,0,0,1,51.21977417227293,0,59.58969004710012
16401,0,0,0,52.61468625487377,0,60.65312179881503
16402,1,1,0,49.08904364935559,0,65.49527961317338
16403,0,1,0,41.3787614626839,0,63.39782524620886
16404,0,1,0,45.92275221042176,0,63.62819007816425
16405,0,1,0,53.11541126706129,0,64.03167657632319
16406,1,1,1,51.00298974537098,1,63.33449604631593
16407,0,0,0,43.08825776536575,0,62.00076285916361
16408,1,0,1,46.10188489192343,0,62.98847535763627
16409,1,0,1,48.65592956197831,0,60.05085415907102
16410,1,1,1,39.52493656521818,1,61.93749395909834
16411,0,0,1,67.06524520822616,0,62.06402649462756
16412,1,1,1,62.11090927566812,1,63.94062001646372
16413,0,1,1,52.20217537811028,0,63.34956691465567
16414,0,0,0,47.09413091930519,0,62.50013085159272
16415,0,0,0,59.43264156506496,0,61.51300657570175
16416,0,0,0,49.74788575986462,1,60.72879257233557
16417,0,0,1,34.28965630849787,0,56.09666318516764
16418,1,1,1,45.19135066329952,0,59.95410496236836
16419,0,0,1,41.97524759992042,0,58.75248342176763
16420,0,1,0,53.10738911397917,0,65.01375835807954
16421,1,1,1,48.82064461682842,1,64.07184724811748
16422,0,1,1,37.80564547936246,1,61.97330384657327
16423,1,0,0,45.10923628986052,0,61.50720860505287
16424,0,0,1,50.9416173219281,0,63.00194758606475
16425,1,0,0,52.80566983077068,1,65.18685391191346
16426,1,0,1,47.64875308579338,1,57.48734324895666
16427,0,0,0,61.98067807572019,0,63.56881793558107
16428,1,1,0,52.91013619228492,1,66.01262298056498
16429,0,0,0,71.82411825660367,0,64.90803922878854
16430,0,0,0,49.81962520086176,1,63.32869358334261
16431,1,0,0,54.16505587025607,1,67.49644106360161
16432,1,1,0,71.43176905939448,1,66.75277542472261
16433,1,0,0,60.22173685536971,0,64.29175612157984
16434,0,0,1,47.08582386072121,0,58.13301420970179
16435,1,1,1,63.28298267002809,1,65.42875725700137
16436,1,1,0,54.15616496219337,1,62.8522635230478
16437,1,1,0,33.34983865496364,0,60.61337532861133
16438,1,1,0,59.70205190576804,1,62.98849753671067
16439,1,1,0,64.60674074926757,1,67.64121788356968
16440,1,1,0,32.65631883248238,1,60.92751001345674
16441,1,1,0,68.9099883546603,0,65.96909276786741
16442,0,1,0,39.15491424704004,0,62.02448055720551
16443,1,0,1,60.55406663264499,0,62.58846297006919
16444,0,1,0,41.81708227038312,1,62.35245917295359
16445,1,0,1,48.15802904911615,1,63.40421414450125
16446,0,0,1,49.87296196664156,0,61.4875456323409
16447,0,0,1,45.48439577744932,1,61.63163128398646
16448,1,0,0,57.12181980153854,1,64.12923690530954
16449,0,1,1,41.5705788058114,0,59.33091456451963
16450,0,0,1,43.70405287332815,0,61.02185490065797
16451,0,1,0,63.78650865138457,0,63.39508802601819
16452,1,1,0,42.29249171167514,0,61.42259967625492
16453,1,0,1,51.15622018159072,1,63.11389250589229
16454,1,1,0,49.089533376868,1,64.74975831729429
16455,1,0,1,45.17122035132633,1,60.82294060470422
16456,1,1,0,64.60266578115325,0,64.52892967282573
16457,0,1,0,44.69910678351881,0,63.59740940130974
16458,1,1,0,47.85419518774352,1,62.30701954025691
16459,1,1,1,51.35531741991123,1,64.49942308765533
16460,0,1,1,42.06407313993001,1,59.20192834158431
16461,0,0,1,51.89187926625861,0,63.76541483193432
16462,0,0,1,31.21107027951508,0,58.87515441999561
16463,0,0,1,53.99000087638979,0,61.87535873476259
16464,0,0,1,45.52501412108391,0,60.58763471283821
16465,1,1,0,51.93905802386899,1,66.81088585348931
16466,1,0,1,33.35537620403628,0,56.29011326527091
16467,1,1,1,47.92028719520798,1,64.79946187298621
16468,0,0,0,56.85972731549107,0,62.15947812058576
16469,0,0,1,29.74988928839318,0,58.23966767171974
16470,1,1,1,45.65026959833815,1,64.12484345527291
16471,0,0,0,50.06936880640252,0,62.75581947197281
16472,1,1,0,80.5091291878087,1,67.71711718128132
16473,0,1,1,39.25167381357961,0,61.08256241189348
16474,0,1,1,59.57848592229251,0,60.75940159473096
16475,0,1,1,26.68970594270015,0,58.473967415978
16476,0,1,0,47.21896116455355,0,63.28914832008108
16477,0,0,1,37.34059011696857,0,58.07199442733597
16478,0,1,1,64.58484459983454,0,64.24942082334057
16479,1,1,0,45.64772967601774,0,61.8964789423143
16480,1,0,1,59.14540004843584,1,60.39510441552293
16481,1,0,1,54.04536566799178,1,64.00550512137225
16482,0,1,0,42.79530665286277,1,60.33909914113412
16483,1,1,1,58.66463094537178,1,67.27593475085467
16484,1,0,1,52.60000447263543,1,63.53155693381072
16485,0,1,1,38.78171449161395,0,59.57952505816001
16486,0,0,0,32.33386391219272,1,58.87780936422448
16487,0,0,0,51.49227163558452,0,61.83312334469358
16488,0,1,0,59.59778158121011,1,62.57062347788089
16489,1,0,0,50.72634562527815,1,62.41461271395122
16490,0,0,0,59.73136544842905,0,62.44565537914623
16491,0,1,1,53.97907185631637,0,62.12660000076283
16492,1,1,1,61.70200214730999,0,59.42088230001516
16493,1,1,0,49.79148422610759,1,67.25074504643879
16494,1,1,1,47.30914755485295,1,60.63583662527023
16495,1,1,0,56.5931812748146,0,64.54523172607135
16496,0,1,1,43.8573664541625,0,62.26105937853245
16497,1,0,1,56.64940065483296,0,62.11593772938309
16498,0,1,1,33.25741700645084,0,61.98003762247003
16499,0,0,1,63.52512644704079,0,63.75491969670833
16500,0,1,1,51.40863665592585,0,61.41544202548015
16501,0,1,0,56.20388866826465,0,65.9454123774487
16502,1,0,1,45.86655855519864,1,61.4530871945177
16503,0,1,1,41.09197676235071,0,60.855841300488
16504,1,0,0,36.72538405890256,1,63.29715755758364
16505,1,0,1,46.10841902743902,1,61.45396140494164
16506,1,1,1,29.80368805281663,1,60.53066080960349
16507,1,0,1,46.33263895055962,1,61.7984760925852
16508,0,1,0,53.24072503189245,1,63.33403340266956
16509,0,1,1,48.64124558839406,0,59.19618100641527
16510,0,0,1,26.68483586040372,1,56.65375302377996
16511,0,0,1,63.93971613582269,0,64.2959130316322
16512,0,0,0,51.67080565793452,0,61.26089653534648
16513,0,0,0,56.52516601999596,1,62.24646467645897
16514,1,1,1,35.93549272360228,0,58.44139621464112
16515,0,1,0,62.07316503613529,0,64.63986711062574
16516,0,1,1,40.06821953144046,1,63.44241844827321
16517,0,0,0,60.34098481529624,0,62.14167642722158
16518,0,0,0,37.9305067952906,0,57.69536538403413
16519,0,0,1,60.98481664388108,0,65.32763370065679
16520,1,1,1,51.52721549210639,1,59.57746724792763
16521,0,1,1,39.19818685297987,0,59.85538358688907
16522,0,1,0,58.76248332909204,1,65.33333091227098
16523,0,0,1,52.88293340616789,1,60.70873062396444
16524,0,1,1,23.53469998715907,1,55.72426372735562
16525,1,1,1,38.18669472726913,1,61.87652248162674
16526,0,1,1,54.38014127822408,0,63.48552187349164
16527,1,1,1,45.27035308892448,0,64.55508804795187
16528,1,0,1,38.61921856955368,1,61.41612720969503
16529,0,1,0,72.23847468198154,0,69.42842640056718
16530,0,0,1,39.74761039229373,0,57.02777844115249
16531,1,0,0,61.71428240306841,1,64.80310484284912
16532,1,0,0,24.32468060779049,1,57.0379763854302
16533,1,0,1,35.18025535526749,1,59.62707965934732
16534,1,0,0,52.54633953386229,1,65.24165317383743
16535,1,1,1,59.86365600385368,1,66.9190835651019
16536,1,0,1,65.24815353200893,1,63.40082132238611
16537,1,1,1,40.22951641432294,1,61.6780655081313
16538,0,1,0,48.09746305317206,0,61.86856709451764
16539,0,0,1,42.80728324215143,0,57.28372314315106
16540,1,0,0,30.62955530048175,1,61.38351899608277
16541,1,1,0,49.0780765892039,0,64.5535013093014
16542,1,1,0,31.09157997698266,0,59.37103940984151
16543,1,0,1,40.26356422519891,1,60.97753936578251
16544,1,1,0,50.51261297956353,1,66.58317026819823
16545,0,0,0,54.61939650413802,1,63.46804594948008
16546,1,0,1,52.26628088276662,0,63.25812739215412
16547,1,0,1,44.80348996217761,1,60.27925625719124
16548,0,0,1,24.78569574335695,0,57.90240458389405
16549,0,0,0,48.81518915595954,1,62.55214833837969
16550,0,0,0,60.27688400326158,0,62.71749810765539
16551,1,1,1,48.5273883044633,0,61.35519525645878
16552,1,1,1,47.19252457342596,1,60.96100532268557
16553,1,1,1,59.77619876076967,1,66.64653641207958
16554,0,1,1,39.0912764428751,0,62.35310408528307
16555,0,0,1,57.2457616327405,1,62.67174029669402
16556,0,1,1,43.35403787093603,0,57.26052238901521
16557,1,0,1,48.64621637274458,1,57.96700830370536
16558,1,0,0,54.45845142422491,1,67.46178425760317
16559,0,1,1,44.19332991379934,0,60.33482831478833
16560,1,1,0,65.25042745372637,1,71.19860772976455
16561,0,0,1,40.93121694832867,0,60.96892582066016
16562,0,0,1,42.29968442109963,0,61.42262174092991
16563,0,0,1,44.07193751863198,0,60.95062442620129
16564,1,0,0,35.38929522103375,0,61.02588069431983
16565,1,0,0,55.98834565375672,1,65.12603147193182
16566,1,0,1,29.3534991850531,1,59.17197890856261
16567,1,1,0,69.58488724393531,1,67.06695418003368
16568,1,0,1,60.69563566035648,1,62.52211255297536
16569,1,0,1,33.79459898165988,1,61.83587592571364
16570,0,0,1,43.22259307387227,0,60.07440105377742
16571,1,1,1,59.66532517067122,1,63.86401418689769
16572,1,0,0,58.01452058738752,1,62.95072898226282
16573,0,1,1,39.41414451709276,0,60.03717036052324
16574,1,1,1,33.94047627468838,1,60.16194318278946
16575,0,0,0,34.68174259181586,0,60.48534863378076
16576,0,1,0,67.94043348036755,1,65.04417062803483
16577,1,1,0,50.08357770864644,1,63.67875128735879
16578,0,1,1,41.89376136463029,0,59.09271219799355
16579,0,0,0,56.83140504427054,0,62.00890802961835
16580,1,1,0,53.47119176007685,1,63.22526709078915
16581,0,1,1,55.82662015955915,0,65.33991676088857
16582,1,1,0,58.21348796568981,1,65.70642903244151
16583,0,0,0,41.11194202018793,0,60.49646970332795
16584,1,1,1,48.22670466082665,0,64.65790645947918
16585,0,1,1,37.6003847636518,0,61.77420413280426
16586,1,0,1,30.53995617095834,1,58.76442827387822
16587,1,1,1,56.54279907650425,1,61.23265297697445
16588,1,1,1,62.40366420293692,1,63.90585405487312
16589,1,0,0,38.56804704525288,1,64.08376788431362
16590,1,1,1,40.48836042472995,1,60.19733643996262
16591,0,0,0,50.05720617200207,0,61.0924414716262
16592,0,1,1,67.71279557672153,0,64.95017374775742
16593,0,1,1,49.30864110119922,1,61.16296812337902
16594,0,1,0,64.95593167677922,0,67.68657410152223
16595,1,0,0,51.72016716337094,1,62.22510540324609
16596,0,0,0,53.90407892570538,0,59.44898317470198
16597,0,1,1,51.16145175009419,0,59.50596695146487
16598,0,0,1,44.62303267681011,0,63.96670710217662
16599,1,0,0,40.44916692922602,1,62.96110995144691
16600,0,1,0,43.64839643001339,0,60.87097316757257
16601,0,0,0,55.6934437954573,0,65.90097315385393
16602,0,0,0,52.42696995938913,0,66.97112561026441
16603,1,0,0,45.24778122305018,1,64.168432391637
16604,0,1,0,60.77370065664991,1,64.31738263880027
16605,1,0,1,39.66376317320577,1,59.73049906125175
16606,0,0,0,46.05969580651226,0,65.61069859054284
16607,0,0,1,48.15133755724116,0,59.91266084241932
16608,0,0,0,46.95673938792874,0,61.62227258260769
16609,1,0,0,48.92281735530018,1,66.8246581060625
16610,1,0,1,45.81481502464723,0,61.82911843441992
16611,1,0,1,37.64527311611592,1,60.12866358456559
16612,0,1,0,48.14586510287568,0,59.98314705019472
16613,0,0,1,37.9588202463208,0,60.31526518310237
16614,1,0,0,53.053168801687,0,59.96655989001287
16615,1,0,1,47.95651109416136,1,63.19214627794737
16616,0,0,1,61.91501995753607,0,63.41385415004533
16617,0,0,1,21.36519052808639,0,60.38801031925981
16618,0,0,0,56.46156577428286,0,65.51534053537253
16619,0,0,1,48.41003939332068,0,62.57432221394427
16620,0,1,1,76.23622469919462,0,66.10317400000579
16621,0,0,0,51.56526809209175,1,61.89119507641655
16622,0,1,1,23.61350844054269,0,58.85578134879086
16623,1,1,1,57.43825726683286,1,60.70716357927079
16624,1,1,0,53.21990592258665,0,63.78097683755701
16625,1,0,0,44.07857965051456,1,62.47669002140034
16626,0,1,1,46.17893122539272,0,64.48139326994624
16627,1,0,0,54.42855632825321,1,63.51722897419689
16628,0,1,1,58.96443071017637,0,61.51431951886458
16629,1,1,1,39.16800626520019,0,61.21566078581503
16630,0,0,1,58.93721766307351,0,65.0722241818472
16631,1,0,0,64.51270779970638,1,65.9322372567423
16632,0,1,0,47.36913369275878,0,63.93796251800165
16633,0,0,1,39.36716033980748,0,61.10284025952205
16634,0,0,0,45.15198060435227,0,61.82842719092356
16635,1,1,1,46.14165320519721,1,61.35639922518163
16636,1,0,0,40.6025913672712,1,61.21859919110105
16637,0,0,0,51.90341741027977,1,61.08756941983953
16638,0,1,0,55.86842483812116,0,64.41021708680974
16639,1,1,0,50.54200892845006,1,65.01465954039108
16640,0,0,0,57.98178837284561,0,64.53855004897635
16641,0,1,1,36.78325033335144,0,59.50531422467145
16642,1,1,0,65.64118746022342,0,64.84404517247889
16643,0,1,0,44.89434631196135,0,64.05353524223202
16644,1,1,1,55.44413234814052,1,65.40847808619506
16645,0,1,0,51.5709342469103,0,61.55468081323625
16646,0,0,0,46.21036637489023,0,62.90120388070788
16647,0,1,0,53.8796183548025,0,64.72776957263274
16648,0,1,0,50.72692077357807,0,63.08087936683182
16649,0,1,1,36.07836832568353,0,58.06781302526896
16650,1,1,1,55.57899760237439,1,65.70064462889709
16651,0,0,1,44.85656304433232,0,60.12160174925475
16652,0,1,0,47.0681060948254,0,58.89845560184914
16653,0,1,0,45.95298289045703,0,58.68915202354034
16654,1,0,0,52.53459965684939,0,67.91876063495343
16655,0,0,0,54.66352468278611,0,63.69703014535747
16656,1,0,1,52.17902062676912,1,61.90118559769592
16657,1,0,0,42.86682608931894,1,61.19513998660252
16658,0,1,0,38.55272443864499,0,61.93305817249568
16659,0,0,1,49.72123223412682,0,61.80847427707924
16660,1,0,0,62.13057450929639,1,64.42669658677825
16661,0,0,1,54.55907058731722,0,61.22633893723798
16662,0,1,0,57.8113137418155,0,64.67910055961811
16663,0,1,1,45.46455979473308,0,62.62283598271816
16664,0,0,0,59.20778127751149,0,60.4022284020388
16665,1,0,0,46.72054778999784,1,61.72154202274501
16666,1,0,1,38.44658429799872,1,55.29706944033595
16667,0,1,0,47.7026786774469,0,65.46132682525752
16668,1,0,0,49.14610707620512,0,63.35317900158737
16669,1,1,1,50.86068673366661,0,59.10329091115522
16670,0,0,1,33.45040716075326,1,55.39136833453075
16671,0,1,1,53.33732017271029,0,62.91794075565164
16672,0,1,1,52.36182487391394,0,63.28621118207946
16673,0,1,0,57.38266866965677,0,66.86944540797944
16674,0,0,1,27.39317852304118,0,57.24509893403899
16675,0,0,0,68.63299040402644,0,64.21832236086938
16676,0,0,1,20.55811689920257,1,54.41793922164424
16677,1,1,0,46.57424492573715,1,61.8508810804736
16678,0,1,1,64.64262860534785,0,67.83077913378936
16679,0,1,1,50.11751367541157,0,65.70851117258809
16680,0,1,1,56.52544196891855,0,62.47628668671462
16681,0,0,0,51.78725769281455,0,59.09860939691458
16682,1,0,1,51.16260807963264,0,64.63082068158242
16683,1,0,1,55.94718040836272,1,62.46275861723458
16684,0,0,1,67.94547142115289,0,61.2252416798237
16685,0,0,1,47.98550694212654,0,60.88147848052603
16686,1,0,1,42.85271922917021,1,60.55527556765878
16687,0,1,0,50.43817281338245,1,62.12638859226475
16688,0,1,0,59.21507532458918,0,66.39591197787495
16689,1,0,0,59.34427897579763,0,64.98756149668527
16690,0,1,1,52.2963769734605,0,60.92801069305803
16691,0,0,1,60.05711517350988,1,64.25092643425157
16692,0,0,1,28.10303952611071,0,58.24547547560113
16693,1,1,1,33.32744108013118,1,61.75957247476878
16694,0,1,1,42.59869266242903,0,61.97841951492806
16695,0,1,0,57.7880703235291,0,63.78979955058646
16696,1,0,1,41.51825272902867,0,60.95873688776962
16697,1,1,1,43.91505516258425,1,61.31349063609254
16698,0,1,0,38.5036735930684,0,64.85682918539774
16699,0,1,0,68.76131202343899,0,69.08922690253308
16700,0,0,1,28.46341172664408,0,61.99335892838235
16701,0,0,0,50.37008355932426,0,61.12706428736124
16702,1,0,0,36.59822889247598,0,60.41425012721184
16703,0,1,0,61.94632411666286,0,67.76250219064512
16704,0,0,0,37.8231795354346,0,63.91484197050666
16705,0,1,0,60.60148924220157,0,64.2750020834963
16706,1,0,0,47.51226457037805,1,61.77905511652289
16707,0,0,0,51.53545403216352,1,64.18349258498607
16708,0,1,0,45.75418319380842,0,63.76474090321899
16709,1,1,1,30.65817725126466,1,60.86425199921528
16710,1,1,1,37.02139612911177,1,58.92094755427298
16711,1,1,1,48.86824964623106,1,62.98940857392877
16712,1,0,1,43.56104545641595,1,61.68647828735069
16713,1,0,1,36.90685366291309,1,63.70671839153999
16714,1,0,0,62.75583218319721,1,63.60873843664595
16715,0,0,1,36.14462887506593,1,58.76204819734268
16716,0,1,1,42.52789943592504,0,59.21237945403362
16717,0,0,0,61.54245209527045,0,61.42407899886955
16718,0,1,0,47.76752573041204,1,60.49600004958548
16719,1,0,1,55.59421844388769,1,62.17398177975871
16720,0,0,0,42.80297629346607,1,61.71276103664275
16721,0,1,1,75.1548537566284,0,66.57849244833328
16722,1,0,1,52.04622135846351,1,60.46016076227748
16723,0,1,1,46.76405254137038,0,60.44533497852888
16724,0,1,1,48.38625086190808,0,63.97733108875646
16725,0,0,0,47.36270826675528,1,64.46123853893238
16726,1,0,1,58.14861360062248,1,62.8665411779247
16727,0,1,1,43.9175198600243,0,59.02702547857432
16728,0,1,0,33.38368628438678,0,60.62405071262002
16729,1,0,0,71.86061784393212,1,65.16833344298358
16730,1,0,0,54.51978934473138,0,65.56100164630166
16731,1,0,0,31.00727773373044,0,59.20016422119471
16732,0,0,0,58.2229708275336,1,66.29036702003232
16733,0,0,0,48.89604484585174,0,60.43964049759254
16734,0,0,1,46.5119441239479,0,61.15592397995518
16735,0,1,1,53.54443775249405,0,61.94137158807437
16736,0,1,1,50.45551940607052,0,64.56841901558467
16737,0,1,0,64.52601259314682,0,64.85661470611907
16738,0,1,1,48.61593355146059,1,60.81252660616151
16739,0,1,1,56.8503907503209,0,64.34595266190323
16740,0,1,1,55.51025465994213,0,62.07117057299153
16741,1,1,0,43.10302976765136,0,65.06302420674835
16742,0,1,1,38.10409842615789,0,64.92461123253408
16743,0,0,0,69.25717187272916,1,66.81482093298936
16744,0,1,0,58.16653829175225,1,65.99834944182223
16745,0,0,1,60.70019294598888,0,62.17378172894856
16746,0,1,0,67.85313209798751,1,68.8263955874144
16747,1,0,1,69.67216880756358,1,62.02808513334961
16748,0,1,1,25.91728363239909,0,56.41643082201103
16749,0,1,1,54.61708254160518,0,59.82164713870648
16750,1,1,0,56.40894179272193,1,66.36045868819997
16751,1,1,1,46.06986833874714,1,61.53215362777102
16752,1,0,0,56.66215125501944,1,64.00577975787674
16753,1,1,0,29.23700510010259,1,59.11107701198568
16754,0,0,1,56.3249372132129,0,64.66082322356627
16755,1,0,0,73.83857326013423,1,66.45993740869498
16756,1,0,1,39.48731002175573,1,64.97020434239782
16757,1,0,1,47.92502119034027,1,64.52131119367333
16758,0,1,0,36.3749100727169,0,59.30554244503696
16759,1,0,0,59.51326796000319,1,64.16245082087431
16760,1,1,0,46.6669285269944,1,62.76960411951735
16761,1,1,1,74.19511127161314,1,69.20249643482877
16762,1,1,1,53.22672384812128,1,67.64482240882492
16763,0,1,1,30.1211888477225,0,57.94900107902501
16764,1,1,0,39.35719738070183,1,59.27768523214275
16765,1,0,1,52.4811147296809,1,62.53816129155711
16766,1,1,1,44.57910713563483,1,59.12808624990524
16767,0,1,1,39.62346431507114,1,62.66977138634977
16768,0,0,1,42.67838679068554,0,60.89772543798363
16769,1,1,0,42.24232034143412,1,62.85983810047531
16770,0,0,0,45.75245649799329,0,63.08715639508851
16771,1,1,1,51.14001880431037,1,60.28771105861733
16772,1,0,0,49.66355406336925,1,63.81239781300847
16773,0,1,0,53.12766460216461,0,63.63347199275984
16774,1,0,1,28.52218300460239,1,57.13583462133374
16775,0,1,0,56.9174248431021,1,64.93001532112626
16776,1,1,1,37.15640655138607,0,58.65928846907249
16777,0,1,1,65.41451711467988,0,62.29802885255013
16778,1,0,0,64.29795428786355,0,65.58576697829982
16779,0,0,0,45.5980480010816,0,62.74901617346055
16780,0,0,1,34.39672550608302,0,55.85918788766472
16781,1,1,1,55.21449363255799,0,62.24268214916512
16782,0,1,0,46.90192498021002,0,62.03587076674671
16783,1,0,1,26.7721103500039,1,55.63623408826548
16784,0,0,0,64.75301839283321,1,66.83257371743626
16785,0,1,0,73.57952847186591,0,66.13268487110128
16786,0,1,1,62.67876062174908,0,59.17159239526249
16787,0,0,1,54.29776850560111,0,62.11661327724117
16788,1,1,0,52.19978450438115,1,66.07614206192807
16789,0,1,1,35.58830626359652,0,58.11124591679041
16790,1,0,1,48.9336437397385,1,60.64478162089487
16791,1,0,1,47.63173190502475,0,65.23936286677886
16792,0,1,0,60.97376635477556,1,65.51609568274732
16793,1,1,0,36.17967014064396,1,67.08462594199244
16794,1,1,1,50.87447695034292,0,60.68108620502025
16795,0,0,0,35.78500752533931,1,59.59676605060442
16796,0,1,0,40.96718268892646,0,61.30334580733162
16797,0,1,0,52.12832792139943,0,64.13029563221912
16798,1,1,1,62.32024097895511,1,65.68120492451384
16799,1,0,1,30.68795573635041,1,56.59208447490496
16800,0,1,0,52.16420296334466,0,64.78059633831337
16801,0,1,1,48.27514699016089,0,62.86409743837734
16802,1,0,0,55.57815389992128,1,64.57100727061355
16803,0,0,0,66.86046340139815,0,66.42495503315686
16804,1,0,0,43.03379220741281,1,63.87968020762507
16805,1,1,1,38.96199943163937,0,59.11247462326202
16806,0,0,1,59.73156474692423,0,63.95823906700117
16807,0,1,0,57.26405324296188,0,64.47874913449755
16808,1,1,0,42.77160150137484,1,64.53042056316454
16809,0,1,1,53.57102918366856,0,65.46826085760802
16810,1,1,1,33.96490054722705,1,59.35165953533508
16811,1,1,0,43.87879399454573,0,59.71729686909291
16812,1,0,1,53.45538207751317,1,60.04673953090086
16813,0,1,1,25.03940589886966,0,60.1225174573883
16814,1,0,1,54.1510361276412,1,61.08709029258458
16815,1,0,1,30.59812490442177,1,59.61350556960181
16816,0,1,0,66.62670965432375,1,68.38843569790298
16817,0,0,1,51.83715768839857,0,61.0523410737326
16818,0,0,0,48.87573303853012,1,60.99372723923661
16819,0,1,1,49.30350165998139,0,61.64306647529465
16820,0,0,0,60.7261676916422,0,63.76290206566919
16821,1,1,0,44.99074171760098,0,62.27676382162292
16822,0,1,1,49.60362474693434,0,61.31618018126561
16823,0,0,1,43.11638578223642,0,57.2440164780572
16824,0,1,0,51.85176230568557,1,63.3394982059128
16825,1,0,0,49.69855371359136,1,65.34773358003289
16826,0,0,0,46.80167588063293,1,62.15993042323047
16827,0,1,1,44.63830841534683,0,60.42947536524697
16828,0,0,0,44.85882287318016,0,61.0985669693297
16829,0,0,0,47.21412054983163,0,60.05939899491689
16830,1,1,0,53.74792839651963,0,63.48308862752929
16831,0,1,0,47.11708743998661,1,62.34515642787217
16832,0,0,0,65.33697677226824,1,62.90471328673823
16833,1,0,0,58.33585534077866,0,66.24168992876977
16834,0,0,1,51.98326185876836,0,61.99261672173619
16835,1,0,0,45.95633683001444,1,64.77913253188693
16836,1,1,1,43.80611371359237,1,60.9503881265045
16837,0,1,0,57.18574584854132,0,63.98522900708145
16838,1,1,0,40.14869563299705,1,61.90446474039656
16839,1,1,0,61.50867696225862,1,63.9461873681473
16840,1,0,1,46.02369253667977,1,59.18506634544995
16841,1,1,0,62.51140895244431,1,67.45017353788526
16842,1,0,1,46.11892165249977,1,57.72814624057163
16843,0,1,0,47.07531003245813,0,62.27726191402201
16844,0,0,0,48.76531872662898,1,62.02145030274173
16845,0,0,1,40.08071041885749,0,60.0617256784837
16846,0,1,1,37.46329656748067,0,57.26632998237186
16847,0,0,1,26.51455370768334,0,59.41754304447322
16848,0,0,1,38.07709010823537,0,60.91545231894898
16849,1,1,1,29.15425787903163,1,58.53720696448698
16850,1,0,0,49.61534744299777,0,62.56577484085731
16851,1,1,0,52.28508218078372,1,65.57088004935193
16852,0,1,0,67.52719581980388,0,68.2818716965389
16853,1,0,0,45.36835279675811,1,64.72979434605051
16854,0,1,0,50.50767753769009,0,65.20350445190954
16855,1,1,1,49.5949555602496,0,61.89342143688437
16856,1,0,0,51.370985164484,1,67.54346055795924
16857,1,0,1,37.57516262292276,1,60.90734429765698
16858,1,1,1,53.98314980448563,1,64.25315094982436
16859,1,0,0,62.30131584273546,1,68.25666677354607
16860,0,0,0,33.84865909258831,0,59.14570323816017
16861,1,1,1,44.58787142140329,1,60.79298501526359
16862,1,0,1,32.90583971027854,1,58.37163760796874
16863,1,0,1,40.52333331045588,0,59.15306615531916
16864,1,1,1,56.40373141037742,1,63.3818178668219
16865,1,0,0,45.63520990604808,0,61.02110662947373
16866,0,0,1,42.946944631328,0,63.84635936225791
16867,1,0,1,57.55648816577808,0,63.04237850381491
16868,1,1,1,44.40591266914635,0,58.9401843563905
16869,0,1,1,61.68891709028257,1,61.18199940505436
16870,1,1,0,43.11457387746546,1,60.64834566848988
16871,0,1,0,43.73051210008342,0,62.66090021221122
16872,1,0,1,55.43113542876875,0,63.53950860527824
16873,1,0,0,40.46810398757464,1,63.06454094380349
16874,0,1,0,43.55330481544577,0,60.3584384455469
16875,1,0,1,36.3979266491167,1,60.58537470292997
16876,0,1,1,43.2014690139158,0,60.59685459921223
16877,1,1,1,44.74922603341749,1,62.81177253325503
16878,0,0,1,23.62284948960526,1,54.09272084894727
16879,0,0,1,38.29875684898698,0,61.33808598713964
16880,1,1,0,67.6034002203133,0,63.5116280540749
16881,1,1,0,46.90499669977085,0,61.95933595386901
16882,0,1,0,43.73268405520427,1,62.72552023391588
16883,0,0,1,42.78152244684404,0,61.96323955848782
16884,1,1,1,58.6132484353141,1,66.61607204958872
16885,1,0,0,40.63843676292403,1,59.87248131647517
16886,0,1,0,63.37390594615889,0,65.17305788042886
16887,1,1,0,53.41235607407133,1,60.89271706832645
16888,1,0,0,55.62425045138293,1,62.99646547254217
16889,1,0,0,50.21728982322799,1,64.38575936743575
16890,1,1,0,39.09897288531418,1,61.97528475036563
16891,1,0,1,44.17467163268206,1,64.09964494631335
16892,1,0,1,51.90097459145442,0,62.09221754264144
16893,1,0,0,53.08147036867129,1,61.60481106599917
16894,0,1,0,47.66097585224225,0,59.93669441793973
16895,0,1,1,55.68558072272967,0,65.37587669121312
16896,1,1,1,33.27630931973177,0,58.3329600906064
16897,0,0,0,68.01788247599501,1,64.3354800471437
16898,1,0,0,44.27194814402461,1,63.00863914749728
16899,0,0,0,41.02572465910308,0,63.35362217880308
16900,0,1,0,45.93578481826975,1,60.38954221952895
16901,0,0,0,46.4097454539746,0,63.34929525809731
16902,1,0,1,61.25541565571054,1,62.87423528468219
16903,0,0,0,55.88699245067961,0,66.05521420661964
16904,0,1,0,61.73826091803767,0,67.75353533494733
16905,1,1,0,41.7625407189371,1,62.09847794573562
16906,0,1,1,60.10013436377618,0,59.93956084770614
16907,1,0,0,36.92405736357616,0,60.47545498023329
16908,0,0,1,61.86093600265644,0,62.92716539338049
16909,1,1,0,54.6613353424417,0,64.61375013840208
16910,1,1,0,44.7718060648528,1,61.16524777332808
16911,1,1,1,41.95328142147109,1,60.31416258007079
16912,0,1,1,47.21751106501309,0,59.28774983666982
16913,1,0,0,50.32462069570328,0,64.4401027631303
16914,0,1,0,47.544505668592,0,66.2175086011455
16915,1,1,0,51.3655712313377,1,64.38673958773803
16916,1,0,0,53.72821102737979,0,62.80147686361384
16917,0,1,0,56.70676544961034,0,64.80587086435169
16918,1,0,0,59.81764345758747,1,63.72151405971355
16919,0,0,1,42.26050256959694,0,59.89426906925836
16920,0,0,1,53.55556832278499,0,60.03521067486432
16921,0,0,0,73.90942860327371,0,65.11471379038983
16922,0,1,0,59.22406003168319,0,64.66355320573481
16923,1,1,1,35.78174714396474,1,60.96988874568288
16924,1,0,1,53.16128605870118,1,65.16295222656959
16925,1,0,1,43.18649074495568,1,61.53506729664333
16926,1,1,0,60.60561569142686,1,64.63697822108588
16927,1,1,0,49.0641305293281,1,62.68725498744192
16928,0,0,1,59.54063086202781,0,63.89133402800714
16929,0,0,0,35.30820058606156,0,60.07167140836319
16930,0,0,1,33.99407279664986,0,61.56076225281826
16931,0,1,1,35.55666176669619,0,58.23142016344259
16932,0,0,1,47.38212067318769,0,61.17052049321209
16933,1,1,0,67.99838157629102,1,67.35135346884238
16934,1,1,1,39.97961751677706,1,61.35438950445995
16935,0,1,0,62.81455516503713,0,66.51536593700443
16936,1,0,0,43.68992816114418,1,62.45681016339264
16937,0,0,1,48.10803482513658,0,56.50362356990529
16938,0,0,0,53.36786438276373,0,63.9396442474497
16939,0,0,1,58.58683377714132,0,62.13643251636199
16940,0,1,0,52.59074210981864,0,62.22299790428226
16941,0,1,1,65.09041205908602,0,64.06605031148455
16942,1,1,1,44.241220997635,1,61.27828555200786
16943,0,1,0,41.90539747946274,0,61.10078664825353
16944,1,1,1,28.30006834355377,1,61.43517457440491
16945,1,0,0,59.76936713558766,1,61.97941209151521
16946,1,0,1,57.40531937852744,1,67.96096692616271
16947,0,1,1,44.52168742020267,0,56.98740255671925
16948,0,1,1,54.69472707777508,0,60.47547794492656
16949,1,0,0,48.74596458593861,1,63.43497987316491
16950,0,1,0,47.9483257070747,0,64.401705914179
16951,0,0,1,40.88572253722321,0,59.39726335067242
16952,1,0,1,40.8351253559991,1,63.66671528038763
16953,0,1,0,49.81555408568718,0,63.6860845886582
16954,0,1,0,47.12670201402373,0,62.65214737501783
16955,1,1,1,44.84778343302829,0,59.60223124361168
16956,0,0,1,50.43091992603627,0,62.12790709595566
16957,0,1,0,44.10875661894005,1,61.54419105186064
16958,1,0,1,40.58849065459074,1,60.00200555275615
16959,1,0,0,47.75809634936481,1,59.98247398618198
16960,0,1,1,69.32153333057038,0,64.88752613732707
16961,1,1,0,61.66591050909999,1,65.27759687980958
16962,1,0,0,48.28635311421006,1,65.70008373729345
16963,0,0,0,59.05293422002315,0,63.72552093223898
16964,0,1,1,58.64543364048788,0,61.85114022187011
16965,1,1,0,46.6113751731787,1,61.80723066553749
16966,0,1,0,36.24786330879675,0,61.33395072440568
16967,1,1,1,36.0888765656598,1,58.7981349241816
16968,1,1,0,59.70861900806165,1,64.61958366607303
16969,0,0,1,31.05717716674085,1,54.0345515680527
16970,1,0,0,43.52844167846163,0,61.93074271855954
16971,0,1,0,46.76392469963302,0,61.93000600829446
16972,0,0,0,61.09990227471351,1,64.45882491571
16973,0,1,0,62.34426872869957,1,63.38436495638704
16974,1,1,0,64.66588951409376,1,67.68212880004064
16975,0,0,1,41.40766117322553,1,60.17485759129385
16976,1,1,0,56.31820951447592,1,62.43879591148734
16977,1,0,1,46.57747383317104,1,61.31215092437442
16978,1,0,1,53.43147307950579,0,59.79929834776626
16979,1,0,0,38.36068984772914,0,62.29133417756442
16980,1,1,1,44.44780267403651,0,58.94904718658475
16981,1,0,0,72.98502889992247,1,67.93789945701981
16982,1,0,1,52.33235897942355,1,63.22912938559209
16983,1,0,0,39.22669348665556,0,60.87343028678389
16984,0,1,1,46.45839619858847,0,60.30020239214055
16985,1,0,1,41.31875666756487,1,63.59603640889956
16986,1,1,0,51.71031083049115,1,64.7284844702519
16987,0,0,1,42.29892572237341,0,60.61097960378083
16988,1,0,0,25.26095724595785,1,63.56331004036328
16989,0,0,1,57.35437505503211,0,59.7891133379932
16990,1,1,1,53.63321026439347,1,61.04204390190007
16991,0,0,1,31.34884307727998,0,57.44172642093908
16992,1,0,1,46.215344502286,1,65.02449865456975
16993,0,0,0,73.00086310206596,0,67.95168483735291
16994,0,0,0,45.78040801888385,0,63.42132467428922
16995,0,1,1,32.12804217231834,1,63.12720917491811
16996,1,0,0,50.00151883973508,1,61.96669269176137
16997,0,1,0,37.75907279619469,0,60.55191819053211
16998,0,0,1,45.84444050533369,0,57.77032242139897
16999,1,0,0,35.22808406095903,0,57.21454111103078
17000,0,1,1,35.70674739858003,0,61.63094963744139
17001,0,0,0,50.9265527581099,0,61.25667290580319
17002,1,1,0,49.98124807150881,1,66.22631163934294
17003,1,0,0,53.40650319608712,1,64.54940571704481
17004,0,1,0,31.73918011316256,0,56.83887970763478
17005,1,1,0,34.07918343045301,1,59.21518964263998
17006,0,1,0,49.00089118036783,0,63.11083961952426
17007,0,1,0,56.83367309775826,0,62.00565257322405
17008,1,0,1,29.28323555290531,1,56.91952206705754
17009,1,0,0,51.13047298083702,1,61.50877097128149
17010,1,0,1,55.98186257747699,0,60.96589305595472
17011,1,0,0,53.51526814372752,0,61.87578891831707
17012,1,1,0,57.68966498775325,0,63.69863039450743
17013,0,0,0,41.63244580823086,1,59.11062921340021
17014,0,0,1,49.96732168425049,1,58.15511535336492
17015,0,1,1,57.02389563357396,0,63.158899533214
17016,1,1,1,48.7714935058254,1,60.54332724903308
17017,0,1,1,47.33687628012022,0,60.56900647433057
17018,1,0,0,41.82343972616602,0,59.91674012361123
17019,1,0,0,57.4594339190426,1,64.10568292449595
17020,0,0,0,40.62981698497328,0,61.09008689160635
17021,1,0,1,43.6920515347927,1,59.14779962866094
17022,1,0,0,59.86984069019172,1,63.23943350419225
17023,0,0,1,63.03769322257106,0,63.39815570543606
17024,1,0,1,45.48490838801064,1,64.40017563716233
17025,0,1,0,46.04214388421052,1,64.09521941768385
17026,1,1,0,21.91439719335138,1,61.6268407608267
17027,1,0,1,36.83546034003621,1,63.72546587165511
17028,0,1,0,41.35018009245881,0,62.64405188775343
17029,0,0,1,51.74592358036978,0,61.00343184675542
17030,0,0,0,57.09890581860787,0,61.95689382423161
17031,1,0,1,55.19130425653099,1,63.87898597139816
17032,0,0,1,41.45295664390773,0,57.17617172720735
17033,1,0,0,46.72493000799444,0,59.57612066495144
17034,1,1,1,72.16373263563912,1,66.11504483960846
17035,0,0,0,51.82551072818482,0,63.559237365903
17036,0,1,1,72.47413744285268,0,64.17154750924622
17037,1,0,0,42.96711613133847,0,61.84636267752817
17038,0,1,1,44.03718170578562,0,63.25140458415655
17039,0,1,0,55.86170741714761,0,61.67714006604012
17040,0,0,0,51.56123638658334,0,63.90921721277517
17041,1,0,0,57.94893237371146,1,63.25050265287748
17042,1,1,0,56.58000429708103,1,61.10463210417855
17043,0,0,1,67.32925803597283,0,62.76126195817692
17044,0,1,1,49.34395330601868,1,63.33753761087197
17045,1,1,0,36.82432361435572,1,62.31956218036436
17046,1,1,1,63.47711395036643,1,61.63640242180202
17047,0,0,1,50.72604845665833,0,59.45380292492104
17048,0,1,1,56.48707143399617,0,61.55954518755731
17049,0,1,1,48.37002146764895,1,60.59893425214874
17050,1,1,0,53.43167921123828,0,63.09649460300102
17051,0,0,0,49.72894845973366,0,61.78196442982716
17052,0,1,0,30.93967502713159,0,58.69012169884026
17053,0,0,1,44.52748594238487,0,59.65195895291595
17054,0,1,0,60.01871716154352,0,61.60117643141916
17055,0,0,0,68.7200555791604,0,64.38514120087962
17056,0,0,1,49.2874883654926,0,59.39461757433379
17057,0,1,1,54.75456242950465,0,61.49489723878799
17058,1,1,1,46.45047757022108,1,59.07104815740816
17059,1,0,1,33.07253027094549,0,62.51218793517955
17060,1,0,0,46.18044372047873,1,61.09955784498497
17061,0,1,0,70.10423392486756,0,67.93260109375892
17062,0,1,1,52.70569398368937,0,59.80764314816926
17063,1,0,1,42.73665233954944,0,61.1702978914257
17064,1,1,1,43.117819048659,0,59.81503205678261
17065,1,0,0,51.421504638954,1,66.49354536811981
17066,1,1,1,43.28590999969279,1,61.07013330817092
17067,0,1,0,48.19315856425321,0,65.00157840243523
17068,1,1,0,65.45016948971677,0,65.28828058793951
17069,1,1,1,64.08637625143183,0,64.81782975277513
17070,1,1,1,35.19504011726458,1,60.1994625882724
17071,0,1,0,53.33984784862623,0,64.72434422763767
17072,0,0,0,49.37341365739665,0,63.71790578197744
17073,1,0,0,29.5330526532132,0,61.12462382018516
17074,0,1,1,43.60135431439753,0,58.76192346168756
17075,0,1,1,59.20785987874237,0,60.43186222878893
17076,0,0,1,49.50097245077836,1,59.36603399022354
17077,0,0,0,47.52809163036618,0,62.74464328048874
17078,0,0,1,33.9590732876914,0,60.06635505328638
17079,0,0,0,47.25395746011356,0,62.75021644406527
17080,0,0,0,51.21832932157837,0,64.5993073622253
17081,1,0,0,37.15143116717194,1,63.00474584877675
17082,1,0,0,71.43966082977261,1,61.18111916808058
17083,1,0,0,49.95566426125374,1,63.92221013702829
17084,1,0,0,38.84937673522634,1,65.51212861795689
17085,1,1,1,33.05212383158153,1,56.98917663906953
17086,1,1,1,47.46771300350494,1,62.88700881677685
17087,1,0,1,33.65618471167444,1,59.49313873522065
17088,0,0,0,49.05196299106787,0,62.65401458585018
17089,0,1,0,50.81193128875118,0,61.84812867736495
17090,0,1,0,52.44513781527768,0,63.789850893947
17091,1,0,0,57.46485427942651,0,64.71186571788779
17092,0,0,1,63.11821911280256,1,62.00670861371399
17093,0,0,1,57.26538950789723,0,60.54346976075322
17094,1,1,0,29.18341577351705,1,58.47716928294219
17095,1,0,1,68.20655789683498,1,64.0235840289818
17096,1,0,1,26.80173643951731,1,59.6721769363784
17097,0,0,1,52.68524802623146,0,58.55068944901398
17098,0,1,0,63.7150031069387,0,66.36891659275719
17099,1,1,1,35.9950975350523,0,59.89025681216879
17100,1,0,0,44.80939534168714,0,59.93914366931365
17101,1,1,0,61.10116792705181,1,62.75542060800394
17102,1,0,0,55.88291650770396,0,62.97455248543412
17103,1,0,1,39.11945303371837,1,60.432539029091
17104,0,0,1,40.96942455774024,1,58.74285392247714
17105,0,0,0,54.95463585176854,0,61.83174279135905
17106,0,0,1,44.40386479564872,1,58.90581630982025
17107,0,1,1,45.38012826337346,0,63.02166369493695
17108,1,1,1,48.4665230972113,1,63.5354135787565
17109,0,1,1,55.41451571554854,1,61.98928130870169
17110,1,0,0,61.76169120330222,1,66.7498127768343
17111,1,1,1,32.99460443756787,0,56.49210676174111
17112,0,1,1,51.1304321069253,0,61.75659547157426
17113,1,1,1,44.49066560841113,1,62.33440540082695
17114,1,0,0,39.82815136034717,0,62.4188954290706
17115,1,0,1,45.73031013721506,1,63.3877630683133
17116,0,0,1,54.65147676819882,0,62.48711982293921
17117,0,0,0,39.36916425472832,0,61.91529291757757
17118,0,1,0,77.92930280191673,0,66.64426164011421
17119,1,0,1,58.4541455642305,1,65.13275964768471
17120,1,0,1,54.60301614167447,1,65.19469955620723
17121,0,1,1,58.65869740149306,0,63.72751456603151
17122,1,1,1,39.37941602452416,0,59.08780422957512
17123,1,1,1,57.17098374647186,1,62.69322272081226
17124,1,1,1,39.27583089475329,0,61.45284683538444
17125,0,0,1,39.93367816712145,0,59.12896256306509
17126,0,0,0,38.14954208861396,0,59.02321443244006
17127,1,0,0,52.02240725777634,1,64.55108871198757
17128,1,1,1,49.10559705263966,0,61.76170420683952
17129,0,0,0,35.82870876505829,0,57.51156384680624
17130,0,1,0,51.96834618677273,0,62.25849933730761
17131,0,0,1,48.18009518643008,0,60.42037195060469
17132,1,1,1,50.19500142540234,1,60.36328647833433
17133,1,1,1,28.57198378431646,1,60.1125443479155
17134,1,0,1,55.41773488481601,1,62.90969611661529
17135,1,0,0,45.11998220287271,1,63.800811515332
17136,1,0,1,54.99944174934155,1,59.61311800320195
17137,1,0,1,37.44627508238098,1,63.96134986106988
17138,0,1,0,56.38023504668452,1,64.30946883580793
17139,1,0,0,67.71624990140404,1,63.59017675169466
17140,0,1,0,53.57560607616914,1,63.79595298733734
17141,0,1,0,58.05340224138332,1,65.54072438960344
17142,0,1,1,51.29737326472181,1,62.71259123492464
17143,1,1,1,65.44310926185734,1,66.18385556653453
17144,0,1,1,45.97316165793447,0,59.21316632951517
17145,1,1,0,27.97604641672948,1,60.64887445261834
17146,1,0,1,48.91324791625804,0,58.26027952409358
17147,0,0,0,53.95836437922009,1,62.73536960433152
17148,1,0,1,48.56627993072682,0,59.13391243840983
17149,1,1,0,56.55960116005152,0,64.83075172767192
17150,1,1,0,44.03124742652378,1,60.2324455288118
17151,1,0,1,60.12169186150572,1,62.3137969620869
17152,0,0,0,57.83035774128494,0,63.09974705373614
17153,1,1,0,32.60656665684087,1,59.27486867785208
17154,1,1,1,43.87781911327623,1,64.5357614906349
17155,0,1,1,40.47532474608987,0,62.52721613619068
17156,0,1,0,62.17170673561719,1,64.99465122245222
17157,1,1,0,44.38456496392197,0,60.92380603736252
17158,1,1,0,46.04034956081971,1,61.52700846485858
17159,0,1,1,33.7305595827099,0,58.83608370658372
17160,1,1,1,39.8482031964244,1,61.04921086930477
17161,0,0,1,37.63649110573014,0,61.80698171314238
17162,1,1,1,36.50648930257914,1,62.28409811804716
17163,0,1,1,38.03711723747308,0,57.37225660411073
17164,0,1,0,47.61088325859323,1,63.63269284275189
17165,1,0,1,36.50509986338706,1,61.74401290827815
17166,1,0,1,37.9658267515489,1,61.22516845847865
17167,1,0,1,38.04288330871158,0,61.49788336408744
17168,1,0,1,36.98943185856216,1,60.27905917919087
17169,0,1,0,61.70373227417682,0,67.4020565136138
17170,1,1,1,48.1083242916358,0,61.61394160380252
17171,1,0,1,50.91315305823466,1,62.91004697802307
17172,0,1,1,46.51458212930324,0,58.41091123379748
17173,1,0,1,36.59654338318979,1,61.43476410430559
17174,1,1,1,67.86412092210048,1,64.70269573573795
17175,1,0,0,41.58858470756203,0,61.44604367843154
17176,1,0,1,32.72217205225483,1,58.06834613733312
17177,0,1,0,57.46434133629894,0,63.38981953330308
17178,0,1,0,64.66727377157601,0,63.44930030628865
17179,1,1,1,47.87965149707903,1,61.56918521675277
17180,0,1,0,37.42068027019968,0,60.69853611535772
17181,1,1,0,61.81811594854774,0,68.38829740601895
17182,1,1,1,39.50215806188079,1,60.3234617065539
17183,0,0,0,31.47870823982754,0,59.78043998289001
17184,1,1,0,52.00209967273152,1,61.39964033996932
17185,0,0,0,37.37995618180467,0,61.15595200092818
17186,0,0,0,49.35646622319467,0,63.5744540468946
17187,1,1,1,44.71112824610347,0,59.08075685725615
17188,0,0,0,52.1633414981432,0,64.58101053569962
17189,1,0,1,58.87814154485584,0,65.54204917529474
17190,0,0,1,39.72193143349271,0,62.70959403646665
17191,1,0,0,59.1999476551,1,67.62657353961465
17192,1,1,0,42.90861514110766,1,63.37568194875285
17193,1,1,0,40.11900331894084,1,62.57956174591687
17194,1,0,1,46.89612525603935,1,59.15545528355614
17195,1,0,0,51.96634530202893,1,64.17594063051354
17196,0,1,0,47.53588289500779,1,59.29494672877654
17197,1,1,0,41.16170519158947,1,61.31678991519606
17198,0,1,0,47.10664896253352,1,65.39703488589457
17199,0,0,0,44.23222931527116,1,60.96768477549972
17200,1,1,1,46.41340274232507,0,61.16174466642821
17201,1,0,1,54.45644924601194,0,62.96799073590351
17202,0,0,0,46.05264917648021,0,59.55194120806811
17203,1,0,0,45.82579219907401,1,66.00868270728189
17204,0,1,0,48.2161164172871,1,64.52330971275154
17205,1,1,1,45.84547137360973,1,61.44337519232752
17206,0,0,0,42.22717716015073,0,63.40173618709247
17207,1,0,0,59.89089930028643,0,63.39616056023365
17208,0,1,0,38.83493156855126,0,62.8664656404666
17209,1,1,1,29.19085290734799,1,57.55136340635203
17210,1,0,0,41.67959258275758,1,58.5998343545191
17211,1,0,1,35.44893938146286,1,66.36659889190172
17212,1,1,0,53.33004573794808,1,65.06310724867501
17213,1,1,0,48.79331119431119,0,61.58059993262049
17214,0,1,1,48.64890302376615,0,60.39879333593888
17215,0,1,0,45.41858588402516,0,63.82414453051781
17216,0,0,1,44.77473009745731,0,59.7068266817503
17217,0,1,1,38.63039138736482,0,62.05871810129653
17218,0,0,1,24.13461872685174,0,57.90674563408922
17219,0,1,0,48.61605380774914,0,63.05821089144299
17220,0,0,1,39.30874093327967,0,61.56603363021966
17221,1,0,0,36.17397629627456,1,63.25888197257036
17222,0,0,1,49.1844959172662,0,59.12711536758962
17223,1,1,1,47.5008835322348,1,62.52042469332495
17224,0,0,0,55.83628684095735,0,63.15970943221308
17225,1,0,0,62.46924641059017,1,63.26669731471974
17226,1,1,0,74.02125044573677,1,67.10794852588204
17227,1,1,0,54.81003330850034,0,66.04965247545508
17228,0,1,0,57.02759543611553,0,65.21007901333572
17229,0,1,1,44.292102512385,0,61.72249483865355
17230,0,0,0,46.15327307583601,1,64.88075436371389
17231,0,0,0,43.23441669863322,0,62.8394835518549
17232,1,1,0,44.44255316027552,0,62.18105906383214
17233,0,0,0,55.08146469357296,0,59.25605325420634
17234,0,1,1,47.94517002435089,0,60.06654453819385
17235,1,1,1,41.78456242874771,1,61.32620475893955
17236,0,1,1,48.53737519823384,0,61.47999394650468
17237,0,1,1,44.7098322499364,0,59.39300881489816
17238,0,0,1,32.54865151726399,0,60.65898237782659
17239,0,0,0,44.12292655010126,0,60.92669806440992
17240,1,1,1,47.7147691468979,1,62.23843211080724
17241,0,1,1,62.09799948169795,0,64.14995234699987
17242,1,0,0,40.99145772940206,1,63.96646965950347
17243,0,0,0,39.42776942269768,0,60.59550279082399
17244,1,1,1,51.46242751944816,1,61.7155658461346
17245,1,1,0,64.83831970264646,1,67.42471636537202
17246,1,0,0,44.51863665002779,1,65.56182860591065
17247,1,0,1,60.31127514745325,1,61.97266362265967
17248,1,1,1,70.13991196702403,1,65.72819673550323
17249,0,1,1,33.33386740357278,0,62.16718939854744
17250,0,0,1,54.0473355187837,0,60.44308521943202
17251,0,0,1,51.45669677953288,0,58.44954669472289
17252,0,1,1,49.32058389567986,0,62.08355724731536
17253,1,1,1,46.26023143460109,0,62.60553482889625
17254,1,0,0,28.43364267607656,0,60.64034520533626
17255,0,0,0,32.06822671300044,0,58.31810666338569
17256,0,0,1,59.4343733142107,1,63.22269383980642
17257,1,0,1,55.68131802679773,1,66.11937243392661
17258,0,1,1,47.66634676210247,0,57.29745462234807
17259,0,0,1,60.12529937932526,0,63.16857800371774
17260,1,1,0,45.95228547239511,1,65.0816502350886
17261,1,1,0,57.64650066271996,0,61.09454034557236
17262,1,1,1,52.03196104046012,1,63.30767524621671
17263,0,0,1,45.78204828755622,0,59.72925633024222
17264,0,0,1,52.9336895572465,1,62.31892224174992
17265,1,0,1,59.86523295747013,1,63.18009755313042
17266,0,1,1,46.04487874319902,0,61.91643976917545
17267,0,1,1,67.61988423197622,1,62.02520278928644
17268,1,0,1,53.86425073038824,1,64.7267870248802
17269,0,0,0,50.68936121743051,1,62.77460011434218
17270,1,1,1,38.38158405358207,1,62.33692483380643
17271,1,1,0,47.96844789949584,1,63.10799776855269
17272,1,1,1,78.65439941668569,1,65.03757615065074
17273,1,1,0,55.48464449126206,1,63.99839052953652
17274,0,0,0,35.01975233593348,0,60.48960102221892
17275,0,1,1,40.89224570981806,0,60.44046131448115
17276,0,0,1,37.7861832430226,0,58.60894358287032
17277,0,1,0,46.0228819925688,0,62.21066818251479
17278,1,1,0,25.05839860574458,1,63.43019461107034
17279,1,0,1,43.15078378784543,1,58.40212983717864
17280,0,0,1,44.87856793454584,0,61.46414054372359
17281,0,1,1,43.89747974713283,0,61.11246130636687
17282,1,1,1,33.05592227626951,1,62.55430864592007
17283,1,1,1,35.76016293494029,1,59.78432811862854
17284,1,1,0,76.25606530535305,1,68.74115629018395
17285,1,0,1,52.42892345366742,1,63.22366294134383
17286,0,1,0,61.99303368755421,0,67.72608638086143
17287,1,1,1,40.5441837305861,1,62.03402679516562
17288,0,0,0,44.67589226984521,0,63.81615097929435
17289,1,1,1,56.22016706274248,1,61.54460017313333
17290,0,0,0,55.61713305370594,0,67.73392707975448
17291,1,0,1,48.24454488343223,0,63.85233082254069
17292,0,1,0,39.82475912683282,1,61.02889291400012
17293,0,1,0,55.6192869057027,1,65.00960023012772
17294,1,0,0,42.13621858667659,1,59.16675957441611
17295,1,1,1,44.56579913987201,1,60.85005824268414
17296,0,0,1,57.73601580808769,0,61.22708958818232
17297,0,0,1,51.85286248240208,0,64.32185678561684
17298,1,0,1,36.64015644801268,1,58.60897898286013
17299,1,1,0,52.27461582192787,1,64.04137019236916
17300,0,0,1,50.97657718331407,0,61.43918739192075
17301,0,0,0,43.09097523210731,0,60.60417816415352
17302,1,1,0,47.91947445486149,1,61.04670810876991
17303,0,1,1,46.52098498456934,0,59.36303402970594
17304,1,0,1,45.64430816955078,1,63.06903832383549
17305,0,1,1,51.31255876956179,1,58.56472388996706
17306,1,0,0,39.85179223800226,1,59.83714125737831
17307,1,1,1,51.17392028817213,1,63.40880793805049
17308,1,1,1,67.77122098546404,1,61.72647217052414
17309,0,0,0,38.79764381467582,0,61.24836667292498
17310,1,1,1,55.06837887709733,1,61.84401327817302
17311,1,1,1,42.71607520358707,1,61.19521459869237
17312,1,0,0,48.73556650897025,1,63.5652617797577
17313,0,1,0,45.70302317483213,1,63.15561764202734
17314,0,1,1,46.26082319452003,0,62.36592300983472
17315,1,0,1,34.68976400620253,1,58.58408811744059
17316,1,1,0,44.57404689390167,1,62.42621902200728
17317,1,1,0,56.6072303565235,1,64.44089462215929
17318,0,0,1,39.2477213397673,0,59.52445443220195
17319,1,1,0,63.23817922132617,1,68.07887574918733
17320,1,0,0,49.70394125407274,1,65.10080491927218
17321,0,1,1,38.91515995315517,0,65.18472173579123
17322,1,1,0,55.927836654739,0,62.29865561739117
17323,1,0,0,36.93688823252607,1,61.87148963251212
17324,0,1,1,42.06045234555424,0,58.55866150415621
17325,0,1,1,38.30549117777775,0,58.66418499524674
17326,1,0,0,57.7560285247149,1,63.64644318949178
17327,1,0,0,53.68844197882621,0,63.88018560454064
17328,0,1,1,43.02661955491397,0,60.6696497418573
17329,1,1,0,41.16817637996687,1,64.6016411757806
17330,1,0,1,42.75868956298886,0,58.49326035251634
17331,0,1,1,48.61987361123551,0,61.11263695854741
17332,0,0,1,50.39031724916874,0,60.40424560671684
17333,0,1,0,65.89125296799673,1,64.41496126614311
17334,0,1,0,42.33374888152187,0,61.69152757046112
17335,0,1,0,57.92733183343957,1,63.5344516184872
17336,0,0,0,55.45271364668575,1,63.56588121720577
17337,1,1,0,70.45975563137557,1,64.97856368090385
17338,1,0,0,63.4504643350898,1,65.52551113917784
17339,0,0,0,50.34136892546741,0,63.9408980464016
17340,0,1,1,43.9875689042152,0,61.05955088111931
17341,0,1,0,43.52843389111836,0,63.59011076693749
17342,0,0,1,29.8678875441853,0,57.80615041393938
17343,0,1,0,47.59941998295553,1,63.81375240999026
17344,1,1,1,54.56673511780942,1,59.28279886872531
17345,1,1,0,37.02438726598618,1,62.65164472261767
17346,0,1,1,61.59742760728665,0,62.45825531304515
17347,0,0,0,49.2702127223129,1,64.10006701260399
17348,1,0,0,40.69785073620924,0,59.68392382164387
17349,1,0,1,63.84955623677865,1,68.97192949010162
17350,1,0,1,54.42441783775247,1,64.3559510178829
17351,1,0,1,49.24822754936599,1,62.74498932682205
17352,1,1,0,51.83754232599217,1,64.43248867310903
17353,0,0,0,65.43246509654529,0,65.08757576726627
17354,1,0,0,51.62769330724984,0,65.56941034922762
17355,0,1,0,42.23247141830542,0,61.86863284484179
17356,0,1,1,50.7406938833897,1,62.13268756095979
17357,1,1,1,52.47624016254057,1,62.24629981995471
17358,1,0,1,34.13673411030532,1,60.94028396781387
17359,1,1,0,31.86038048180821,1,58.64827419554003
17360,0,1,0,52.05231525862306,0,64.11930374525106
17361,1,0,0,59.41852708909787,1,64.10387456892678
17362,1,1,0,51.91169207952874,1,63.8442944485639
17363,1,1,1,44.17145310316381,1,63.92964406443265
17364,0,1,0,26.25125459883452,0,58.3442091725444
17365,1,0,0,53.33589048471817,1,67.39425858566831
17366,1,1,0,49.2364474953862,1,63.83326059685291
17367,0,1,1,62.0637843480562,0,65.10924970133379
17368,1,0,0,51.20773711451922,1,64.31822991244069
17369,1,1,0,65.35232804043042,1,67.32786873857697
17370,0,0,1,49.50719039639232,1,62.13831712787768
17371,1,0,0,54.59616536508884,0,61.198262967331
17372,1,0,0,46.44591361102695,1,59.39568595374366
17373,1,0,0,59.57297735209079,1,63.66005327965431
17374,0,1,1,45.7907611049331,0,60.55955113716878
17375,1,0,0,35.50985046576911,1,62.57383897946531
17376,1,1,1,79.52289558528008,1,64.98327744899024
17377,1,1,1,39.42150004127654,1,60.23005265457464
17378,0,1,0,43.4840752052605,0,60.62366908909072
17379,0,0,1,32.276561471353,0,57.80993654895357
17380,0,1,0,72.70684462820121,1,67.13481916678866
17381,0,0,1,47.24324551840729,1,61.88035298167829
17382,0,0,1,48.62775205006493,0,62.98783374516807
17383,0,1,1,54.01381273792749,0,62.14494097880219
17384,1,0,1,45.2414542353235,1,59.51973172201323
17385,0,1,1,46.6358598119859,0,65.56534258939111
17386,0,1,1,49.70740097022864,0,60.01577014211071
17387,1,0,1,51.88475705772751,1,62.21151367958041
17388,1,1,1,61.45744239649567,1,65.186531288745
17389,1,0,0,53.38306050533762,1,65.5713626356323
17390,0,0,0,58.49645165387261,0,64.8403592389011
17391,0,0,1,59.35787089033515,0,63.2247259553589
17392,0,0,1,51.32441580003874,0,61.26254534811428
17393,1,0,0,53.81691129169935,1,62.17844752105389
17394,0,0,1,24.03250492783059,0,58.25557062667414
17395,1,0,0,56.23931082616164,1,61.72385835746511
17396,1,1,1,39.44809759099571,0,58.33460671986024
17397,0,1,0,47.50272072151235,0,65.13117412430368
17398,1,1,0,46.38493857987952,1,60.51373097855942
17399,0,1,0,61.69181344073024,0,66.56660253184951
17400,1,1,1,44.93721514317158,1,59.49543393803712
17401,1,1,1,38.54143541055586,1,59.62120527075499
17402,1,0,1,55.96136540524166,0,60.95153447009044
17403,1,1,1,40.06692603395903,0,58.68006331844998
17404,1,1,0,56.19635628323273,0,62.87556437978093
17405,1,1,0,35.16847703443877,1,60.67026482565586
17406,0,0,0,25.90131023765023,0,57.38042224201961
17407,0,0,1,38.3613617589928,1,58.58165651151612
17408,1,0,1,44.13893592936378,1,62.15251445718937
17409,1,0,0,59.6213633555122,1,65.19880719794443
17410,1,0,1,54.66606643096544,0,60.66952013323584
17411,1,1,0,62.48369578931651,1,67.09682899173369
17412,1,0,1,40.212630106421,1,58.28639458568998
17413,1,0,1,31.8792683163943,1,60.73473992414276
17414,1,1,1,34.72032943021905,0,57.37982539982262
17415,1,1,0,58.38019488116259,1,62.50323873893532
17416,1,1,1,45.397554080981,1,63.85728975319471
17417,0,1,0,58.82490558186876,1,66.67397924444202
17418,1,0,0,50.05294952749441,0,65.29488598185124
17419,0,1,0,47.93634272002394,0,63.29680396217901
17420,1,1,1,40.60756031212547,0,61.11198775199028
17421,0,0,1,49.16141709243649,0,58.87564705750424
17422,1,1,1,49.46722257630434,1,61.32993275698323
17423,0,1,1,50.93000956633128,0,57.72995833817973
17424,1,1,1,44.16863381448949,1,59.80164058184366
17425,0,0,0,57.13964777756977,0,63.20049602768979
17426,0,0,1,52.1174682912524,1,61.23353679283935
17427,0,0,1,53.25773301839298,0,59.43363572035601
17428,1,0,0,45.97816061770809,1,59.06071681711537
17429,1,0,0,55.69826498168342,1,63.43266085975659
17430,1,1,0,53.60498438502163,1,66.07175514296476
17431,0,0,0,47.43998822769235,0,61.54002134829164
17432,1,1,0,43.83895682250173,1,63.87332450033153
17433,0,1,1,55.70738340240192,0,64.54204632995157
17434,0,1,1,45.38582660295469,0,63.10731425704908
17435,0,1,0,67.0942806001261,0,66.05461377437744
17436,0,1,1,42.44666977990347,0,63.58119579355781
17437,0,0,1,46.860891608209,0,62.18228152464059
17438,1,1,0,65.76546436613097,1,67.45981629936199
17439,1,1,0,43.01853530443833,1,62.85387411787453
17440,0,0,1,37.1918269402777,0,61.14963867971017
17441,0,1,0,41.79052042405721,1,63.9726304399347
17442,0,0,1,43.99039252869311,0,62.17154796675913
17443,1,1,0,45.03426196497424,0,59.78288750195112
17444,1,1,1,30.5650511418092,1,61.51034836599479
17445,1,0,1,50.79320025169139,1,61.52272671088723
17446,0,0,0,35.55857110575393,0,60.83957955443392
17447,1,1,0,65.17644252680519,1,65.51423570516639
17448,0,1,1,48.9938816118751,1,65.26054535665456
17449,1,0,1,52.96790175741535,1,65.28611168350126
17450,1,1,0,31.30893785900349,1,61.20470695699145
17451,1,0,0,53.73353473039414,1,61.26383070441879
17452,0,1,0,61.2502646197233,0,65.27159765035795
17453,1,0,1,40.18150844001971,0,58.68497603699826
17454,1,0,1,34.02284874873148,1,59.8492419769021
17455,0,0,1,54.51003145058401,0,58.80880317709119
17456,0,1,0,51.60439232103979,0,59.75570718378874
17457,1,0,1,44.72715250879929,1,58.19396914403665
17458,0,0,1,52.85678651445362,0,60.53739740083825
17459,1,0,0,43.74929676290199,1,58.96522185120063
17460,1,0,1,44.98517132851177,1,59.56651109458328
17461,0,1,0,49.46169370819555,1,63.60694026838439
17462,1,1,0,53.42765885174796,0,67.20380553654668
17463,0,1,1,47.6651623799594,0,62.46978579076536
17464,0,0,0,51.18896643603846,0,61.68590386998901
17465,0,1,0,38.79238928134905,0,61.10432514692956
17466,1,0,0,47.18062682490211,1,62.77064512856306
17467,0,1,0,40.13872824424885,0,60.16287813429138
17468,1,1,0,29.95801080354865,1,59.87020431153024
17469,1,1,0,27.33493081201638,1,62.26961248883522
17470,0,0,1,52.40568844943007,0,63.22319146102814
17471,0,1,0,56.51059118749387,0,63.29619081309023
17472,0,0,0,25.5607786313095,0,55.1633471417973
17473,0,1,1,51.43926414936505,0,63.00504845779026
17474,0,1,0,58.0284869820603,0,63.74691471903764
17475,0,1,0,70.67256949899482,1,67.63640705158197
17476,0,1,1,61.68932497943089,0,60.9032472174603
17477,1,1,1,43.64396732558413,0,61.23648291920103
17478,1,0,0,41.94388051769829,0,62.23131776281367
17479,1,1,0,55.48346219502963,1,63.23106251881816
17480,0,1,0,55.65823496645702,0,64.28772657375745
17481,1,1,0,59.20646264092778,1,64.29766473624244
17482,1,0,0,73.71745483935706,0,66.44504997061475
17483,0,1,1,43.52558871016464,0,60.21443061299498
17484,1,1,1,44.73922010463632,1,58.81832842685404
17485,0,0,0,61.69356801037839,1,64.47107867471418
17486,0,1,1,41.78222821781075,0,57.47440328044051
17487,1,1,1,56.06701228889888,1,65.31292499631219
17488,1,1,1,37.86036109106171,1,60.58045343884682
17489,1,0,0,38.18187863774968,1,61.15722864336144
17490,1,1,1,64.16925456567262,1,66.62432464798454
17491,0,1,1,49.485420917897,0,60.74617202606376
17492,0,1,0,49.70178536216824,0,61.10001444181595
17493,1,0,1,37.01779819237706,1,61.53684637491178
17494,0,1,0,42.05823911944735,0,62.57333860328323
17495,0,0,0,49.24556778658108,0,60.26425043302872
17496,0,1,1,38.52482077679679,0,60.17469342406668
17497,1,1,0,59.60405372049375,1,65.07970343864292
17498,1,1,1,64.29941590674207,1,64.87305188640636
17499,0,1,0,58.37776646525521,0,63.48227208394209
17500,1,1,0,49.55737941323253,1,63.11424150296008
17501,1,1,0,35.34151697549311,1,60.61788551419452
17502,0,0,1,40.27953816192495,1,61.24219253293465
17503,1,1,0,45.55385047046252,1,63.95091644097361
17504,1,1,1,50.3799904665553,0,59.51944217499828
17505,1,0,0,41.76975494352116,1,60.66538972896517
17506,1,0,1,46.95663661187428,1,60.60655674676785
17507,0,1,0,49.17735898277124,0,63.60370800860771
17508,1,1,0,45.35775571635762,1,61.98390482187126
17509,0,1,0,60.61138742701959,0,64.36384936028969
17510,0,0,0,37.81696986822733,0,59.45652806800862
17511,0,0,0,41.62580412924746,0,64.94796674310567
17512,1,0,0,35.37316352776465,0,64.41087114336439
17513,1,0,1,48.59662301230568,1,61.92503209800766
17514,0,1,1,60.09398705087869,0,60.9611386553688
17515,0,0,0,35.10281979098016,0,60.9366958123388
17516,0,0,1,30.70435886491118,0,59.15585971052431
17517,1,0,0,54.31798211680172,1,64.33345055551474
17518,1,1,0,45.65339214656133,1,63.39737264397649
17519,0,1,0,61.71615901066907,0,65.60629974042206
17520,1,1,0,66.16696026976533,0,67.03265390847957
17521,1,1,1,39.31593517243142,1,62.37643004705789
17522,0,0,1,45.04798320977406,0,57.84503505310018
17523,0,0,0,49.48737071012558,0,58.67531425548206
17524,0,0,1,33.60925947795484,0,62.12472776229578
17525,0,1,1,21.39254581278733,0,55.80939407296552
17526,1,0,0,49.48800216147549,1,60.8940095484831
17527,1,0,1,21.44384791930757,1,58.52942743667649
17528,1,1,1,47.32983700906934,1,58.88520738154894
17529,0,0,0,65.26969638405347,0,68.45626656564863
17530,0,1,1,50.47554691471258,0,59.20791725216655
17531,0,1,1,45.73907182095626,0,58.91877565551134
17532,1,0,0,38.40569174291861,1,63.43110285859432
17533,1,1,0,44.9681513994669,1,64.21724563844458
17534,0,1,0,58.30006016373724,1,63.55033095964212
17535,1,0,0,67.88754040478393,0,68.54551856411413
17536,1,0,0,43.33337067847056,1,63.88494376835576
17537,1,1,0,42.48355224680657,0,60.90432633342666
17538,0,0,1,52.17902347283902,1,61.52569065234459
17539,1,0,0,43.49438325161064,0,61.7198278020234
17540,1,1,0,64.79778884420109,1,65.9398047392078
17541,1,0,1,55.99370968746652,1,61.10665989276702
17542,1,0,1,41.33742582147462,1,60.70952094452184
17543,1,1,1,53.0876240825563,0,62.07224753313649
17544,0,1,0,40.01806463165756,0,62.65378479187771
17545,1,0,1,45.04320767529962,0,61.45333685964631
17546,0,0,1,23.73958201224941,0,60.01864226483292
17547,1,0,1,32.9112033949649,0,57.96702355234781
17548,0,1,1,67.26399903740031,0,64.11178390127107
17549,0,0,1,53.88750803991364,1,63.27417129779259
17550,0,1,1,47.92396734835153,0,57.78614426103464
17551,1,1,1,31.58524752882008,1,63.46752860030784
17552,1,1,1,40.63897150363183,1,62.2453644173153
17553,0,0,0,51.04611520717111,0,61.07198421250946
17554,1,1,1,39.61702224444249,1,63.46656460556169
17555,1,1,1,51.02284941178088,1,61.83324651706359
17556,0,0,0,45.0524738089006,1,61.23405724899749
17557,0,0,0,57.36733795911211,0,64.05568891814922
17558,1,1,0,40.47350171220811,1,61.27663151115928
17559,0,0,1,52.25684236349093,0,59.59640736694644
17560,1,0,1,48.14827550493641,1,61.19527041334398
17561,0,1,0,54.85556485973009,0,61.92109983372026
17562,0,0,0,58.63281682727951,0,61.84591517900291
17563,1,0,0,55.75579912174425,1,62.48967561995255
17564,0,0,0,48.20827299871729,1,63.55791483638819
17565,0,1,1,37.17829293785566,0,57.18188545377431
17566,0,1,0,66.50551611654326,0,68.4434525962286
17567,0,1,1,35.6063671298196,0,60.30077763048214
17568,1,0,1,33.68909091229978,1,61.73502753648547
17569,1,0,0,50.42847683392461,1,63.49601762773446
17570,0,0,1,53.30326298288323,0,61.46588059176132
17571,0,1,1,32.78336789688167,1,62.14818237365319
17572,0,0,0,56.47209459807974,0,65.37232171572188
17573,1,0,1,33.50981133729447,1,60.97084695754985
17574,0,0,1,49.60042080793437,0,62.22216529125595
17575,0,1,0,45.29866171659285,1,62.72834605849015
17576,0,1,0,69.33702116366749,1,67.80891667052066
17577,1,1,1,50.19854317878772,1,58.89113797277133
17578,0,1,0,55.33158649685586,1,65.85828511586486
17579,0,1,1,54.11360698346873,0,61.94901560775645
17580,0,0,1,40.42376389804154,0,57.53125058517478
17581,1,0,0,48.40980775093151,1,63.21907009749342
17582,0,0,1,42.46920160434038,1,60.73357016004647
17583,0,0,0,64.71881818904873,0,63.5443493083846
17584,0,1,1,51.51042132096794,0,64.06133343974027
17585,1,0,1,60.40416707345177,1,63.33082876797769
17586,0,0,0,41.87782969909755,0,62.99412000604821
17587,0,0,1,52.23879222491919,0,62.33249815237284
17588,0,1,0,44.29543000828357,1,60.81884579753668
17589,1,1,1,51.72383492305084,1,63.67393602662447
17590,0,1,0,49.92744617363265,0,62.07993169540844
17591,0,1,0,58.00335258530501,0,66.15538055280682
17592,1,1,1,51.98814768244126,1,60.56667673852316
17593,0,1,0,57.63878244800507,0,64.58575361753471
17594,0,1,1,48.59449370287835,0,58.67836589493317
17595,0,0,0,61.6758187841746,1,66.65696088407176
17596,1,1,1,54.20755172731252,0,62.15544661550808
17597,1,1,0,47.2444267949918,1,62.61928531763625
17598,1,1,1,56.97065477347152,1,62.62208786299749
17599,0,0,0,61.11831864437259,0,64.92872157540874
17600,0,0,1,40.06056429557484,1,62.08876449109088
17601,0,1,0,31.89059076183861,0,59.2639494737732
17602,1,0,1,65.24477379928693,1,62.80386776870105
17603,1,0,0,40.77936752899768,1,60.55110422613662
17604,1,1,0,49.72542010782552,0,64.78441418867644
17605,1,0,1,48.58127960745203,0,63.13934190669042
17606,0,1,0,54.70272753611884,0,60.67860948388692
17607,0,0,1,16.65523135109066,1,53.61058179397848
17608,0,1,0,55.50663798985997,0,63.6188272248637
17609,1,1,1,47.52619631185321,1,60.40753919910885
17610,0,1,0,43.20322824657818,0,61.48374408913471
17611,0,0,1,43.54293231076733,0,60.63785404355316
17612,1,0,0,64.0877189981193,1,63.32346714391542
17613,1,0,1,53.22589020808927,1,63.53647174316761
17614,1,0,1,53.53697297860445,0,62.94734236130668
17615,1,1,0,49.93783475503561,1,64.86552180684251
17616,1,1,0,52.2970309333076,1,63.97604824247512
17617,1,1,1,41.22653453005451,1,62.77034638680905
17618,1,1,1,44.13618343017649,1,62.15037144665078
17619,1,0,0,51.54534315280354,1,62.74665964177594
17620,0,0,0,52.06110954597652,1,62.30546332096374
17621,0,1,0,74.06808699194056,1,66.04665629008674
17622,1,1,0,58.98771338142683,1,67.71464796045241
17623,0,1,0,57.94808658208337,1,64.42775599260592
17624,1,1,0,36.11819151410337,1,61.44033952129828
17625,1,0,0,49.39373409568453,1,64.64142283747672
17626,1,0,0,47.2588821937567,0,58.74506278574427
17627,1,0,1,40.283700511378,1,57.59973485752028
17628,1,1,1,30.34496274242379,1,57.9111149662658
17629,1,0,1,39.23935028542451,1,59.83963349011309
17630,1,1,0,41.3563325493039,1,63.37410430068073
17631,1,0,1,64.80118751549811,0,63.24006606775894
17632,1,1,0,56.49387042628906,1,65.90010269910933
17633,1,1,0,53.76027056782814,1,63.53596292153449
17634,1,1,0,57.66889201529624,0,64.92332982943908
17635,0,1,1,44.58749501076738,0,59.73209886361022
17636,0,1,0,40.3616039695006,0,62.54416316883004
17637,0,1,0,42.85677766819013,0,60.49740756659983
17638,0,1,1,42.94011695323723,0,60.50937248453713
17639,1,0,1,49.77011814886846,0,60.3310119706641
17640,0,0,1,51.76898937799718,0,61.29174924185984
17641,0,1,0,46.4309825211707,1,60.64116020574475
17642,1,0,1,46.46237122907278,0,59.3973923854961
17643,0,1,1,52.36645865760319,0,56.92775933417314
17644,0,1,1,50.66931869466856,1,62.41925072387252
17645,1,0,1,31.73047262455174,0,58.41235025655934
17646,0,0,0,57.51450559145702,0,63.49752046418732
17647,1,0,0,43.1135263864134,1,59.37053130859449
17648,1,1,0,47.59468095101675,0,63.20284700737045
17649,0,1,0,44.03906484688041,0,60.11254630937407
17650,1,0,0,43.87991505924476,0,61.43656621579942
17651,0,0,0,41.07747403095379,0,62.65819925819859
17652,0,1,1,56.63875432096136,1,63.70016085732978
17653,0,0,0,41.92338036845323,0,59.66933233027448
17654,1,1,1,49.50292339006285,0,59.0980905136763
17655,0,1,1,66.94009573426399,0,67.34925150872945
17656,1,0,1,38.25413797908188,0,59.49665355099585
17657,1,0,1,37.10740804641865,1,59.60592373122757
17658,0,0,0,50.49836681166043,1,64.91963238538277
17659,0,1,1,58.22752337666127,0,63.92139842566725
17660,1,0,0,66.85760727696682,0,66.61240288547333
17661,1,0,1,51.18089321618784,1,61.5145849218757
17662,1,1,1,39.47181125401369,1,61.85021154042002
17663,0,1,0,50.65914244691752,0,65.54436283148451
17664,0,0,0,34.07606100652501,0,61.36874732173309
17665,0,1,1,62.82284557274044,0,62.2816512115464
17666,1,1,0,40.09011614523762,1,62.85091086092527
17667,1,1,1,59.23094581651917,1,64.36210471421458
17668,0,0,1,59.77805473642988,0,61.40297601444784
17669,0,1,1,40.78575069031994,0,60.96079213243526
17670,0,0,1,57.48414615849376,0,60.59146576995262
17671,0,0,0,48.83149953168956,0,65.43332412712252
17672,0,0,1,43.05771448892255,0,57.45205520942244
17673,0,1,1,28.49923168886106,0,56.38117424116302
17674,0,0,1,43.83997121387639,0,63.44800452983266
17675,1,0,0,68.62704565925101,1,65.67915790827199
17676,1,0,0,40.33146777666279,1,62.01038059163649
17677,0,1,1,50.08171796706827,1,63.18944900004096
17678,1,0,1,22.74001407472645,1,57.09586983486535
17679,0,1,0,50.21190606223875,0,62.60936004967325
17680,0,1,1,54.71335576799074,0,58.07205503816886
17681,0,1,0,57.45670756823927,0,63.79367139412275
17682,1,1,1,54.91929488693619,0,60.51430244048643
17683,1,0,1,55.19429435284963,0,65.63566893394322
17684,1,0,0,41.9596294822622,0,61.84823499175056
17685,1,0,1,48.73870709315482,1,62.72159667958655
17686,0,1,0,52.60751434319278,1,63.0075951414071
17687,0,0,0,42.41954817444602,0,61.54618694726896
17688,0,1,1,29.93353526703717,1,55.0705487854858
17689,1,1,0,55.65419916697444,1,66.39446119322986
17690,0,0,1,39.61299490393,0,60.40577175484513
17691,0,1,0,54.91934550678346,0,64.25830816463744
17692,1,1,0,44.23443076596136,1,63.46811351585575
17693,1,1,0,37.20403454257342,0,62.67622505412534
17694,1,0,0,51.88770440336767,0,59.87096263264954
17695,0,1,0,55.60872834980882,1,62.42202098697672
17696,1,0,1,21.89811600083267,0,55.38261197676673
17697,0,1,0,51.60183181944036,0,61.20496534042873
17698,1,0,1,53.06037894689081,0,64.75527257789822
17699,1,0,0,66.19791200754119,0,65.84294490845451
17700,0,0,1,44.53225981937027,0,62.607024471054
17701,0,0,1,38.06565927318801,1,57.99600591891986
17702,0,0,1,48.84279484038711,1,62.23258820225502
17703,1,1,1,44.77631833535921,0,60.45445709939375
17704,0,1,1,54.57938768730894,0,60.66656835264919
17705,0,1,1,57.03369659771481,0,61.23613448067037
17706,0,1,0,55.12167604446376,0,62.07433169424365
17707,0,1,1,59.70227014994448,0,62.50187871592378
17708,0,1,0,59.15332355854572,0,66.04332053124838
17709,0,1,0,74.03950722430332,0,65.81046377076392
17710,1,0,1,48.12193635235901,0,61.06256757532934
17711,1,0,1,43.07704110199497,0,59.51108512284676
17712,1,1,0,56.81499322574118,1,66.5549524217585
17713,1,1,1,47.81801147772059,1,63.17542587727193
17714,0,1,1,47.84208788445368,0,61.24254148692535
17715,0,0,0,50.25323162564219,0,65.98434923535928
17716,0,1,1,53.34584787026302,0,63.26790388461708
17717,1,1,0,50.61701406891476,1,67.62230375776682
17718,1,0,0,54.82947595832574,0,64.86273545997058
17719,1,1,0,23.78023681308044,1,58.89405990592257
17720,0,1,0,52.67181013520349,0,64.30099717653542
17721,1,1,0,59.49765653977576,1,66.14798985777693
17722,1,1,0,47.37170013426016,1,63.73843366233413
17723,1,1,1,37.66735751993113,1,59.16147843392456
17724,0,1,0,61.85832717637323,1,62.09463155833102
17725,0,0,0,48.43746081374425,0,62.53215870464982
17726,0,0,1,31.76627318731006,1,61.68340698958438
17727,0,1,0,58.65124910532543,0,66.00109113088506
17728,1,1,0,61.69198194366921,1,64.52294542131206
17729,1,0,0,54.93535549286091,1,64.30324494959088
17730,0,0,0,47.96948564241227,1,58.90899668039525
17731,1,1,1,37.79454452540189,1,64.41465646459324
17732,1,1,1,55.48016742903513,0,61.12830226605078
17733,0,1,0,61.98142821462425,0,62.70572680085749
17734,1,1,0,77.87182732967885,1,70.77640907931047
17735,1,1,0,67.67869829055741,1,65.52057397520069
17736,1,0,0,66.00136041707141,1,66.38351999288544
17737,0,0,1,53.56187506509656,0,61.75135060674044
17738,1,1,0,70.43300335690834,1,69.87640046731534
17739,1,0,0,46.6296122382888,0,62.7482424289784
17740,1,0,0,57.10018056619216,1,62.77250698494163
17741,0,1,1,49.10610431341372,1,65.51130221892969
17742,1,0,1,43.6687744155052,1,59.20377897029422
17743,0,0,1,51.06062960697254,0,59.38422363973636
17744,1,1,0,55.15007033018802,1,64.07388068802464
17745,0,1,1,33.63080753492547,0,57.35225135784327
17746,0,0,0,48.81637600791711,0,61.42910714585417
17747,1,0,0,63.88576446222125,1,64.54330534074927
17748,1,1,1,53.35781166434818,1,61.92909382367196
17749,0,1,1,58.36120593669882,1,64.03080836863762
17750,0,0,1,55.08663072008054,0,61.35545391097214
17751,0,1,0,46.85092951627114,0,65.08188207093747
17752,0,0,0,55.51427605729813,0,63.17598157867068
17753,0,0,1,21.39607382273446,0,55.54301971146621
17754,0,1,0,57.78994140673788,1,64.15670101748859
17755,0,0,1,60.35651062094063,0,64.1506363336255
17756,0,1,0,50.07112243528448,0,64.4617376448217
17757,0,1,1,27.19009022461235,1,54.26875566392405
17758,0,0,0,59.28241278099943,0,65.43511407219052
17759,1,0,0,64.43799124555447,1,67.59394992605183
17760,0,0,0,45.80361574730126,0,60.99149333565361
17761,0,0,0,56.66717895659991,0,64.27606920229196
17762,1,1,1,53.94858985303027,1,62.41212555704858
17763,1,1,1,26.97982211729931,1,58.73068928168031
17764,1,0,0,52.06214109147311,1,62.64749295909461
17765,1,0,0,59.44865205304682,1,69.745888836067
17766,1,0,0,47.59785359237113,0,62.36889746207906
17767,0,0,1,37.71054412386516,0,59.35336104196361
17768,0,0,1,37.71151245533979,0,60.08245617457129
17769,0,0,0,52.04603725578801,0,65.06964354922506
17770,0,1,1,39.79727931167644,1,62.1196231421288
17771,1,0,0,53.42514188669864,0,61.41291659852522
17772,0,0,1,38.90516530618371,1,56.69413206093132
17773,1,1,0,49.17717062017102,1,64.56053453554618
17774,0,0,0,49.49507985410975,0,61.0785330747766
17775,0,0,1,42.55514020255662,0,59.28715838202393
17776,1,0,1,35.59446953346853,0,63.16767606061872
17777,1,0,1,51.02317096772105,1,64.27184278871792
17778,0,1,1,57.84011271439535,0,61.79939590425194
17779,1,1,0,63.89781186718239,0,64.31450148746178
17780,1,1,0,58.06606556215787,1,65.49119263920096
17781,0,0,0,41.35800609395159,1,61.71263391975391
17782,0,1,0,60.2344327150269,0,64.67372614679624
17783,1,1,1,15.33749316950632,1,58.09711887391249
17784,0,0,0,39.10421905659996,1,62.01638329655044
17785,1,0,1,44.99191094595844,1,60.2572107278865
17786,0,1,0,63.46010324416118,1,64.29080233350697
17787,0,0,0,46.83204023654091,0,64.66491512996878
17788,1,1,1,46.95331628307818,1,62.94506723227997
17789,1,0,1,40.34535859245173,1,60.26481273214431
17790,0,1,0,57.67684499575967,0,61.70647843731986
17791,1,0,0,47.62817969412021,1,62.64890272679383
17792,0,0,1,33.58186074265952,0,57.8313938977687
17793,1,1,1,63.479550546872,1,68.92062310864074
17794,0,0,0,49.17954012109877,1,63.02871526411599
17795,0,1,0,42.18991342973239,0,62.02037214182345
17796,0,0,0,40.00230464211585,0,63.04379770530153
17797,0,1,1,60.89487629562743,0,60.8865252344619
17798,0,1,1,46.66050426283851,0,64.49304231672242
17799,1,1,0,53.46646947931163,1,66.95920357576117
17800,1,1,0,57.69199737689033,1,63.30031898522559
17801,0,1,0,46.99739488910638,0,62.37597533250555
17802,0,1,1,74.38434271633757,0,62.98624821714898
17803,1,0,0,50.40418324092244,0,64.71157174749305
17804,0,0,1,46.35664263155753,0,62.54953601997989
17805,0,0,1,46.91933322751005,0,62.56792761799898
17806,0,0,1,42.76050079286914,0,61.39239718473409
17807,1,1,1,39.61531764472796,0,61.20270468633103
17808,0,1,1,53.93830382806161,0,62.98423543990551
17809,0,1,1,52.42557484882408,0,61.97584473388613
17810,1,0,0,53.18774415364545,0,61.09835591049755
17811,1,1,0,59.44813593310952,0,60.35832878146018
17812,0,1,0,50.79466580509327,0,64.07073915368883
17813,0,1,1,41.77454559851159,0,61.20217828686118
17814,0,1,1,47.27086993366724,1,58.67300018985162
17815,1,1,0,37.27426232057755,0,60.07328376201119
17816,0,0,0,48.15711504541648,0,62.69911384625388
17817,1,1,0,41.49774344522445,1,61.18773131616027
17818,1,1,1,20.34887852541535,1,56.40337260257243
17819,1,0,1,54.06642205017892,1,61.73355583208581
17820,0,0,1,68.41193201277733,0,62.45966518556792
17821,0,0,0,49.20190168513583,0,59.53602812845156
17822,0,0,1,39.7513489541579,0,56.37835512337372
17823,1,1,0,60.02623938591618,1,65.61072642770871
17824,0,0,0,63.32513417894504,1,62.61961273977522
17825,1,0,1,30.31321632146447,0,61.85972677414776
17826,0,1,1,38.28050274261737,0,59.07025878955922
17827,0,1,0,29.10752498507158,0,58.63830522782273
17828,1,0,0,75.44982782289048,1,65.20469758467161
17829,0,1,0,64.59943409640736,0,61.65811664771267
17830,0,0,0,72.24405826450223,1,68.00937418774964
17831,0,1,1,47.66740204297776,0,61.79512943061319
17832,0,0,0,39.82027264379658,0,61.47801993132438
17833,0,1,0,46.41397639256652,1,62.88903014057919
17834,0,1,0,63.05958629310394,0,61.62938775413205
17835,1,1,1,40.05048018915133,1,64.17991201881497
17836,1,0,1,50.22211973514985,1,61.04016052375979
17837,0,0,0,52.01881768123327,0,62.28649503974548
17838,0,1,1,51.67665856226723,0,60.09145469338403
17839,1,1,1,50.56566618431152,0,59.06684206936107
17840,1,0,1,54.99604158848021,0,63.76249631170339
17841,1,0,0,56.59294808168436,0,63.72377012523952
17842,0,0,1,49.00866883311001,0,59.72919128421572
17843,1,1,1,49.4304274234491,1,63.31889443095303
17844,0,1,1,42.72048841037088,0,62.54785736427985
17845,0,1,1,45.99385116770044,0,60.13233960344046
17846,0,0,1,42.98709082597338,0,60.74426354896492
17847,1,1,1,29.81484148978307,1,60.28084312956867
17848,1,1,0,35.75297487747549,0,58.39527341174168
17849,0,1,0,52.48827106635846,1,64.0664981709623
17850,0,0,0,27.68546118296962,0,58.88679687435327
17851,0,1,0,54.02597663088942,0,66.86502667216078
17852,1,0,0,78.90737156690179,0,70.55910400387764
17853,1,0,1,26.84016761035548,0,55.05794298311824
17854,1,0,0,55.33848561221579,0,65.56141483043154
17855,1,0,0,56.70118449778221,0,64.35186396187831
17856,0,1,0,57.99142094714246,1,63.41496519691257
17857,1,1,1,44.63781802327996,1,63.15868411202664
17858,1,0,0,44.7587555763412,1,64.14666713388317
17859,1,0,1,51.72790653106254,1,61.97288570641486
17860,1,1,0,70.0896482057084,0,65.64457120750335
17861,1,0,0,52.96681018013601,1,63.76124842073857
17862,1,0,0,42.50433315993871,0,61.67779915394116
17863,0,0,1,26.76551700487294,0,59.42060347971943
17864,0,0,0,50.38148141356167,0,60.31845895167697
17865,1,1,1,46.59038343803525,1,60.69788326359646
17866,1,1,0,64.06821866209043,1,68.15747322479403
17867,0,1,1,26.60147487929999,1,59.70983589804749
17868,1,1,0,42.47944234031468,1,64.38572729297005
17869,1,1,0,48.95686438581973,1,61.65428565092817
17870,1,1,0,38.74611655088646,1,61.30103058360073
17871,0,1,1,47.88390692787396,0,60.21376700215669
17872,0,0,0,56.45020946208476,0,63.56516700622455
17873,0,1,0,42.18784873553894,0,61.63454218166954
17874,0,1,0,38.67182834307007,0,63.82671246976962
17875,1,1,1,39.02384346686147,1,60.4930142713938
17876,0,1,0,57.48208305638872,0,62.97335154054056
17877,1,1,1,57.12744452017972,0,62.10848365380104
17878,0,1,1,49.74556875364437,0,63.7279623857404
17879,0,0,1,53.28906640478021,0,62.249279787707
17880,1,1,1,49.48427786103153,1,61.47214710282059
17881,0,1,0,45.69466524450765,0,64.90515855489954
17882,1,0,0,63.89168361007164,1,65.69921053812415
17883,0,1,0,55.60993782581025,1,64.93235962312788
17884,0,0,1,45.06466347247024,0,57.58560114485181
17885,1,0,0,32.34849320649263,1,61.22991265088284
17886,0,1,1,40.70099360672315,0,61.59658536866561
17887,1,1,0,51.70356723092325,0,64.02080210904347
17888,0,0,0,27.56008243753392,0,60.36957621401147
17889,1,0,0,54.49358180008429,0,65.30748191151191
17890,1,1,1,57.97780140335702,1,64.86770368026752
17891,0,0,1,44.12784796077347,0,59.91051644000122
17892,1,1,0,41.79653948896495,1,60.75863710501876
17893,1,0,0,41.79472480959363,0,59.53153403871168
17894,0,0,0,49.89043650374041,0,63.39303333468234
17895,0,1,1,40.76816840466398,0,61.67733459066056
17896,0,0,0,38.102977375637,1,58.38807311085599
17897,0,1,0,43.154443329161,1,64.08056236460702
17898,0,1,0,52.55244936299895,1,63.01981095099757
17899,0,0,0,52.29395849038652,0,64.70987478866778
17900,0,1,0,47.1230760361025,1,66.92198905881156
17901,0,0,0,31.09203235017518,1,59.36392621966456
17902,0,1,1,37.53610802054674,0,60.43439672894262
17903,1,1,1,49.91054006211856,1,65.09990965759033
17904,0,0,0,60.29451239735794,1,67.58889862043662
17905,0,0,0,35.95032662714029,0,60.56620223627178
17906,1,0,0,49.27119835189592,1,66.52334281665182
17907,1,0,1,50.52106729419112,1,60.89035786247044
17908,1,0,1,37.7826323919425,0,59.81252851201494
17909,0,1,0,37.31122542063925,0,58.79385566449066
17910,1,0,1,35.68973291477402,1,58.13616614093225
17911,0,0,1,61.69756129439557,0,65.29973088742723
17912,1,0,0,50.36173467016318,1,61.05387210021732
17913,1,1,1,40.40104373374528,1,61.66326647421444
17914,0,1,0,41.24031941208212,0,61.49779971756028
17915,0,1,0,56.19537049824066,0,65.50181907482839
17916,0,1,1,32.12324025148082,0,58.62613519253006
17917,0,1,1,49.43327712109568,1,61.96047111470738
17918,0,0,0,57.20030026996313,1,65.79352948787547
17919,1,0,1,38.60905962597091,0,58.0095723351487
17920,0,1,1,27.79857401244349,0,59.16287112219046
17921,1,0,0,43.62099994721626,1,60.99392908210895
17922,0,0,0,37.0363507919655,0,62.05670722853399
17923,0,1,0,43.87522701098943,1,63.37966129194455
17924,1,0,0,58.27600369846683,1,65.46026568114031
17925,1,1,1,28.67280348104435,0,57.5385532439848
17926,0,1,1,39.68772358545615,0,59.71267383433805
17927,0,1,1,67.30339520647289,0,63.92172565668847
17928,0,0,1,38.18599957376466,0,59.81915782164285
17929,0,1,0,48.59638895811175,1,61.92894702374242
17930,0,1,0,44.56336998593972,0,64.80270214632112
17931,1,0,1,55.75695255973303,1,62.44689839049503
17932,0,0,0,52.81841155640135,0,61.44870759604814
17933,0,0,1,46.11609609909571,0,62.60026141206068
17934,1,1,0,58.51279381396771,1,64.87646658367416
17935,1,1,1,46.25238387045746,1,60.9160793351308
17936,0,1,0,45.92392073977683,0,61.43559920260019
17937,0,0,1,43.73999486931655,0,60.01892234957512
17938,0,1,0,47.67180060234901,1,63.40361762941085
17939,0,0,1,34.30476337018725,0,59.46133702640934
17940,1,1,1,38.67212111780495,1,59.88642135528512
17941,1,0,0,45.54504198301971,0,61.5997742166835
17942,1,0,0,59.89043374216696,0,62.81827912094373
17943,0,1,1,40.33719308965392,1,57.81692314899244
17944,0,1,0,65.40825103978872,0,64.62077549549355
17945,0,0,1,54.3165307656573,0,62.53933437429848
17946,0,0,1,44.73759593127829,0,62.79593902205239
17947,1,1,0,63.69838573192986,0,64.62404725571122
17948,1,0,0,71.42406546046401,1,65.10357132470165
17949,0,0,1,40.8605702178159,0,61.48146502298252
17950,1,0,0,33.02767767824881,1,63.5114253583169
17951,1,1,0,57.77300377096928,1,66.95132253754582
17952,0,0,1,63.4997753768397,1,61.97901221387768
17953,1,0,1,42.831732983968,1,64.48152785015746
17954,1,1,0,62.62657622214699,0,67.61585709491916
17955,1,1,0,39.84643945480399,0,60.09637497183415
17956,0,0,0,47.28241859658259,1,61.11699605042429
17957,1,1,1,51.81750406582007,1,61.39609959371009
17958,1,0,0,50.62080707086106,0,59.74355852464834
17959,0,1,1,45.06878900292983,0,61.7559954633971
17960,0,1,1,28.19848018876333,0,53.86360260103017
17961,1,1,1,61.6325383517576,0,62.96748867994398
17962,0,0,1,48.1910475490015,0,61.12487448316364
17963,1,1,0,51.55381979761087,1,63.89550156361427
17964,1,0,1,46.68071311821137,0,57.66727326310057
17965,1,1,0,47.56433758457145,1,64.45695912477892
17966,0,1,1,56.53441275867714,0,60.72155690205329
17967,0,0,0,65.22075881341119,0,64.61537927605116
17968,1,1,1,46.51004802091004,1,62.21815624315371
17969,0,1,1,37.73569207049717,0,60.68168537446145
17970,0,1,1,50.85243216601766,0,59.45361717978948
17971,1,0,0,37.65018478061979,1,62.94509552003951
17972,1,1,0,53.48910640139134,1,64.0245132003519
17973,1,0,0,37.67514134087453,1,62.13129526325929
17974,1,1,0,52.4447798903431,1,63.83890326753542
17975,1,1,0,48.33514275732134,1,61.83092011468746
17976,0,0,0,57.7400422866819,1,65.26408829912141
17977,1,1,0,65.15186286382342,0,68.3346625489251
17978,0,1,1,40.20084201009534,0,59.30695437919979
17979,0,1,1,67.91970216380348,0,65.42467323059931
17980,0,1,1,25.48482770617607,0,59.31595216002749
17981,1,0,1,69.90152512903843,0,68.64374335154187
17982,1,1,1,29.97095619230754,1,57.2721499147767
17983,0,1,1,44.54605755691666,0,59.51600048768615
17984,0,0,1,40.36057236728959,0,59.43449829254929
17985,1,1,0,51.68551517986822,1,64.69948759422198
17986,0,0,0,57.79977153783951,1,63.9794857343636
17987,1,1,1,42.80124853846361,1,64.89620856681817
17988,0,1,1,40.73100352549835,0,57.60096564067163
17989,0,1,0,44.06606514661296,0,60.06449402930619
17990,1,0,0,50.44811719360163,1,60.523805078182
17991,1,0,0,36.36342083814839,1,62.04677770259576
17992,1,1,1,52.93888326027875,1,62.193193783837
17993,1,1,0,39.54860280822054,1,61.76448448875421
17994,0,1,0,55.08382159561538,0,61.8368426873446
17995,1,0,0,51.88773223553125,1,62.38794243799194
17996,1,0,1,46.91843629722669,1,61.95822355754789
17997,0,0,1,28.31600190539931,0,55.69206017080738
17998,1,1,1,38.32364603989647,0,57.52169937210516
17999,0,1,1,58.54882578128996,0,62.33553732118305
18000,1,1,0,52.02871620315359,1,65.20453958455464
18001,1,0,1,50.08467282935472,1,60.52309582688559
18002,1,0,1,33.49570732366602,0,57.68925603979083
18003,0,1,1,62.80847888361821,0,63.53752385059852
18004,1,1,0,36.0632950572754,1,63.13196345980117
18005,0,1,1,36.64621862768097,0,59.31810916454271
18006,1,0,0,51.57801572706341,1,64.6897879985642
18007,1,1,0,55.10972104370755,1,65.56595853937618
18008,0,1,0,52.14298238411027,0,62.60482773919963
18009,1,0,1,43.58488231342812,1,65.31866801465277
18010,1,1,0,70.56252174165604,0,67.39934031946578
18011,1,0,0,43.2007361677948,1,62.25469006004403
18012,0,0,1,27.75287011482086,0,56.82510809184397
18013,1,1,1,47.32499268646664,1,62.03987324606336
18014,1,1,1,42.06676160791335,1,65.87272893881712
18015,0,1,0,63.55931083530041,0,65.66405916934873
18016,0,1,1,56.16841072961689,0,62.91702082366425
18017,0,1,0,59.14428939201067,0,65.52290883321763
18018,1,1,0,44.135432610899,0,61.43964403340294
18019,1,0,1,67.02613010605739,1,63.84026342275273
18020,0,1,0,51.96900068502157,0,65.06896383429857
18021,1,0,1,43.56377698111005,1,59.71932995364755
18022,1,1,0,58.40236692995721,1,67.00839160280096
18023,0,0,0,57.56688208565527,0,62.10500037725473
18024,0,1,0,48.36683744359509,1,64.69519860174132
18025,1,1,0,50.53733333436495,0,62.9462903732934
18026,1,1,1,52.28459123906269,0,62.30584472119371
18027,0,1,1,59.77528940862278,0,59.59843766513952
18028,1,1,1,57.67420078026736,1,65.41948875434821
18029,0,1,1,48.55677008137339,0,61.35164764517517
18030,0,1,1,29.68975567671722,1,57.86487441335083
18031,0,1,1,37.26553891890566,0,59.00831209786952
18032,0,1,0,34.58969375041914,1,59.56231726330631
18033,0,0,1,49.28530337910671,1,63.90771272792041
18034,1,1,1,35.04495752664735,1,56.51029965696347
18035,1,0,1,61.72543058441529,1,60.41954148460275
18036,0,0,1,53.43836104692494,0,60.2639222981366
18037,1,0,1,43.7867242865878,1,58.51653157507807
18038,1,0,0,64.54013829009978,1,67.5893164675571
18039,1,0,0,25.76497682957429,0,58.45917544925605
18040,0,0,1,36.55852838624767,0,55.83409360877248
18041,0,1,0,49.61825670041416,1,62.91661444712633
18042,1,0,1,51.29014450736435,0,62.0338549466225
18043,0,1,0,39.4912326283416,0,59.17642508980176
18044,1,0,1,43.3573460241054,1,62.00101111438827
18045,1,1,1,48.7851351328253,0,62.73760408857844
18046,1,0,1,47.39949377866276,1,62.22983141124533
18047,0,1,1,38.4626213520291,0,59.98980876836166
18048,0,0,1,34.88361502051258,1,57.10036155569137
18049,0,1,0,39.67341586752931,0,60.34774945373061
18050,1,0,1,66.58908332280036,0,63.03384362895924
18051,1,0,0,37.76586612321175,1,62.91060992164633
18052,1,0,1,46.80984656340834,1,61.34348733546473
18053,0,0,0,53.62997369248622,0,60.32985079361648
18054,0,1,0,69.61511300238541,0,65.06311380077561
18055,0,0,0,50.31210799437852,0,63.01054551435269
18056,1,1,0,46.99594406693726,1,63.08335351568373
18057,0,1,1,25.2128835206916,0,55.40054171581427
18058,0,0,0,52.76936162280447,1,63.29458237699559
18059,1,1,1,70.8670636503073,0,68.34169517991144
18060,1,0,0,47.58162188290992,1,61.9736561622985
18061,1,1,0,60.413294284569,1,68.16953419327481
18062,1,0,1,46.77722292310173,1,63.34667411150247
18063,1,0,1,59.35732148127089,1,61.55437273874043
18064,0,0,1,40.52101636857397,0,56.34565234380123
18065,0,0,1,23.58455384605464,0,56.33160466885749
18066,1,0,0,64.45045453020565,1,66.12133747315951
18067,1,1,0,72.74348476226238,1,67.00998235636882
18068,0,1,1,41.6386537980058,0,57.96590991883366
18069,1,1,0,48.22410820570516,1,63.19417751252231
18070,0,0,1,41.43192614505754,0,61.95511513547729
18071,0,0,1,41.17969913850051,0,58.83617339480031
18072,1,0,1,51.37662101024394,1,60.86951673221551
18073,0,0,0,33.26831690577745,0,61.87453914065038
18074,1,1,0,59.28170295333918,1,64.44639696679023
18075,0,1,1,50.83847107564002,0,59.98892659791532
18076,1,0,0,50.68213518588102,1,62.52866377870662
18077,1,0,0,35.28510002254087,0,61.29763809514506
18078,0,0,1,42.85917678952026,0,63.1335182375818
18079,0,1,0,40.53152093959901,0,61.1097551365465
18080,0,1,0,60.58352303440401,0,60.97676892052385
18081,0,0,0,50.03599623156432,0,62.52985409013889
18082,0,1,1,51.8430860297609,0,59.80223120724391
18083,1,1,0,63.14813811208587,0,65.78778173130108
18084,0,0,0,51.66756622050634,0,61.43073261699021
18085,0,1,1,38.27749546282021,0,61.99891153057008
18086,1,0,1,53.39084109035608,1,63.71431251712988
18087,1,1,1,54.08993776922355,1,62.43916320306839
18088,0,1,0,56.18233087392472,1,60.45396918397037
18089,0,0,1,33.26854029353477,0,59.53503542809772
18090,0,1,1,42.86180458981543,0,61.95486816309897
18091,0,0,0,51.95485898675972,0,65.11787406783358
18092,0,0,1,40.44691238173942,0,57.64456764520265
18093,0,0,0,59.86687817614549,0,62.5665047480238
18094,0,1,0,61.97952979438314,0,65.67025790813481
18095,0,1,0,56.23904727918921,0,65.45256591760332
18096,1,1,0,58.51026816267207,1,65.01139152672248
18097,1,1,0,32.93971530063709,1,62.73858280196738
18098,0,0,0,37.80442133606022,0,60.3965048497716
18099,1,1,1,62.0688797038441,1,65.60930659934991
18100,0,0,0,75.76078060018173,0,65.99863528631892
18101,0,0,1,43.30971444705358,0,60.96874417593064
18102,1,0,0,45.15991554919711,1,62.70071854081323
18103,1,1,1,38.66060730965722,1,62.02984088467046
18104,0,1,1,47.61527048150612,1,59.84330676173895
18105,0,1,0,46.25558776279098,1,65.87179151212992
18106,1,1,0,41.72347105381283,0,64.28110322689909
18107,0,1,1,37.74594460642909,0,56.59903247101499
18108,1,1,1,45.63050424377972,1,62.70224800675631
18109,0,0,1,43.67895505949639,0,64.09608889421872
18110,0,0,0,59.90257545975415,1,64.4509139492253
18111,0,0,0,67.42964872449686,1,64.40718979410563
18112,0,0,0,59.39133822921502,0,65.82175825332244
18113,1,1,1,51.76977751265006,1,63.31127139364125
18114,1,1,0,50.4917316342822,0,66.53553258746717
18115,1,1,1,54.3265781144395,0,61.48761688000423
18116,0,1,1,22.73854435754441,0,57.60175541463541
18117,0,1,1,44.55079122296877,0,60.94960193477091
18118,1,0,0,55.66507965836311,1,64.7114777401564
18119,1,1,0,45.49683255404844,1,64.43295764296636
18120,0,0,0,51.39851487890285,1,62.12087807764696
18121,1,0,0,69.39763323090668,1,67.61584677153807
18122,0,1,1,52.32153894995948,0,63.67477366219514
18123,0,1,1,62.27466886163619,0,61.61656523206387
18124,1,0,1,44.35561684192794,1,61.64620047910936
18125,1,0,1,48.81844429404497,1,66.71555086148392
18126,0,1,1,45.90890673531023,0,61.57822727835189
18127,0,0,1,41.83536938928451,0,61.80532439326326
18128,0,1,0,56.75066529720495,0,66.32702598617345
18129,0,0,1,41.78992346077719,0,57.02320825503541
18130,1,0,0,35.34551686605619,0,59.71009186458728
18131,0,1,1,39.88592116042513,1,60.29901059503548
18132,0,1,0,45.96500224855728,0,63.73896782190064
18133,1,0,0,56.7803237409475,1,63.86170611319849
18134,1,1,0,51.11878638617004,0,62.30863285769538
18135,0,1,1,45.60844258065667,0,60.72085017578203
18136,1,0,1,41.7786671437073,1,60.25611094631354
18137,1,1,1,51.04178758676559,1,64.27821646240628
18138,0,1,0,38.75362321496894,0,60.67853794476411
18139,1,0,1,45.86586976084484,1,65.67019746712219
18140,1,0,1,31.00317259734978,1,59.68157763659482
18141,1,1,0,57.79646750484437,1,61.7210831381584
18142,0,0,1,46.78415530910545,0,60.44510104268148
18143,1,0,1,52.92072965932489,0,59.16399352740302
18144,1,0,1,43.81202252007049,0,59.17167900555448
18145,1,0,0,65.63472404481571,0,66.47988805606246
18146,1,0,1,41.22301174954104,1,56.11014504519535
18147,0,1,1,55.04301966487633,1,62.72422696231096
18148,1,1,0,61.04110556354298,1,66.04706850931042
18149,1,0,0,47.09718527810108,1,62.08864050103737
18150,1,1,0,37.49743811809768,1,65.09823125910837
18151,0,0,1,53.69868857444853,0,62.69988030110056
18152,1,1,0,49.82350791613371,1,65.5948799060524
18153,1,0,1,56.93088279594421,1,63.40984539154874
18154,1,0,1,33.91901520427888,0,60.40419383337141
18155,0,0,0,46.79788177558862,0,63.54330468390192
18156,0,0,0,46.53961810490144,0,62.42478344453061
18157,1,1,1,55.14069793598846,0,61.49566977133867
18158,0,1,0,47.19635495455879,0,65.48849472508802
18159,0,1,0,52.26020811237145,0,65.03038818491702
18160,1,0,0,62.66172558509651,0,64.51523883461948
18161,0,1,0,42.99513910061631,0,62.15529320367368
18162,0,1,0,43.70429517497899,1,64.29639643549795
18163,1,0,0,42.03700360252228,1,64.80596381333238
18164,1,1,1,50.95185559742674,1,64.20650356033161
18165,1,1,0,58.99481390268058,1,67.13670406421151
18166,0,1,1,56.62629187453535,0,61.71516561807876
18167,0,0,1,22.01865015088968,1,56.96929690909574
18168,0,0,1,55.64684991114507,0,64.34587270584696
18169,0,1,1,37.93621620748895,0,57.37476342728186
18170,0,1,1,44.556499179745,1,60.90569455794123
18171,1,0,1,53.41448274185663,1,64.52592756898657
18172,0,1,0,46.5532089119133,0,61.071528022796
18173,1,0,1,43.09928444122216,1,59.88716296422884
18174,1,0,1,48.60797469479672,1,58.95902448288027
18175,1,1,1,40.01800871379671,0,60.9941542236979
18176,1,0,1,50.74971007075562,1,63.27339107836804
18177,0,0,0,59.86504991346354,0,68.15821626116909
18178,1,1,0,55.95178726783185,1,64.543791635761
18179,1,1,1,57.76284318764827,0,60.71265036113751
18180,0,1,1,46.83417138913005,1,60.02799514560729
18181,1,0,1,38.85295190991355,0,60.30192299096914
18182,1,0,0,41.11405405858183,1,62.94683236799513
18183,0,0,1,62.39703928770052,0,60.84115577795063
18184,1,1,1,36.8067575572589,0,59.57131397715972
18185,0,0,1,46.24298149621626,0,60.09013239745631
18186,0,1,0,47.17606313886024,0,62.4574615381211
18187,0,1,1,34.6051086828545,0,60.25337783557362
18188,0,0,0,55.34707181621172,1,64.96666325395034
18189,0,0,0,71.63354318405541,0,66.70505045950189
18190,1,1,0,43.78276398653637,0,60.12128394781801
18191,1,1,0,64.86038977756544,1,64.34401639956448
18192,1,1,1,52.84361406563814,1,64.02891833572539
18193,1,1,0,73.24467644281353,1,67.83504167175259
18194,1,0,0,49.79177054520517,1,62.14300343548049
18195,1,1,0,74.30129249656831,0,69.72388112286572
18196,0,0,1,50.34046774386836,0,62.23518203973882
18197,1,1,0,43.92238566401844,1,64.62349616933135
18198,0,0,0,62.81273796271704,0,65.41665742092761
18199,1,0,0,49.16220640806672,1,61.60177896214487
18200,1,0,0,57.26918551154372,0,65.77876331621039
18201,1,0,1,34.782785179599,1,59.71637622709058
18202,0,1,0,42.28137472005629,0,62.49663489358992
18203,1,1,1,41.53333527407494,1,61.88457677077017
18204,1,0,0,52.20795471176383,1,63.63692552752345
18205,1,0,1,61.46953002482125,1,62.77932641406883
18206,0,1,1,46.24887000215805,0,60.59105244599461
18207,1,1,1,39.97308563715682,1,60.70809887872379
18208,0,1,1,67.41670132432259,0,63.72597357077753
18209,1,0,0,46.46136440821882,0,64.26884621053587
18210,1,0,0,59.21020135192743,1,62.21496588706631
18211,1,1,1,38.20238717153254,0,60.39188238449826
18212,0,1,0,52.87132646592379,0,65.59059147012441
18213,0,1,0,51.98625241998045,1,67.76228217022114
18214,1,1,1,58.90306360245806,1,58.24782801826996
18215,0,1,1,51.1381335047949,0,62.81185039397891
18216,0,1,1,52.00773113805908,0,61.81052285656894
18217,0,1,0,56.92911140070006,0,62.87899100290493
18218,0,0,0,42.47501745382176,0,59.94285915081558
18219,1,1,0,62.98477591105955,1,64.73269823083298
18220,1,1,1,44.99960910151595,1,58.75479867502497
18221,0,1,0,32.76873246107913,0,57.86995116319142
18222,0,0,0,44.64897674296747,1,62.86464966915553
18223,1,1,1,34.52219005385766,1,60.27850875894568
18224,0,1,1,38.27967709672489,0,61.83587017545146
18225,1,0,0,41.46720619815969,1,61.62791250193076
18226,0,1,0,50.34696788699147,1,64.45796554278165
18227,0,0,1,51.50149479888645,1,63.64378983118529
18228,1,1,1,57.62158249961869,0,61.00826555330509
18229,0,1,0,49.51569504297558,1,64.69053206849874
18230,1,0,1,52.71710917251293,1,61.57375986326635
18231,0,1,0,50.09651732949608,0,61.65089977127846
18232,1,1,1,58.21915608932584,1,63.919310248004
18233,1,1,0,32.21957033734238,1,62.25239455767581
18234,1,1,0,66.98476573561555,1,67.23123530987966
18235,0,0,1,38.5547326320435,0,58.99064766752833
18236,1,0,0,54.58961022339959,0,65.83633613040949
18237,1,1,0,59.26991030158241,1,63.08264486514627
18238,0,1,0,53.47917546754351,0,65.59045102261123
18239,1,0,1,44.96655104101872,1,58.61370673666137
18240,1,1,0,58.40354684925069,0,63.95121088717021
18241,0,1,1,55.22148265926911,0,63.0003236632635
18242,0,0,0,51.74479536098304,0,60.30732136229776
18243,1,1,0,39.28790915529376,1,59.69851698586124
18244,1,0,0,44.67432224777505,1,63.81837649557449
18245,0,0,1,32.52965530275054,0,58.54424553713202
18246,0,0,0,47.80314369054292,1,63.04231250433369
18247,1,0,0,38.54810553160907,1,59.96140006463174
18248,1,1,1,37.69562400189254,1,60.75723942731999
18249,0,0,0,50.06636655801801,0,63.76608663601461
18250,0,1,0,42.2531342808588,1,58.68582105808258
18251,1,0,1,32.42533200864669,1,58.63771865397124
18252,1,1,0,57.66547099792724,1,64.39409774841111
18253,0,0,1,46.14088395646205,0,59.94484908658372
18254,0,0,0,60.30391717519136,0,63.91255365247785
18255,0,0,0,49.89857075411498,0,64.97083184233101
18256,1,0,1,39.62765793744446,1,62.52762646364379
18257,1,0,0,57.76443340699513,1,64.22094085667582
18258,0,1,1,36.60049144529467,0,58.18429356907965
18259,0,1,1,40.4152065153264,0,61.33440037643275
18260,1,1,0,50.56374881562935,1,63.49306121771318
18261,1,1,0,64.11371950859804,1,64.44453818084311
18262,0,0,0,55.93844599529128,0,61.97867283359092
18263,1,1,1,67.40307948721798,1,68.22836008879302
18264,0,1,1,48.70128575469764,0,57.53989490470929
18265,0,1,1,38.59314382161111,0,61.46630826791688
18266,1,1,1,29.43099804780736,1,60.82929496193438
18267,1,0,0,58.9111242522573,1,63.9671721808148
18268,1,0,1,46.58331636125563,1,61.8233724420616
18269,1,1,0,64.90738531245763,1,64.76049485230016
18270,0,1,1,48.39848821201593,0,62.58389478417595
18271,0,1,1,43.08466462297164,0,59.69313914698481
18272,0,0,0,51.78152102883964,0,61.93672475076591
18273,0,1,0,51.83386904257786,0,63.75799176261867
18274,1,0,1,36.14376351070941,1,61.95097636495458
18275,1,0,1,47.6004599802675,1,61.43705845108601
18276,0,1,1,56.65965354828089,1,60.37507331867442
18277,1,1,1,70.99909577707514,1,65.80136821712495
18278,0,1,0,35.15118062420976,0,60.84022174158811
18279,1,0,0,60.10850461351426,1,63.28485198813566
18280,0,0,1,36.64915638183641,1,61.89968341411551
18281,0,1,0,49.22702244332414,1,61.47576477346949
18282,0,0,1,44.01908646743028,1,60.48147158503132
18283,0,1,0,47.57031622899,0,62.71430242429614
18284,1,1,1,44.58026674642996,1,61.81778306484467
18285,1,1,1,47.92181721252753,1,59.37872493270492
18286,1,0,1,52.65100360131688,1,58.45995762993976
18287,1,1,1,47.18468032196057,1,62.84473938173632
18288,0,0,1,52.18820147233674,1,62.3853820850853
18289,1,0,1,44.97573231956467,0,60.50524239709399
18290,1,0,1,37.47976222113351,1,60.20326978071969
18291,1,0,1,25.86200099129963,1,57.66720122751468
18292,0,1,1,44.44968701260798,0,60.54191752832078
18293,0,0,1,58.74956082068255,0,61.10737509699194
18294,0,0,0,51.14968643066354,0,61.91009690899465
18295,1,0,1,45.83450648445461,1,60.78141410307254
18296,0,1,0,22.48004089058601,0,57.85441101565337
18297,1,1,0,41.801536089645,0,63.63363614842648
18298,0,1,0,58.92804581526563,1,61.19295027427839
18299,0,0,1,31.14762626210747,1,57.96378348332826
18300,0,1,1,53.19184235883187,0,62.9697680852706
18301,0,1,1,59.8215984585365,0,65.0365046855475
18302,1,0,0,55.6179939500685,1,63.13513784932675
18303,1,1,0,51.26567297232933,1,66.4051992673544
18304,1,1,1,57.446745144035,1,63.11521367659011
18305,1,1,0,46.14696747222149,1,63.54412403815228
18306,0,0,0,56.84675814056529,1,63.66240136984688
18307,0,0,1,57.85612474664108,0,63.79554585453123
18308,0,0,0,54.51051889137956,0,64.05287599303556
18309,0,0,1,43.46661277933315,0,57.29309149343073
18310,0,0,0,37.5056434957089,1,60.88598601045069
18311,1,0,1,40.12476189247582,0,61.20548710674138
18312,1,1,0,44.52032583851598,1,63.67395166914778
18313,0,1,1,37.07670998216481,0,59.99378527617566
18314,0,1,1,61.78789819717129,0,63.14415912450718
18315,1,1,0,37.65761461390122,1,63.51996816790707
18316,0,1,1,51.9030893883919,0,62.43497941170879
18317,0,0,1,53.03802457155662,0,61.48812601059358
18318,0,1,0,36.65958145614621,0,59.16201882344495
18319,0,0,0,42.00593170201515,1,60.7229937090169
18320,0,1,0,48.91123155000523,0,61.00069802383905
18321,0,1,1,25.80742277144821,0,57.53339291348311
18322,1,0,0,60.54399293854714,0,63.5412535794303
18323,1,0,0,58.89314861997841,0,61.64697668924902
18324,1,0,0,52.82332059915861,1,64.15797690525682
18325,0,0,1,53.01829344355263,0,61.23121601571858
18326,0,0,1,53.84570243839041,0,62.13616444945001
18327,1,0,0,43.24413995832708,1,57.70007689734678
18328,0,0,0,47.75858928565816,0,59.33724366214486
18329,0,0,1,33.84611879172668,0,58.78227600441482
18330,1,0,1,37.32861304316855,1,56.66304090649226
18331,0,1,1,42.06169026409076,0,61.48106163997998
18332,1,0,0,54.2864434238893,1,63.38776721540992
18333,1,0,0,55.08456410927104,1,63.87588850674889
18334,1,1,0,49.29263980370595,0,63.63992550278739
18335,0,1,1,53.30637170369592,0,63.94640980864572
18336,1,0,1,35.97095474592022,0,55.93720543387004
18337,1,1,0,57.72350280497911,1,66.74285518843057
18338,1,1,1,38.78626931540488,0,56.91037552127739
18339,0,1,0,54.13081102629523,0,66.68205782264107
18340,0,0,0,34.14663692140285,0,60.7867127933895
18341,1,1,1,25.95302686487875,1,58.32339001794706
18342,1,1,0,65.73800828900573,1,66.03794533612016
18343,1,0,1,49.17605277143716,1,62.81326852422776
18344,0,1,1,48.28671064441185,0,59.22329142540955
18345,0,1,1,41.65768505898368,0,61.68160700202386
18346,1,1,0,69.86442136879285,1,63.2385103822446
18347,1,1,0,57.35869299166854,1,64.38655076272728
18348,0,1,0,60.36004103911957,1,66.84942767929452
18349,0,1,0,68.55367258528418,0,63.96150351164963
18350,0,1,1,29.02941824081034,0,56.003406258302
18351,1,1,0,50.9886570272183,1,68.98397564395763
18352,0,1,0,54.91643810433143,1,63.04743319807216
18353,0,1,1,54.83125429548146,0,60.84351570574363
18354,0,0,1,64.1988995738581,0,63.95703151964992
18355,0,0,0,48.34511065485771,1,62.29067774838411
18356,1,1,0,38.92787970355512,0,62.87291928887959
18357,1,0,1,45.3353126853172,1,56.97676395381908
18358,0,1,1,63.61540545664033,1,63.32636976416419
18359,0,1,0,70.947046519838,0,67.29008140181401
18360,1,1,1,62.5299618554661,1,64.82287887379547
18361,0,0,1,49.11523609423686,0,63.43869595688469
18362,1,0,1,36.39803772078294,0,60.99112023505356
18363,0,0,1,54.29862573054348,0,60.12276139374531
18364,1,1,0,55.13097787816784,1,66.04712016258107
18365,1,1,1,57.6331508891876,1,64.50792211112766
18366,1,0,1,44.02461673547177,1,64.93159410854781
18367,0,1,0,49.48752904132172,0,64.00053728759855
18368,0,1,0,40.93441518147711,0,62.30533076580279
18369,1,0,1,55.2756745929105,0,64.37345693604362
18370,0,0,0,59.57881763760807,1,63.61389549166311
18371,0,1,0,49.61103190735849,0,62.6304379512635
18372,1,1,1,31.0429446373908,1,60.81240094882043
18373,1,0,0,33.7731895144163,0,60.11557996086897
18374,0,1,1,60.47647142208433,0,66.75097777519461
18375,0,1,1,64.43808666813212,0,64.91437251551561
18376,1,0,0,28.95115728669051,1,60.31002187406862
18377,0,1,0,45.78472024710156,1,63.6714961127247
18378,1,0,0,44.71643540348277,0,62.34096213565883
18379,0,0,1,31.13869619166137,0,57.41837891570913
18380,1,1,0,64.39916160217277,1,67.31109959906944
18381,0,0,0,58.1841817777041,0,64.24472876264429
18382,1,0,1,51.83622286655602,0,59.7845247768005
18383,0,1,1,43.92199365731394,1,63.84169248134687
18384,0,1,1,55.99016235091212,0,62.148203250731
18385,0,1,1,48.36856227863037,0,62.19217516112183
18386,1,1,0,61.14837891400677,1,69.2827766258096
18387,0,1,1,44.20975932282507,0,63.4240643243626
18388,1,0,0,50.70965745173601,1,61.93847360450032
18389,1,0,0,53.43483455667657,1,58.91523418719185
18390,0,1,1,40.87990524596996,0,58.31482797940195
18391,0,0,1,57.31061027626518,0,59.58503188029495
18392,1,1,1,60.71125816066418,1,61.98641404508254
18393,0,0,1,43.85859683042484,0,61.31940905916849
18394,0,1,1,47.10252886364604,0,61.2272938783781
18395,0,0,1,33.97644838913847,0,59.27928332170729
18396,0,1,0,75.36281141184318,0,67.83485975473175
18397,0,1,0,52.97107007126311,0,66.13312660333725
18398,1,1,1,38.8509400412262,1,60.68702967932767
18399,1,1,1,56.29416585233837,0,65.00323313189985
18400,0,0,1,56.0186812379631,0,61.78377583082344
18401,0,1,1,39.12454568912995,0,60.46819741911361
18402,1,1,0,57.86950541598108,0,63.31092528385982
18403,0,1,0,58.04604432377221,0,59.92981666171036
18404,1,0,1,62.82929594002005,1,64.11604649333182
18405,0,0,0,44.10935929249082,0,62.16229728539111
18406,0,0,0,54.45320356028007,0,66.04880066286562
18407,0,0,0,47.60759807859603,0,61.39628155834649
18408,1,0,1,51.41317785588211,0,63.57137612628679
18409,0,0,1,53.67265403914778,0,64.35868049968524
18410,1,0,0,44.42910485311622,1,61.11741573956152
18411,0,1,0,40.25606709047415,0,59.74609592431819
18412,1,1,1,55.78531812713477,1,64.76623039110136
18413,1,1,0,51.78064139306275,1,65.95820356485073
18414,1,1,0,47.59680283963883,0,65.85896391035456
18415,0,1,0,54.20227902292057,0,65.13009352768546
18416,1,1,0,61.98338438090881,1,65.35509404789485
18417,1,1,0,52.21939870172588,0,62.50468120723271
18418,1,1,1,54.77010990893471,1,63.77723662403851
18419,0,0,0,51.56463878456624,1,63.2080756039868
18420,0,1,0,56.14026103366037,0,62.11193459375425
18421,1,1,0,60.37500360636317,1,65.71692640981092
18422,0,0,0,46.26970729766637,0,62.62428055876623
18423,0,0,1,62.52239655356149,0,62.51535935174381
18424,1,0,0,29.8846106610933,0,61.56826987833647
18425,0,0,0,68.28622912647816,0,67.36780440673679
18426,0,1,0,53.57409915421058,0,65.75439929976602
18427,0,1,0,50.38375172337255,0,64.05594189582958
18428,1,1,0,53.10057998773594,1,63.8930437932527
18429,1,0,1,20.83600677129656,1,57.2364106865023
18430,1,0,0,46.53046720025465,0,61.71751185570183
18431,0,0,0,39.15547418716883,0,58.36598440742576
18432,1,1,1,44.95443511493466,0,59.17312822778663
18433,0,1,0,43.96819094378744,1,61.84366783059852
18434,1,0,1,52.58868370415065,1,61.04383054368377
18435,1,0,0,45.80068534041271,1,64.29275035280618
18436,1,0,1,47.70323176692792,0,59.73117987063355
18437,0,0,1,52.55515634150706,0,62.21326413632838
18438,0,1,0,46.65436723979867,1,65.9221538173138
18439,1,0,1,32.33092449758931,1,54.72134020153846
18440,0,0,1,51.26693885238676,0,64.018798895871
18441,1,1,0,53.47599600298927,1,65.39631007726804
18442,1,0,0,41.75294889211567,0,61.25416701646792
18443,0,1,1,57.59663269552438,1,62.23291717633371
18444,0,1,1,77.17401099211187,0,63.21168227445688
18445,1,1,1,54.99907249233362,1,65.28394381487809
18446,1,0,1,49.28312850316543,1,62.40192650108068
18447,0,1,1,55.32131513750906,0,60.71115432722542
18448,1,0,0,50.62315659659289,0,59.66259893464399
18449,1,1,0,50.24037792902161,1,63.05196197236761
18450,1,0,1,48.79825457459431,1,65.13249693859757
18451,0,0,1,45.37089261060061,0,60.12715288148482
18452,1,0,1,42.73638814077403,1,60.75051498418765
18453,1,0,0,54.18174631229166,1,63.19251949720908
18454,1,1,0,62.58477371726701,1,64.39012673209076
18455,1,0,0,53.25017007559966,0,62.90286103480551
18456,0,0,0,47.55402566976861,1,62.20423687645577
18457,0,0,0,54.3558333546437,0,62.85997237714318
18458,0,1,1,37.29437744364262,0,61.31205405341041
18459,1,0,0,47.59209314328259,1,64.1885691982568
18460,1,0,1,55.1609530801467,0,61.73280907487865
18461,1,1,1,55.54780222911459,1,64.25093177147161
18462,1,1,1,43.3594422046263,1,58.87145776030131
18463,0,0,1,39.12953804451268,0,61.33869602627212
18464,1,1,1,55.59037317679573,1,65.84017239704809
18465,0,1,0,46.23264270650655,1,60.85406979017512
18466,1,0,0,48.7766558257833,1,61.3680315919195
18467,0,1,1,57.75967856869094,0,63.93679214484676
18468,0,0,0,60.83780164770789,1,65.71340183152941
18469,1,0,1,39.35118455357914,0,58.98754886260606
18470,1,0,1,51.34951886289497,1,63.36136752965225
18471,0,1,1,47.24989782797719,0,60.7309048969835
18472,1,0,1,38.4556389737918,1,62.84127601580158
18473,1,0,0,42.44958303024615,0,63.60831883558537
18474,0,1,1,49.25434591997189,0,63.73441412427275
18475,0,0,0,34.47701035562148,1,61.58505642560742
18476,0,1,1,55.27944971289951,0,63.26473121809957
18477,1,0,0,40.39930152713851,0,60.5812452229375
18478,0,0,0,51.1257598911092,0,61.81336684602776
18479,0,1,1,38.08156416301559,0,57.37374758280806
18480,0,1,1,39.15955366131713,1,60.5683161472718
18481,0,0,1,57.17607169114298,0,60.33188354849848
18482,1,1,0,53.36878604393976,1,66.38695728243847
18483,0,0,1,45.8237845867062,1,62.88052631097153
18484,1,0,1,59.70348246017898,0,62.87469357016355
18485,1,1,1,49.49674109333203,1,61.23488293985454
18486,1,1,0,40.36218126315107,1,61.54018757532339
18487,1,1,0,25.75494211567983,1,59.40561192559253
18488,0,0,1,62.903709051253,0,61.64528772004498
18489,1,1,1,47.94408480866391,1,64.50559040408992
18490,1,1,0,53.34213595820751,1,66.9119463258898
18491,0,1,1,64.13177309147315,0,65.76697386617447
18492,0,0,0,54.63381812647737,0,62.09208280324394
18493,0,0,1,55.61662366755915,0,63.3463670169445
18494,0,0,0,52.0531207587965,0,62.73453622789773
18495,0,1,0,53.87438644082614,1,66.7234826719653
18496,0,0,0,32.25080122293749,0,57.05128815584811
18497,1,0,1,43.46108823525936,1,59.55399147829954
18498,1,0,0,51.06609269924974,0,64.20885124988551
18499,1,1,1,35.42344486175303,1,64.20750563583205
18500,0,1,1,24.93819759147946,0,55.5069152755579
18501,1,1,1,62.29073319240439,0,65.31699139747269
18502,1,0,1,46.86302732630389,0,62.47025419604976
18503,1,1,1,45.59046693478134,1,59.36413643320856
18504,0,0,1,58.96524371841017,1,62.5726974372883
18505,1,0,0,44.02169059575969,0,62.32071394544999
18506,1,1,1,49.00477258295241,1,64.09158310227519
18507,1,0,0,62.45707349396975,1,68.92942104373144
18508,1,1,1,66.66112747404274,0,66.65653719745437
18509,0,0,1,60.93853044330899,0,63.4119857994573
18510,0,0,0,61.14668413518404,0,65.87314382069924
18511,0,1,0,44.59983281971068,1,60.9234349035626
18512,1,1,0,76.14003231017351,1,67.00034072271771
18513,1,0,0,44.12894872509354,1,62.17176303171006
18514,0,0,1,61.06042064880161,0,59.54634530314867
18515,0,1,1,59.95986414670668,0,64.97698909959841
18516,0,0,1,52.53084718542667,0,61.84353002730248
18517,0,0,1,45.32185813258752,0,62.04179426099045
18518,1,0,0,41.89249741789475,1,60.80356238219689
18519,1,0,0,52.57947099463631,1,61.42613721009359
18520,0,0,1,53.34220220202825,0,62.3416913982887
18521,1,0,0,58.65641889075243,1,63.1168383318476
18522,1,0,1,57.5700466389618,0,63.32632850684365
18523,1,0,0,55.86524446137773,0,62.94870069259304
18524,0,1,1,49.57452047867441,1,62.99645329733826
18525,1,0,1,39.59090408127597,1,60.54535293194913
18526,0,1,0,66.75593723590582,0,69.00128863130323
18527,1,0,0,58.54834820898538,1,63.75756514906693
18528,0,1,1,53.94431069047531,0,63.42595612908357
18529,0,0,0,57.44172486774853,0,61.94815094229424
18530,1,1,1,38.03836616097882,1,59.52293297633562
18531,1,1,1,50.05561163398917,1,64.52847825332299
18532,1,1,1,41.49323685009296,1,64.00040596711499
18533,0,1,1,61.35769024333283,0,64.14994076000109
18534,0,1,0,49.66100992385616,0,60.84326384407798
18535,0,0,0,25.14853375267626,0,58.41906339804679
18536,0,1,1,32.0920052582355,0,60.06170151885751
18537,0,0,0,60.25315933069015,0,60.03848660523949
18538,0,1,1,60.83735944599022,0,65.61072836193878
18539,1,0,1,48.21500868470508,1,60.69987145028256
18540,1,1,0,48.67556203696654,1,62.96153851114382
18541,1,1,1,54.93348905156606,1,65.41130141278074
18542,1,0,0,45.25629204898014,0,61.06524125935871
18543,0,1,0,41.51863791856229,0,62.12664945196563
18544,1,0,0,38.98313495917936,0,59.31167476123409
18545,0,1,1,53.02191615524969,0,63.27419350801841
18546,1,0,1,55.03626913544428,1,62.16451056262857
18547,1,0,0,47.11428109114222,0,61.78118547706365
18548,1,0,0,52.00560420651551,0,62.93749767946903
18549,1,0,1,58.96101381538356,1,61.62752670072526
18550,1,0,0,55.65476421997977,0,63.92622491769968
18551,1,1,0,46.62326906741035,0,59.88025450564427
18552,1,1,1,49.6849687201894,1,61.7068851354723
18553,0,1,0,45.14581501161074,0,59.06526119629311
18554,1,1,1,49.17200794291735,0,65.33300961961862
18555,1,1,0,58.6407996578332,1,64.93151221994366
18556,1,0,1,42.31297905087302,0,59.81277045118848
18557,0,1,1,45.1292582597541,0,59.13534052426884
18558,1,1,0,51.3327810926685,1,62.80603560306783
18559,0,0,0,54.17264646413365,0,63.64236540639371
18560,1,1,0,48.48843122102586,1,61.80943276841118
18561,0,1,1,32.91908177268861,0,58.62716666681093
18562,1,1,1,35.83633546320933,1,59.21275170234693
18563,0,0,0,62.10388927955091,0,66.14620163715695
18564,1,1,0,54.04686290105589,1,66.10098944116049
18565,0,1,1,49.20719632932423,0,63.06110081466824
18566,0,0,0,45.87518511804222,1,59.64703606838466
18567,1,1,0,53.59217380016248,1,64.34317925185938
18568,1,1,0,44.1405784310254,0,61.58954460734452
18569,1,1,0,69.76997037695435,1,66.01852020973624
18570,0,1,0,60.21449093873427,1,65.97244797945453
18571,0,0,1,34.64754111953286,0,57.70524315307199
18572,1,1,0,67.17892137056491,1,65.25034041513388
18573,0,0,1,48.33811864760061,1,61.75102353067329
18574,1,0,0,47.80297857394969,1,64.72107483160927
18575,0,1,0,54.16813819436344,0,64.69998405796473
18576,1,1,1,54.97359218560918,1,63.20385475270903
18577,1,1,0,55.93594892401075,1,67.30683843186863
18578,0,1,0,55.88009323389945,0,64.22579688118086
18579,0,1,1,52.13542377532826,0,59.59187933171883
18580,0,0,1,43.08770674065477,0,63.3067918320358
18581,1,1,0,53.85895696760688,1,63.14009869750913
18582,0,1,0,56.1263320225343,1,64.56303598869303
18583,0,0,1,48.1235028537453,0,60.69479497065802
18584,1,0,0,56.07312029983538,0,63.60819433106242
18585,1,0,1,61.6657148429117,1,64.5713041681081
18586,0,0,0,39.90719518628698,0,63.04790522232702
18587,0,1,0,64.37464524617052,0,64.61844494069024
18588,0,1,0,14.71307544416247,0,57.71915117063019
18589,1,0,1,62.78408446447869,0,61.26212131430015
18590,1,1,1,60.37609441496306,0,61.12849949708962
18591,1,1,1,40.05325029192646,1,62.34412703244278
18592,1,0,0,44.36620359790752,1,61.4091479586089
18593,0,1,1,45.10218019878378,0,62.25457266833314
18594,0,0,1,36.73456408120138,1,57.77330258899111
18595,1,1,1,43.68642809038141,0,60.35616812405092
18596,0,0,0,42.087905601756,0,61.81529395207524
18597,0,1,0,39.31991649741538,1,62.72318393242208
18598,0,0,0,54.72034137154263,1,64.4020447446448
18599,0,1,0,33.30792614459514,0,61.45283842381394
18600,1,1,1,24.2826090002557,1,60.49437526319669
18601,0,0,1,41.26621627289936,0,59.3978687767999
18602,0,0,0,32.95550427518801,0,63.1098366407891
18603,0,1,1,47.22409843944803,0,62.21583353828169
18604,1,0,0,54.87899874385896,1,60.9277685787424
18605,1,1,1,63.91823897585867,1,65.85865997219602
18606,1,0,0,39.66653874309715,0,59.26329006608664
18607,1,0,1,62.05939672305766,1,65.38702744961238
18608,1,0,0,57.62422952517014,0,63.37855965025351
18609,1,0,0,38.47434821897284,1,62.98821643169787
18610,0,0,0,40.70666493582479,1,60.81445082475243
18611,0,0,0,64.15771618854293,0,62.82053792820813
18612,1,0,1,61.65153113228451,1,62.22819358318729
18613,1,0,1,47.27331768831544,1,63.74351484391116
18614,1,1,1,50.39130575240778,0,59.28703522531968
18615,1,0,1,46.11919178198714,0,61.80610283524609
18616,0,1,1,45.23037603371243,0,60.69446574563894
18617,0,1,0,56.82617726631859,0,67.25868462003154
18618,1,1,0,53.61724517652384,0,62.72546161120339
18619,1,1,0,48.86415525020256,0,63.85506210468434
18620,1,1,0,53.1575549326865,1,65.41170934133419
18621,0,0,0,61.92113026924802,0,66.06801292859548
18622,0,1,0,66.83890017364233,1,65.03527369868095
18623,0,0,1,56.53652703593391,0,60.46323216819246
18624,0,1,0,51.98227971520593,1,64.29135183906939
18625,0,0,0,36.93651779139476,0,64.86873311858925
18626,0,0,1,42.6457714319529,0,60.22909425304919
18627,0,1,0,41.98401651632098,0,62.15311571295384
18628,1,0,1,53.4118329390074,1,59.86306462590498
18629,0,0,1,44.701819640114,1,60.37582878837849
18630,1,0,0,45.0471370479473,1,64.55328093774828
18631,1,1,0,47.27826740207772,1,64.75700526468789
18632,1,1,1,53.52603533226763,1,64.9662804926668
18633,0,1,1,33.19969526680564,0,59.76527972631181
18634,0,1,1,51.85750645888766,0,58.84965878724977
18635,1,1,1,42.77111238992412,1,62.17140015264446
18636,0,0,0,43.15358862046504,0,64.98516204993557
18637,0,0,0,44.17598516290653,0,62.39490869021149
18638,0,1,1,35.51702183170763,0,62.44011253928621
18639,0,0,0,55.22548231041267,0,64.53132798672983
18640,0,0,0,54.82465807099939,0,65.24035106688515
18641,1,1,0,42.69603967082102,1,63.43983491655473
18642,0,0,1,53.08975897607547,0,60.51888840807853
18643,0,1,0,35.11755434489451,0,60.76276199032448
18644,1,1,0,40.7030254644242,1,63.84648850952667
18645,0,0,0,46.43122806183798,1,62.91884532972111
18646,0,1,1,41.41093367307732,0,57.49267432222639
18647,1,0,1,50.81036596088985,1,62.41555902981588
18648,0,1,1,44.17594081011092,0,61.67489100412001
18649,1,1,0,63.99709565534106,0,66.75843416239184
18650,1,1,1,36.99502480912862,1,58.37126961504121
18651,0,0,0,54.07628087326669,0,64.82420297973776
18652,1,0,1,35.65850222428441,1,60.78285876213302
18653,0,1,1,66.88538679398006,0,64.09457071041543
18654,0,1,1,34.35788577680921,0,58.7862983794528
18655,0,1,1,55.73444390981412,0,59.71499986555656
18656,0,1,0,60.88785087760481,0,63.76334772812083
18657,0,1,1,31.79180017474231,0,59.50351725583648
18658,0,1,0,60.94397792057332,0,65.27846296214651
18659,1,0,0,50.81484050259758,1,64.27189739390563
18660,1,0,1,51.48053698462426,1,61.52224433041224
18661,1,1,0,49.80485277981794,1,62.13757205185605
18662,0,1,0,46.45677709868743,0,63.89741694777827
18663,0,0,1,51.98274426388375,1,61.02895709111463
18664,1,0,1,47.2580517831648,1,61.00067142165094
18665,1,1,1,39.44717804006925,1,62.43360063257158
18666,1,1,0,53.63008084191431,1,61.82041471552461
18667,1,1,0,56.4242865185612,1,64.40410920675119
18668,0,1,1,32.14611965308011,0,59.80288778951667
18669,0,1,0,40.15658696099499,1,59.65896225501248
18670,0,1,1,34.51023481426269,1,59.5272751617873
18671,1,1,1,48.9162906542714,0,61.27481318880054
18672,1,0,1,39.79927973669196,1,58.32139000876112
18673,1,0,0,51.94810251874447,0,61.01770205079542
18674,0,1,0,54.41292558520433,1,66.11583391121705
18675,1,1,1,63.89654915230042,0,63.33178779903849
18676,1,0,1,49.80341385918544,1,61.30117938012842
18677,1,0,0,42.99853036224244,1,62.08758340954488
18678,1,0,1,59.17013862501889,1,64.10917244923563
18679,0,0,0,34.39475409082183,0,61.62937930037085
18680,1,1,0,66.57773782114648,1,67.04065433175997
18681,1,0,1,40.18260900098312,1,63.25723238159721
18682,1,1,0,41.55529107512662,1,62.7069294859489
18683,0,0,1,45.41052342418143,0,56.37768736093041
18684,1,0,1,53.30239491258083,1,62.08681933360538
18685,0,0,0,38.3674967662739,0,60.44211680307544
18686,0,1,1,41.42207934034059,0,58.36611908019338
18687,1,0,0,44.16955739234134,1,62.52957942559235
18688,0,1,1,42.62777121367925,0,60.64588885712946
18689,0,1,0,58.70000976348403,1,63.19392895406943
18690,0,0,1,31.12636484691947,1,59.1925902178232
18691,1,1,1,31.43851742854728,1,62.0008814859279
18692,0,0,1,42.05835595420537,0,59.60714005526214
18693,0,1,1,48.4445610202942,0,57.79897563979523
18694,1,0,0,50.60289760934533,1,67.10448381002492
18695,1,0,1,42.7260087614952,1,59.43642826924619
18696,1,0,0,51.53039540063818,0,62.53244016333176
18697,0,0,1,44.5403971472129,0,57.48798632285445
18698,1,1,0,62.73398272957757,1,65.76833144564564
18699,1,0,1,47.0145440565754,1,64.0372163743056
18700,0,0,0,37.65492006240942,0,62.84794087278586
18701,0,0,0,70.84924476303283,0,66.04019559475117
18702,1,0,1,39.89110738254809,1,60.1449196612483
18703,1,1,0,51.79773608303217,1,66.58630412533536
18704,1,0,0,45.03604094182394,1,63.18847300288104
18705,0,1,1,51.96011257582293,0,58.45652957985656
18706,0,0,1,36.45670377533543,1,59.22585824778395
18707,0,1,0,25.30411388821188,0,58.45099670640204
18708,0,1,0,41.43329584058525,0,64.99447243214456
18709,0,1,0,44.24766002923553,0,64.62456697153603
18710,1,0,1,30.72647138128531,1,60.78532237662915
18711,1,0,1,57.59729011582769,0,60.97156103252546
18712,0,0,1,62.37041205523073,0,59.67902828721364
18713,1,0,0,48.18844120511469,1,58.05758525015153
18714,0,1,1,62.13683660078546,0,65.42074542854965
18715,0,1,0,65.84992392693111,0,61.66741618751644
18716,1,0,0,60.80146854511405,1,63.73127487804237
18717,1,0,0,37.65544044725246,0,62.11463772146807
18718,0,1,0,42.23473549572192,1,65.45453456842522
18719,1,1,1,44.10365173440425,1,64.37691612889938
18720,1,1,0,60.20116753040404,1,62.3111537004185
18721,0,1,0,60.3276120961592,1,65.8748116740873
18722,1,1,1,44.08637802991147,1,62.23409259437003
18723,1,0,1,47.62824257036578,1,58.24921383197831
18724,0,1,1,47.73397523638953,1,60.21948134589869
18725,1,1,0,51.52397959880724,1,64.73229120797099
18726,0,1,1,48.5982996727244,0,59.70027712789953
18727,0,1,1,24.75664376042319,1,57.69022635160485
18728,0,0,1,18.61028821022938,1,55.88942495819732
18729,1,1,1,44.46672230261355,1,63.16962808536768
18730,1,1,1,43.2104933767335,0,59.77716823014929
18731,1,0,1,43.62000238203075,1,62.48912182410087
18732,1,0,1,46.97429366409013,0,60.50563013235211
18733,0,1,1,53.62947328588434,1,66.46705125419884
18734,1,0,1,39.74303949267735,1,61.70807346678107
18735,0,0,0,46.2891398250244,0,63.56297980101107
18736,0,0,0,41.20670780770307,0,63.44134344286002
18737,0,0,1,45.34400925625703,0,59.58495559558745
18738,0,1,0,53.29504569340466,0,59.03449509016147
18739,1,0,0,41.03910267039596,1,62.68577268182663
18740,1,0,0,36.78952115162797,0,61.98474592853685
18741,0,0,1,45.01932090473058,0,60.00771855157062
18742,0,1,1,57.68634310843758,0,62.9295289891537
18743,0,1,1,42.44111928231118,0,62.46090032670585
18744,1,0,0,46.96696568122474,0,62.20790186505327
18745,0,0,1,44.61627884468844,0,59.21593124942233
18746,0,0,1,29.56311414725872,0,58.42304139691647
18747,1,0,1,30.12525363875793,0,59.95620007390371
18748,1,1,0,76.01958527402333,1,64.44987486062739
18749,0,1,0,59.34975831257889,1,62.66202602568428
18750,1,1,0,41.56908331962657,0,58.81461686132982
18751,1,0,0,24.34563902472799,1,62.15003073267492
18752,0,0,0,44.23482479697303,0,62.23887427098684
18753,0,1,0,61.45067870636461,0,64.60251638184219
18754,1,1,1,29.56742613408406,1,61.79556897731999
18755,1,1,1,45.80957587063704,0,61.72016821073164
18756,0,0,0,57.56485096597343,0,64.42358284334478
18757,0,0,1,43.38611258222878,1,62.48474830643887
18758,0,1,1,60.11160836991006,0,64.92673189139771
18759,0,1,0,59.46149007005256,1,61.46659430781269
18760,0,0,0,68.5264215376607,0,62.41922409680916
18761,1,0,1,47.84097800432105,1,62.19951145146439
18762,0,0,0,49.55598954884658,0,61.9824071554111
18763,1,1,0,65.90090413473003,1,66.11266329475374
18764,0,1,0,55.24814118534211,0,64.72408949015741
18765,1,1,1,46.06125016046018,0,59.73534178089601
18766,1,1,1,51.64412432423961,1,64.40970525039891
18767,1,0,0,47.89514611946274,1,65.54684726180851
18768,1,0,0,51.31567192430224,1,64.58900286488822
18769,0,1,1,40.70603280199909,1,62.18175502509204
18770,1,1,0,51.13386315836117,1,61.98697828726148
18771,0,1,1,73.9949739693439,0,66.0326817041443
18772,0,1,0,40.13573027738713,0,60.44503856809575
18773,0,0,1,54.9397546243851,1,61.26583980297047
18774,0,0,0,49.95116572885623,1,62.24154018179508
18775,0,1,0,43.42618571767475,0,60.80553035518983
18776,1,0,0,61.68586921152275,1,67.54257938257186
18777,0,0,0,61.45015600404835,1,63.5230070868905
18778,0,1,0,55.95421416113395,0,61.56787226889834
18779,0,1,1,63.36001286626774,0,65.97010276247931
18780,0,0,0,42.50209510618498,0,62.22269398248188
18781,1,1,0,52.6592602562453,0,66.17539869661915
18782,0,0,1,54.47606803701969,0,63.49757196597089
18783,0,1,0,47.10995966090103,0,61.99853498898417
18784,1,0,1,46.92770047937006,1,61.47016968798596
18785,1,0,1,56.42979043472012,1,61.37037991282792
18786,0,0,0,47.12260828157953,0,63.51509109429847
18787,0,0,0,16.69998997951344,0,58.38000506981331
18788,1,1,1,57.32390188201494,1,64.40156448538811
18789,1,1,1,34.8990404079998,1,62.84744411888979
18790,1,1,1,29.17680336468448,1,57.37540852414033
18791,1,1,0,32.46332469608774,1,59.80298381803618
18792,1,0,0,58.32890567708535,1,64.1986744074577
18793,0,0,0,39.81957369806436,0,62.18182133557252
18794,1,1,0,42.45775267348407,0,63.70857706273939
18795,1,0,0,54.24252951660496,0,62.64232586495354
18796,1,0,1,54.63511457693847,1,62.94249159104736
18797,1,1,1,56.0201417881988,1,61.67196244631112
18798,1,0,0,51.42922662648645,0,62.54160344961221
18799,0,0,0,55.1421520731333,0,62.59206353787612
18800,0,1,1,32.80498790279933,0,58.59730710931503
18801,1,1,1,37.98789338389922,1,62.87438356333769
18802,0,1,0,55.14860582090033,1,66.38481250980786
18803,0,0,1,48.56054378935983,0,61.85048229934615
18804,1,1,1,33.35688726341987,1,62.09598600427541
18805,0,1,0,44.24088269205163,0,62.55073611281879
18806,0,0,1,42.80854802839551,0,60.03773794007105
18807,0,1,1,54.37372774657092,0,63.24763078022439
18808,0,0,1,46.60772861581296,1,62.60487764050594
18809,1,0,1,60.05101275459489,1,63.49312280250744
18810,1,0,1,38.98485155718231,0,58.35752145373537
18811,1,0,1,67.73512403265838,1,63.46073977453864
18812,0,0,0,39.46627689410323,1,61.78458334748584
18813,0,0,0,47.79406867629627,0,62.15048717389841
18814,0,0,0,44.24980151922696,0,60.78164635141503
18815,1,0,1,66.19221935243823,0,64.20544799117577
18816,0,0,1,51.89817301993553,0,61.43451939393967
18817,0,0,0,61.54341694578768,0,65.43250201839494
18818,0,0,0,32.46475761402213,0,61.19325357010624
18819,1,0,1,44.04782351856803,1,56.42682595373591
18820,0,0,0,47.79273626239577,1,64.3652115774416
18821,0,0,0,50.7668049833121,0,62.9215441961314
18822,0,0,1,59.94893900085791,0,63.2349788185062
18823,0,1,1,33.5955309230808,0,59.02097488342773
18824,1,1,1,42.11096319553656,1,63.26091319230838
18825,1,0,0,74.36950818964658,1,66.90076488170108
18826,0,1,0,58.75230402972958,0,64.98299890878914
18827,0,1,1,41.56225205628968,0,57.5007069460907
18828,1,1,1,77.36848751948492,1,71.81781640205267
18829,1,1,0,45.99079381385202,1,65.49987354952579
18830,0,1,0,48.08016775423816,0,63.16956390760718
18831,1,1,0,54.17426776772688,1,64.51211866712393
18832,1,0,1,56.43301078833059,1,62.7396530462717
18833,0,0,0,50.93203882079198,0,61.93903682505285
18834,1,0,1,41.8167367133522,0,56.50360979179028
18835,0,0,1,44.57763505778592,1,61.71232087795232
18836,0,1,1,31.06765559333365,0,55.65220413631474
18837,1,0,0,60.31898736187576,0,62.57876024652378
18838,1,0,0,48.46254073168947,1,63.57366271827465
18839,1,1,0,47.5405115058766,1,63.39764866897164
18840,1,0,1,43.16892212668471,1,61.01885516859447
18841,0,0,1,40.78600146348905,0,63.47394116439715
18842,0,0,0,44.22652082703493,0,63.4197943603305
18843,1,1,1,56.94644417449606,1,62.68918722369177
18844,0,1,0,64.27665512137642,0,64.14249243876115
18845,0,1,0,42.55431794073652,0,62.13020330542027
18846,1,1,0,56.63769340630823,0,62.45643393847615
18847,1,1,1,26.31377367612096,0,58.26236936825212
18848,0,1,0,38.39138068636734,1,63.6431521685341
18849,1,1,1,48.80626598311662,1,62.28272967249908
18850,1,1,0,53.86527033246506,1,61.47805589801892
18851,1,0,1,46.58734714930837,1,61.67458687192489
18852,0,0,1,58.78708230045333,0,62.28208915581455
18853,1,1,0,52.38357815492142,1,64.13305106828898
18854,1,0,1,58.76081503974858,1,68.36153072374121
18855,1,0,0,51.93219702129425,0,61.88753724757547
18856,1,0,0,57.55585389716276,1,66.69460203923752
18857,0,1,1,50.15274536062427,0,62.17215141639069
18858,0,0,1,50.59064931648911,0,60.8012663299846
18859,0,1,1,51.24981119868103,0,62.27102560208708
18860,1,1,0,51.83793306020534,1,64.67423268230318
18861,0,1,1,37.42715024361482,0,60.85803304932189
18862,0,0,1,38.26025742226701,0,60.04011321117476
18863,1,1,0,58.77347146838318,1,65.47699934388019
18864,0,0,1,43.86899784705631,0,59.07764193657555
18865,0,1,0,43.15983560037991,0,62.02763272087189
18866,0,1,0,37.15119028420276,0,60.32830284076
18867,0,0,1,45.71072073660535,0,62.78621487958129
18868,1,1,0,38.11925784065774,0,61.86789578344177
18869,0,0,1,43.60093174983403,0,58.93934711230457
18870,0,0,1,45.29461012791628,0,59.55475311207372
18871,0,0,1,35.95573619651245,0,60.14373017280157
18872,1,0,0,87.44809938241409,0,69.06153242790482
18873,1,0,1,36.6365054805419,1,60.54565456044567
18874,1,1,0,55.44287904255695,1,62.92652283880391
18875,0,0,0,73.32208354668873,0,63.96135629835535
18876,1,0,1,64.134269485376,1,63.41475807208087
18877,0,0,0,58.32892383461861,0,63.93987489991419
18878,0,1,0,54.67749361118686,0,65.91513873397497
18879,1,0,0,47.55660091039186,0,60.98527189195074
18880,1,0,0,50.13625102634688,0,66.20982259544593
18881,1,1,1,48.30792723233912,1,61.88805815749917
18882,1,1,1,43.5265794823838,1,61.52431570708845
18883,0,0,1,38.38509665335927,1,59.58130135229121
18884,0,0,0,62.75849062655904,0,65.6187626783275
18885,0,0,1,48.74774774209354,0,60.94366020894416
18886,0,1,0,53.3869246167861,0,59.42632425890189
18887,1,1,0,65.01451242240495,0,67.99483989974499
18888,1,0,1,29.58905056458317,1,61.98225311882194
18889,0,1,0,63.63927287082434,0,67.53303743213981
18890,0,1,0,48.18317218633149,0,65.09642746971814
18891,0,1,1,61.54675469835588,1,63.55270131307766
18892,0,0,0,38.8133381111349,0,58.0021821107612
18893,1,1,1,50.11317180516524,0,63.73804433220349
18894,1,1,0,45.45367162564788,1,62.04577986366797
18895,1,0,0,56.25778984158531,1,65.14985358473619
18896,0,0,1,45.30914561714942,0,61.8320231800121
18897,0,0,0,58.66047636030419,0,62.42678413157491
18898,1,1,0,41.21126998195613,1,62.83432585365534
18899,0,1,1,51.38915536655536,0,61.45370712308225
18900,1,0,1,34.79718152195218,0,59.43299172911174
18901,0,0,1,38.99638662534199,0,60.73209121979429
18902,1,0,1,41.20139656549119,1,60.37930727668271
18903,1,0,0,60.52954070562615,0,65.96748319053901
18904,0,0,0,71.98140456255703,1,67.77276297064972
18905,0,1,1,69.27620176384409,0,66.63560210718413
18906,1,1,1,47.43720253241121,1,64.0960948175051
18907,1,1,1,41.26173574545638,1,61.99429136278716
18908,0,1,1,52.95867234729725,0,61.18636131640199
18909,0,1,1,43.669213597035,0,58.93371582965739
18910,1,1,0,54.91549006786136,1,66.40337290420133
18911,1,0,1,38.47793251115478,0,56.25839375614781
18912,1,0,0,55.40941614627432,0,65.78742288090351
18913,1,1,1,52.2810424270851,0,62.20533542084007
18914,1,0,0,54.24371006754554,1,63.00667939102996
18915,0,1,0,44.42925721355363,1,61.27043600986853
18916,1,0,0,34.87463083660453,1,56.11843093021292
18917,0,1,0,36.19838858633371,0,58.05687892016795
18918,1,1,0,55.63458117385395,0,66.39159983397245
18919,1,1,1,64.51855233398686,1,63.38655955840748
18920,1,0,0,36.70646727440936,0,63.54507543360292
18921,1,0,1,39.26941357932486,1,63.1274140953704
18922,0,0,0,32.94813314682099,0,59.60475978873114
18923,1,1,1,34.51776310000956,1,58.41394365133954
18924,1,1,0,51.04224938836085,1,61.70790621346107
18925,0,1,0,32.60235974608516,0,62.71421820750098
18926,1,1,0,45.57555083917936,0,63.69627522370353
18927,0,0,0,48.93957475454191,0,64.75995336832915
18928,0,0,0,51.69654679114861,1,59.77939416981891
18929,0,1,1,44.6475164527735,0,57.29295450638651
18930,0,1,1,64.54669102707365,0,63.6700172408454
18931,1,0,0,37.03396933654537,1,64.4958995087112
18932,0,1,0,42.29067810232354,1,59.47223360487452
18933,1,0,0,43.35862374042171,1,63.5531577622201
18934,1,0,1,25.06913819478494,1,58.87991372260327
18935,1,0,1,31.06999758240985,0,58.94354172605612
18936,1,1,0,58.52835962886936,1,65.84667875033162
18937,1,0,0,45.65532155477072,1,62.94193882513617
18938,1,0,0,47.5071740560037,1,62.02995220882217
18939,0,0,1,41.52344761347862,1,58.80597819070779
18940,0,1,1,62.72981425475355,0,64.83156688252048
18941,1,0,1,53.01210816550947,1,60.09369315000514
18942,1,1,0,66.39993717006847,1,66.13910689000501
18943,1,0,0,50.84394732816153,1,62.25178984080782
18944,1,0,1,28.36390526579788,1,57.57334718586127
18945,0,0,0,56.7001453189045,1,62.91595747376697
18946,1,1,1,48.82215249404579,0,61.18689585525622
18947,1,1,0,62.21154097322638,0,61.94025693339465
18948,0,0,1,32.8151164540285,0,56.99271525301977
18949,1,1,1,52.54017754011196,1,62.54462027653222
18950,1,1,0,63.34604784541453,1,68.63558088727234
18951,1,1,1,61.88832384595067,0,66.53164021257327
18952,0,1,1,66.48697603320326,0,64.35220279617182
18953,0,0,0,49.80473609718869,0,61.3234241612771
18954,1,0,0,38.34858633284112,0,61.76904696252075
18955,0,0,0,50.18188084531798,0,61.78727488237151
18956,0,0,1,42.18969823652611,1,58.40985832828122
18957,0,0,1,45.77092752285519,0,61.35485758703975
18958,0,0,1,46.58929892571017,0,62.00221476915518
18959,0,1,0,57.36160736947541,0,62.55852134176772
18960,1,1,0,60.87316931311419,1,65.41632294957273
18961,1,1,0,36.91475104306038,1,61.35621759449131
18962,1,1,0,55.97920559069733,0,64.52014587283142
18963,1,1,1,47.60518663928178,1,60.72163359512239
18964,1,0,0,60.31931034181775,1,65.93849463105957
18965,0,1,0,42.33966789806853,0,60.98541610040802
18966,1,0,0,63.60651526199457,0,64.21173963890615
18967,0,0,0,29.17848986791063,1,61.99362394251345
18968,0,0,0,64.62938091120245,1,64.00976417543795
18969,0,0,1,50.32279225772756,1,60.93604093393678
18970,0,1,1,37.27646795904442,0,59.00352157693523
18971,1,0,0,31.65845355447637,1,59.28274307306901
18972,0,0,0,63.39115242289959,1,62.99258757339955
18973,0,0,1,40.56536501482552,0,59.50645551414132
18974,1,0,1,51.38953712147784,1,61.0786421067894
18975,0,0,0,47.41120340605223,0,61.26927154942085
18976,0,0,0,39.51967954700603,1,60.65802159878633
18977,1,0,1,34.38836503855175,1,59.79129234785842
18978,0,0,1,36.00176519036653,0,57.27855965562038
18979,0,1,1,30.01107518223851,0,59.91936249143945
18980,1,0,0,40.70844605094504,1,62.0774517486402
18981,0,0,1,47.88177440798974,0,63.86074867076479
18982,0,0,0,79.49986127002011,0,65.54299498882328
18983,1,1,0,50.19976912408393,1,67.16489880247146
18984,0,0,0,59.8191583813616,0,62.98894352053298
18985,1,0,1,51.87465344077603,1,62.26698212287953
18986,1,1,0,63.0252949300573,0,64.80510887909723
18987,1,1,1,44.4692547907102,1,61.85736253780208
18988,1,1,1,52.04297789860922,1,63.04186839174125
18989,1,0,0,44.89420558692762,1,63.94916377151506
18990,1,1,0,49.36057784021033,0,62.6127424375062
18991,0,1,1,58.2080865831748,0,65.9751829475163
18992,1,1,0,58.94091151061933,1,66.51544253715012
18993,0,1,1,46.3485915701435,0,60.46113479301457
18994,1,0,0,61.39107636004653,1,63.24445660525836
18995,1,0,0,53.77217735454095,1,60.17763775284436
18996,0,1,0,35.01757995404675,0,61.39348225269776
18997,1,1,0,47.96892413538021,0,61.37628530902465
18998,1,0,0,44.39298981224334,1,61.2098543866079
18999,0,1,1,48.07830507818301,0,61.88883850705184
19000,0,0,0,64.41713775849253,0,63.96546911119746
19001,1,1,1,44.75280358715055,0,59.29413775271672
19002,0,0,1,38.74414974552597,0,58.44099753062213
19003,1,0,0,60.80305736886723,0,65.03665041117924
19004,1,1,1,41.74668854585934,1,61.9409559779028
19005,1,1,0,49.26720113977274,0,63.27483560267014
19006,1,1,0,44.53075809028282,1,61.58345743626475
19007,0,1,1,39.13055123755943,0,60.49532640596969
19008,1,1,1,60.01079600874481,1,62.98921173489502
19009,1,1,1,39.07875430010728,1,63.70259686855139
19010,0,1,0,52.88012945874751,1,63.14685460281652
19011,0,1,1,58.37638816244073,0,65.44453230164727
19012,1,1,1,36.43017000960901,1,59.29563424141548
19013,0,0,0,37.43609917348471,0,57.72539631151117
19014,1,0,1,38.39640704432708,1,60.70336317447639
19015,1,1,1,56.25796282980091,0,60.69990507708896
19016,0,1,1,35.32133068677371,0,58.39696129824917
19017,1,0,0,56.19111093521227,1,66.20147573360704
19018,1,0,1,50.78882374501308,1,59.6396571677078
19019,1,0,1,45.51797646216685,1,62.25400043117478
19020,1,0,1,52.51708630698037,0,62.61814940226122
19021,1,0,1,64.12538792490523,1,63.71852808466507
19022,0,1,0,47.90176117498989,1,59.34091814350577
19023,1,1,1,52.25006349431197,1,65.08126158536224
19024,0,0,0,36.61664032280152,0,60.28271851260902
19025,0,0,0,39.54609050348377,0,60.82133278179158
19026,1,0,0,62.90840308245041,1,66.78105244964237
19027,0,1,0,59.19707293957369,1,65.2654524552931
19028,1,0,1,54.87315671813329,1,62.27075143813441
19029,1,0,0,49.34386428994017,1,62.3770782415814
19030,0,1,0,53.99406070657998,1,64.85085775032964
19031,1,0,1,50.64904705580997,1,59.87038838072029
19032,0,0,1,47.22991093497319,0,61.06760729392965
19033,1,1,1,41.2878903170871,1,60.60323007244278
19034,0,0,1,39.69230591505286,0,60.23694306940989
19035,1,1,1,31.21278967767361,1,61.4238195482236
19036,1,1,1,39.99280901823578,0,60.19654638064831
19037,0,1,1,51.29518878011621,0,64.2377029025468
19038,1,0,1,42.83385885549951,0,61.98261142839011
19039,0,1,0,35.78480110595324,0,60.22900413064198
19040,1,1,0,61.19848816625412,1,66.08379236244464
19041,1,1,0,57.28525533685113,0,62.80463674223829
19042,0,0,1,40.52735028680738,0,62.68234510158688
19043,1,1,1,44.98138223267117,0,59.12256231717127
19044,0,1,1,44.38832828623988,0,58.95006914431666
19045,0,1,0,62.54144672864435,0,65.22903856074326
19046,0,1,0,64.56656630775294,0,67.32341696607637
19047,0,0,1,45.83037652638205,0,61.0653331965519
19048,1,1,0,48.94220218497562,1,65.03126619429023
19049,1,0,0,48.30094650679212,1,63.40877565175592
19050,0,1,0,52.78147004574227,0,65.05634930964922
19051,0,0,0,48.99409080806445,0,64.644824805049
19052,0,0,0,49.99807125024998,0,61.22965667817427
19053,0,1,0,39.21427617914485,1,60.48741268031363
19054,1,0,1,29.48721775200992,1,58.45368110356168
19055,1,0,1,21.83760255991108,1,58.51074803799577
19056,1,0,1,56.07473536626561,1,60.15934657763989
19057,0,1,0,54.90706634972447,0,62.50495317221187
19058,0,1,1,46.23509341699913,0,60.24015389602526
19059,1,1,0,51.00505655495714,1,62.21727521379012
19060,0,0,1,48.09712752872387,0,62.51499793834276
19061,0,0,1,46.11418963005443,0,60.60326462251783
19062,1,1,0,50.11864054192216,0,62.23247296990745
19063,1,1,1,51.27480749943914,1,64.91902134699122
19064,1,1,1,60.56254198472033,1,65.11838760471065
19065,1,1,1,70.91720247111712,1,69.6901985348338
19066,1,1,1,49.07443682281066,0,62.01034191214582
19067,1,0,0,31.35026259566278,1,61.51058738908352
19068,0,1,1,63.70370911878972,0,67.05440451958374
19069,0,0,0,42.38653615614601,0,61.93385346466523
19070,1,1,0,42.81975646410733,0,59.87959860901545
19071,0,1,0,46.44820727574771,0,62.21461494248641
19072,1,0,0,45.12796843684009,1,61.80538970338635
19073,0,1,1,54.86119996639574,0,61.01732906819397
19074,0,1,1,43.58880779314172,0,59.81283646958491
19075,1,0,0,64.96787775067611,1,65.73515773578374
19076,1,0,0,58.27505193009482,1,61.7830293509163
19077,1,1,1,45.40232839686602,1,58.79610213673544
19078,0,0,1,51.32622825107677,0,59.53848822478015
19079,0,0,0,52.57984883695492,1,59.88840702948887
19080,0,1,0,47.16323026815854,0,61.22415593151493
19081,0,0,0,58.16701388558246,0,63.27599539154784
19082,0,0,1,38.36381459073651,0,60.69572333061122
19083,1,1,0,24.73932727729775,1,58.64962569878395
19084,0,0,0,33.68763309235779,0,59.58315435316715
19085,0,1,0,37.13027660218526,1,59.94078148383808
19086,1,1,0,59.44198916105107,0,65.43707187659345
19087,0,0,0,37.31507941126229,0,62.78376350412608
19088,0,0,0,56.18229050666662,0,59.40393356794758
19089,0,0,1,39.9540048892743,0,55.92679340053254
19090,0,1,0,46.85349313705993,1,62.04339302247028
19091,1,1,0,55.06361325331928,1,64.43887166130911
19092,1,0,0,51.73774701675582,1,61.17757339271817
19093,1,0,1,38.63627233790272,1,59.31238063267853
19094,1,0,1,38.34488698841339,1,57.43196081511499
19095,0,0,0,52.17640048752048,0,62.83493767391143
19096,1,0,1,71.90156363145518,1,65.83033685163738
19097,1,1,0,65.00120746906434,1,67.4712142413082
19098,0,1,1,61.76006159790592,0,61.24609725992161
19099,1,1,0,64.25083198247006,0,63.16583590791134
19100,0,1,1,49.71712536680528,0,62.38923060261268
19101,0,0,1,40.56383083844056,0,59.75668719985492
19102,1,1,0,47.10596547509437,0,62.8900335869487
19103,1,1,0,43.67347870297903,1,62.79992329177888
19104,0,1,0,56.58121682584256,0,62.1804946862546
19105,1,1,1,62.43182379861143,1,62.81321920920527
19106,1,1,0,59.44878999781213,1,65.99422744273241
19107,1,0,1,62.28047378496682,1,60.52565780999664
19108,1,0,0,40.89071015071568,1,62.07155084100176
19109,1,1,1,45.14688642533251,1,60.77457381406816
19110,0,0,1,64.35460795194525,0,60.81105644208913
19111,1,0,1,48.70155206355059,1,61.82439630505665
19112,1,0,1,42.04987475435372,1,64.68181693580739
19113,0,0,0,55.15819621595698,0,65.91499808664975
19114,1,1,1,43.66369023558428,1,61.12180550953902
19115,1,1,1,36.68861991304469,1,57.9504229502972
19116,0,1,0,59.20979697710508,0,67.59567519325016
19117,1,1,0,38.70073272971796,0,60.11978924667223
19118,0,0,1,47.00049935281786,0,62.33370974931589
19119,1,1,1,52.43117374944691,1,63.73696959344636
19120,0,0,1,39.60390435244315,0,60.80838269462895
19121,1,1,0,63.30478150335166,0,65.95183288764875
19122,1,1,0,68.3993390518302,1,64.50084212886443
19123,0,0,0,65.38876938252093,1,63.89554759480097
19124,1,0,0,47.47128334697223,1,64.76351728585036
19125,1,1,1,30.74466199979037,1,60.4275438371804
19126,1,1,0,38.30272079834056,1,64.88752262297231
19127,1,1,1,47.81736997156366,1,62.95018153982296
19128,0,0,1,59.11502667554781,0,62.25204134393265
19129,0,1,0,37.44938379663027,1,60.27883855659098
19130,1,1,1,50.05694298367128,1,60.96823041856799
19131,1,1,1,50.39141365469165,1,62.14653363447918
19132,0,0,0,48.02996086261396,0,60.90199549960279
19133,1,0,1,19.28656441784968,1,55.19878782381679
19134,0,1,0,53.71097885094303,0,62.53997850169146
19135,1,1,0,37.61172086110504,1,62.97617935351676
19136,0,1,1,46.20486971000479,0,62.96617106908486
19137,0,0,1,38.9282708852191,0,60.38305209082978
19138,1,1,1,44.52394651479646,0,56.75409209110788
19139,0,1,1,47.57715453816495,0,62.848303977774
19140,1,1,1,50.18619203067711,0,59.91799379554763
19141,1,1,0,60.24434374516946,1,66.71254709645923
19142,1,1,1,55.49349093879698,1,62.92354618342952
19143,1,0,1,47.0705582563903,1,64.5923000455533
19144,1,0,1,43.62309971926634,1,60.28510960663161
19145,0,0,0,69.60025698953626,1,64.90768605931929
19146,1,0,0,60.80122770636385,0,63.57020742111352
19147,0,0,0,53.67568547654423,0,62.8400244217489
19148,1,0,0,47.67773994581978,1,66.86142754751485
19149,0,1,1,46.72953808680509,0,60.40114516320966
19150,1,0,1,40.05403565664197,1,59.91209849593642
19151,1,0,0,58.47359266373835,0,63.76748701065078
19152,1,1,1,46.22326111938806,1,64.80441388841128
19153,0,1,1,38.2843504183436,0,60.01936466485934
19154,0,1,0,55.65963879795954,0,62.66795458945546
19155,0,1,0,47.40288887577976,1,65.59888595176425
19156,1,1,1,48.55178532245915,1,61.34172929245314
19157,1,0,1,47.40190991117201,1,62.93676691553633
19158,1,1,0,45.64629211872649,1,62.33500625136541
19159,0,0,0,64.0283828377846,0,63.80786271044967
19160,1,0,0,61.1549914477347,0,66.38166348094484
19161,0,0,0,55.90422306239157,0,62.71397189918522
19162,1,0,1,40.02277955940789,1,60.64084452870907
19163,1,0,1,62.15059486169672,0,59.45638796754424
19164,0,1,0,69.02443484181109,1,67.26226088764373
19165,0,1,1,46.92240383380477,0,63.03280538489065
19166,0,1,0,53.2988852227926,0,60.85160028955546
19167,1,0,0,50.62529527211857,0,61.48456816122637
19168,0,0,0,65.53815823965564,0,65.38631357556655
19169,0,0,1,64.79933797908933,0,63.53153819603131
19170,1,0,1,63.63503184127123,1,68.10191283091044
19171,1,0,0,45.12034283787158,1,66.21769448716014
19172,0,0,1,47.02296452126568,0,61.6460016796963
19173,0,1,1,61.8106557625848,0,65.21469225998611
19174,0,1,1,42.07604609407944,0,63.85566157776463
19175,0,1,1,38.32369414323855,1,62.26663408536648
19176,1,0,0,48.51995818810895,1,62.47865769681303
19177,1,0,0,45.17996526348299,0,60.6026085676698
19178,1,0,1,42.95478606983625,0,58.3469458434204
19179,1,1,1,43.34051558960429,1,59.30484010445252
19180,1,1,1,45.53559282791003,1,63.00419154505266
19181,0,1,1,67.80799913619923,0,67.73552279664162
19182,0,1,1,29.70411048784655,0,57.79081056341176
19183,0,0,0,35.88124418836601,0,60.15582230833321
19184,1,1,0,56.95019350285675,1,65.11153966065339
19185,0,1,1,33.92246662409828,0,57.61394034140989
19186,1,1,0,48.07689119609642,1,62.71145595249639
19187,1,1,1,48.23167717738443,1,63.10362619947322
19188,0,1,1,54.82577438581855,0,63.71775876489029
19189,1,1,0,66.89041678444254,1,64.73070395818735
19190,1,1,0,53.01169640261572,0,65.20032678663584
19191,1,1,0,78.39487932245051,1,71.12425247215705
19192,1,0,1,61.75100366597746,1,64.64306714608641
19193,0,1,0,62.74702224089924,0,66.3101905440685
19194,0,1,0,70.71040904211583,0,67.88982480920448
19195,1,1,1,50.46552970065625,1,63.49080316102477
19196,0,1,1,47.45678895890622,0,61.42135554673022
19197,0,1,0,40.0632105170266,0,63.68526144087146
19198,1,1,1,37.99814333454997,1,61.889620809292
19199,0,1,1,61.05126174684948,0,62.57127997541183
19200,0,0,1,46.84760199303598,0,62.64006616642544
19201,0,0,0,61.9521246886924,0,63.56224979380404
19202,1,1,0,47.43786620233305,1,61.63735714335584
19203,1,1,1,32.2681634402278,1,59.5268050726467
19204,0,1,1,37.0220277176994,0,59.49265637370769
19205,0,1,0,56.9879587691313,0,64.55906372911817
19206,0,1,1,42.91687430039063,0,61.39362676303374
19207,0,1,1,36.50115591753548,0,59.54870497078744
19208,1,1,0,64.93934182952768,1,64.39288243964799
19209,0,1,1,46.16420972570807,0,61.36447909187446
19210,1,0,0,53.2750964497897,0,61.77096910998733
19211,0,0,1,41.71626920470652,0,62.58816693169157
19212,1,0,1,41.78694495515436,1,58.75425077882133
19213,1,1,0,46.86523794504448,1,61.58584010455504
19214,0,0,1,30.33101596075291,0,61.87004013948779
19215,0,0,1,50.3486716571615,1,58.01511856376806
19216,1,1,1,50.62044745838282,0,59.51192494959528
19217,1,0,0,52.33704898475759,0,64.65817919698415
19218,0,1,0,60.73267937114398,1,65.92702394893762
19219,0,1,0,27.70264305342669,0,56.78517389696067
19220,1,1,1,46.39527838300098,0,60.45967529479285
19221,0,0,0,60.98427114524512,0,65.58646374089737
19222,0,1,1,43.51966199708077,0,60.50051998314716
19223,0,1,1,30.13504796908443,0,59.97710867907328
19224,1,1,1,62.66138541689625,1,64.08454856739768
19225,0,0,0,41.37889543981476,0,60.32342522223505
19226,1,0,0,60.3130789641347,0,66.01445701948167
19227,0,1,1,39.5004565377147,1,59.59002264121131
19228,0,0,1,49.94492806340816,0,58.61986327427549
19229,1,0,1,50.26983384765362,1,59.43225561468383
19230,1,0,1,32.21951456795009,1,62.6420179251028
19231,1,0,1,37.14112475779764,0,59.74576724507855
19232,0,1,0,53.37917423373285,0,63.22427974053751
19233,1,0,1,49.34182929409712,0,63.89809890922403
19234,1,1,1,44.66675790289344,1,64.94539899325737
19235,0,0,1,33.1025274164434,0,59.03009024452904
19236,1,0,0,72.18234176924068,1,65.84216365938448
19237,1,0,0,56.65763613707495,0,62.69671417539507
19238,0,1,1,48.10415796961691,0,62.69154619199797
19239,1,1,0,52.74667285374126,0,65.94114877662052
19240,1,0,1,47.65562755003034,1,61.25342364762977
19241,0,1,0,48.54727161151867,0,62.65309868511006
19242,0,1,1,48.70212992155188,0,61.9757973342176
19243,1,0,0,59.96753016172185,1,68.48693192791706
19244,1,1,0,75.54712437202902,0,69.90183803950595
19245,0,1,0,56.22851812391464,0,63.21544954293495
19246,1,0,0,54.95574760828399,0,62.66311768504556
19247,1,0,0,30.45034867602171,0,60.53032789737124
19248,0,1,1,33.21338552522814,0,59.99029233459968
19249,1,1,0,64.95642204176077,0,68.54694196334917
19250,0,1,0,58.4719750387417,0,66.70431891721476
19251,0,0,1,55.15673286953617,0,61.9393738790947
19252,1,0,0,59.52215068338941,1,64.31443961645881
19253,1,0,0,49.54435594109771,1,61.81835777457291
19254,0,0,1,56.84339289052524,0,60.41098619405556
19255,0,1,1,49.0856339976117,0,61.7343885743151
19256,0,1,0,58.11229277790633,1,64.72829935075588
19257,1,1,1,54.3550920283851,1,60.9297352737934
19258,1,1,0,61.02436044402277,1,63.84258235736921
19259,1,1,0,51.76444868969173,0,61.90055880905491
19260,1,1,1,33.13087288069082,1,59.20804555412296
19261,0,0,0,50.56748212091755,1,63.33082703764522
19262,0,1,0,41.38288608393856,1,60.91258697564219
19263,1,0,1,42.63580463614181,1,63.22260140424332
19264,0,1,1,56.47314745864124,0,60.96285360909742
19265,0,1,1,51.20538376666362,0,61.97521501165942
19266,1,1,1,41.99224956737205,1,63.59989982065366
19267,0,1,1,45.99163437324838,0,62.98729153852565
19268,0,0,0,59.31727090070412,0,65.11056348367268
19269,0,1,0,58.53698014376699,0,62.65129535768114
19270,0,1,0,65.7906306012067,0,67.76773170804725
19271,0,1,0,37.72357635966554,0,59.39637223297188
19272,0,1,1,63.98039154341055,0,64.0425172594264
19273,0,1,0,63.23605135930772,1,66.84401602039453
19274,0,1,0,40.59577096789278,0,59.55750735535034
19275,0,1,0,52.26647545429252,0,64.5143134365326
19276,0,0,1,54.35380390785529,0,62.69039091118056
19277,1,1,1,23.31543547165445,1,61.11615472111442
19278,0,1,1,26.38203919882574,0,58.73078526396034
19279,1,0,0,64.48846967112102,0,67.32337217494856
19280,1,0,1,53.0893914569078,1,63.32027794128148
19281,0,1,1,56.13968572656142,0,62.4652758097002
19282,0,1,0,38.66903385392536,0,61.69063375335511
19283,1,0,1,50.08805366643776,1,59.65749502537295
19284,0,1,1,53.59300393567629,0,61.58483247735312
19285,0,0,0,45.4759173322759,0,61.938939654835
19286,1,0,1,51.11213785726455,1,66.51232817981615
19287,0,0,1,35.96609810247691,0,58.74934591668508
19288,1,0,0,71.17595034238903,1,66.71592362782319
19289,1,0,1,53.69900632906671,1,65.22863019284236
19290,1,1,1,65.21869320377618,0,60.44180961946219
19291,0,0,1,54.37039761038251,0,62.128258670011
19292,0,1,0,54.58559711883246,0,61.83866792175915
19293,1,1,0,45.8676682196537,0,62.37874626119019
19294,1,1,0,54.91806072522213,1,62.42821869616969
19295,0,0,0,57.5704960744,0,64.86374798473101
19296,1,1,0,56.73445892413392,0,62.24671966356794
19297,1,0,0,55.07954151196967,0,64.97789400309458
19298,1,0,1,52.93874667095706,1,61.52935889810055
19299,1,1,0,41.48515173492372,1,63.59286589226727
19300,0,1,0,61.32499664334113,1,66.09783454489332
19301,1,0,1,42.67954956623657,1,62.01182959294904
19302,1,1,1,41.71544949960661,1,62.87860233315894
19303,1,0,1,35.68640914873183,0,58.49772120126625
19304,0,0,1,33.99740134453553,0,56.40009020994233
19305,1,0,0,54.08480761522046,1,66.80532078289441
19306,0,0,1,43.79227336463006,0,60.28094151464419
19307,1,1,1,45.60327506531284,1,60.91695330550909
19308,1,1,0,61.48231249023789,1,63.74116051323895
19309,1,0,1,41.9956490636775,1,62.49319458438562
19310,1,0,1,36.56838346441518,1,59.23786734888905
19311,1,0,1,32.06132762712688,1,58.42060291645483
19312,0,0,0,65.7778053040561,1,62.47683799871274
19313,0,0,1,38.20818356231594,0,59.75276048197695
19314,0,0,0,42.67783260385613,0,64.91853231425823
19315,1,1,1,49.42037135227873,1,64.86873897838235
19316,1,1,0,49.6729611971635,1,62.44608287080176
19317,0,1,0,64.58341512519051,0,66.89313747914451
19318,0,0,1,40.9360916372458,0,60.16169502631018
19319,0,1,0,48.24616701795195,0,61.85364398549709
19320,1,0,0,41.53567239822291,1,64.41874988309651
19321,1,1,1,60.09404217912169,1,65.93663804247132
19322,0,1,1,42.15784930077643,1,61.9434522085039
19323,1,1,1,30.58816007228865,0,56.00968519903702
19324,0,0,0,72.96412027096,0,63.22123786678966
19325,1,1,1,64.7147896257196,0,63.1580325003303
19326,1,1,1,45.73122808377742,1,61.56405204457783
19327,1,1,1,49.85342972299063,1,64.0235462646924
19328,1,1,1,35.42106415679005,1,60.26081037018748
19329,1,1,1,47.77837210301938,1,63.77368740787257
19330,0,1,0,66.37380898038076,1,67.04738029146027
19331,1,0,0,62.13252900040727,1,66.42263720869146
19332,0,1,1,48.30332798868751,0,60.93845889304798
19333,0,0,1,51.24201294932249,0,61.77415339774878
19334,0,0,0,46.23755712314554,0,62.59213939844077
19335,1,0,0,57.45663429405844,0,62.92951561231627
19336,1,0,1,21.24433120367629,1,57.98520615968907
19337,1,0,0,47.11973211003306,1,59.59395183413189
19338,0,0,1,35.80943105042569,0,56.33663215555447
19339,0,1,1,46.57991095825281,0,59.87281427277392
19340,1,0,1,29.83456324786202,1,58.9005118558423
19341,1,1,0,50.29672694969569,1,65.16171056308669
19342,0,1,0,53.05349093024529,0,64.60987682320375
19343,0,1,1,35.86906792105913,1,56.78007674995704
19344,0,1,1,40.86622661257547,0,58.22767864948978
19345,0,0,0,56.01644117554763,0,63.28483842489112
19346,1,1,1,50.73247956879967,1,62.63889010170556
19347,1,1,0,75.73273639462447,1,63.40163803120087
19348,0,1,0,58.99175547364701,1,63.85102864334173
19349,0,1,0,48.72582894967898,0,60.3846759485495
19350,1,1,0,49.45680749111906,1,63.91746645507386
19351,1,0,1,54.24384205158297,1,63.0422077424639
19352,1,0,1,71.51850975379766,1,64.1942709224567
19353,0,1,1,42.92228662749464,0,59.7533887179962
19354,1,0,1,56.48580330193369,1,60.40415995879749
19355,0,1,1,59.17536703227798,0,63.69728692707438
19356,0,1,1,57.13296502961833,0,63.6765810298345
19357,1,0,1,25.12693704139427,0,56.30855701552719
19358,1,0,0,47.75200956319842,1,60.50053041569692
19359,0,0,1,41.10561888712641,1,60.8621787772723
19360,0,1,1,42.04431457905866,0,63.24471404811724
19361,1,1,0,50.45641283933911,1,63.06597766752797
19362,0,1,1,60.21579660119589,0,63.00716775619804
19363,0,0,1,41.3130436694167,0,62.53830004658763
19364,1,0,1,32.17742221201439,1,60.73896982119027
19365,0,1,0,42.69758448990331,0,62.07866249852869
19366,0,0,1,40.67272473907043,1,57.71241938463589
19367,0,0,1,57.02696823948809,1,63.5667512863895
19368,1,1,0,64.08470013992735,0,61.98230787758348
19369,0,0,1,41.41740008791128,1,57.02833983263575
19370,1,1,0,63.53896799491427,0,64.89648479613602
19371,0,1,1,46.43438155913194,1,60.30193119047175
19372,1,1,0,55.34865907363929,0,66.41724535059917
19373,1,0,0,39.79796469059929,1,58.86337957787711
19374,0,1,0,51.31836907680722,0,62.4366958581728
19375,1,1,0,61.00881432243576,1,65.88721508450979
19376,0,0,0,55.80542937695846,1,58.90528610633961
19377,1,0,1,49.10169152933669,0,60.48276798545827
19378,0,0,0,46.93564853351077,0,61.71437663738973
19379,1,0,0,60.00597274913904,1,59.84258220956832
19380,0,1,0,57.43837500904601,1,66.95223566039053
19381,0,1,1,56.22205530741419,1,61.54915873532229
19382,1,1,1,52.20799616894671,1,63.24736734381653
19383,1,0,1,48.08516583301852,1,60.36452894379612
19384,0,1,0,48.9751965419854,1,63.54529491067175
19385,1,0,1,52.91281321010602,1,64.33414780386428
19386,0,0,0,48.37534284464881,0,63.13361242726549
19387,0,1,0,61.15022726158318,0,63.27078982898788
19388,1,1,0,52.28918763769094,1,66.15238065153873
19389,1,1,1,52.93185598381701,1,62.47227828639765
19390,1,0,1,33.8992859599057,1,60.07829638489518
19391,0,1,0,58.60314763317668,0,63.05289103951618
19392,1,0,0,58.21717952478764,1,66.49120743228123
19393,1,0,0,42.5961387933226,1,61.85452416546578
19394,1,1,1,38.6715503995454,1,60.85174000791672
19395,1,0,1,56.92308487028157,1,63.91650218068622
19396,0,1,1,35.70178009856663,0,61.22438937041559
19397,1,1,1,36.23585727697544,1,62.55557871504197
19398,0,1,1,22.63199983168555,0,57.27325976090064
19399,1,0,1,51.38625934461226,0,60.10242479371668
19400,0,0,0,58.81098411163568,0,61.80911641561947
19401,0,0,1,54.11512476096715,0,59.56628028853182
19402,1,0,1,44.32664181261804,1,62.03245910630829
19403,1,0,0,58.78377966102529,1,66.64459870165176
19404,0,0,1,46.05180851314748,1,58.20382298565777
19405,0,1,1,40.03562162081481,0,60.0363253845245
19406,0,0,1,52.80388256063722,1,61.67511804684994
19407,1,1,1,35.9730048227032,0,61.55380283026255
19408,1,0,1,47.25929528938098,1,61.34671855852366
19409,0,1,1,54.27897121412369,0,62.68405814244329
19410,0,0,0,41.21488276683509,0,63.15997914710788
19411,0,0,1,54.8208146438884,0,65.37189819068659
19412,0,0,1,52.99513606607055,0,55.32428944454863
19413,0,0,0,40.38306137094597,0,59.80806986063983
19414,0,1,0,80.18267272564337,0,69.46795600609578
19415,1,1,0,47.16394570676265,1,63.18552444822301
19416,1,1,0,65.15838213992733,1,65.33056971293314
19417,1,1,0,43.46216372505908,1,63.74576586173267
19418,1,0,1,54.80168659517223,1,61.56912905546074
19419,0,1,0,35.42322436230586,0,59.84587044038621
19420,0,1,0,54.47089070755143,0,68.0876313691605
19421,1,1,1,47.31872316718706,1,59.23122212239718
19422,1,1,0,45.84129678728529,1,62.01629977040719
19423,0,0,0,42.69904705570582,0,61.52299231492024
19424,1,1,1,38.79270243729913,1,58.43233408217482
19425,1,0,0,38.19889096305521,1,59.33577959351587
19426,0,0,1,31.00449284298426,0,54.88450998312298
19427,0,1,1,45.67699007967843,1,62.29762882027253
19428,0,1,0,49.84272260207253,0,61.28247339554048
19429,1,0,1,69.7076472531044,1,67.11784437624968
19430,1,0,0,64.00627990619631,1,65.1090796060828
19431,0,0,0,64.07209347740304,1,65.64950688246687
19432,1,1,0,39.7300574824981,1,59.83768221210095
19433,0,0,1,38.15798194348196,1,59.3141106722268
19434,1,0,0,53.57180105270971,1,62.44265921389445
19435,1,0,1,51.68428104378189,0,58.54653466649154
19436,1,1,1,33.34594614791416,0,58.52009344519615
19437,1,0,0,58.69003795850507,1,61.47248120976722
19438,0,1,1,46.3663963567706,0,60.98515940917409
19439,0,0,0,45.46433216381831,0,62.91331550145689
19440,0,1,0,33.89327098674354,0,59.33915740568432
19441,0,1,0,62.11184983227614,0,64.44861841771129
19442,1,0,1,48.70772386649139,1,63.99830889722512
19443,1,1,0,52.98984677433823,1,62.66193921975923
19444,0,0,1,56.03630484874281,1,65.20618128651475
19445,1,0,0,57.25391935258114,1,63.59023910408462
19446,0,1,0,60.35208972096061,0,66.75771284757556
19447,1,1,0,61.80168487161511,0,65.24663879052837
19448,1,0,0,39.46583805904135,1,62.75304475896284
19449,0,0,0,42.38525296221045,0,60.98657742528965
19450,1,0,1,32.99635972273887,1,60.67775205110686
19451,1,1,1,41.41293984582355,1,63.17903089532103
19452,1,1,1,46.12513575047143,1,62.93823101476252
19453,1,1,1,32.97722373155272,0,59.70799485972675
19454,0,0,0,56.29715929509732,1,63.27791706211481
19455,1,0,0,71.49404620967009,1,65.56231030129244
19456,1,1,0,34.83353611680312,1,64.02979045535996
19457,0,1,1,38.88554897592597,0,58.68861488541985
19458,0,0,1,61.75020881174013,0,64.6940799942227
19459,0,1,0,35.49002812297795,1,58.36240459882168
19460,0,1,0,72.55091971542328,1,67.25001695035733
19461,0,0,1,45.13692715039871,0,61.34239815954744
19462,1,1,1,56.88529799281108,0,61.28313745051028
19463,1,0,1,32.61183462660497,0,55.76692560227561
19464,0,0,1,45.95754548814366,0,59.83942245406102
19465,0,0,1,50.3359539761958,0,60.3185903515958
19466,0,1,1,60.93263462094079,0,62.47721769746838
19467,0,1,0,64.49051082090449,0,63.11745044328107
19468,1,0,0,40.58013365263702,1,62.26304739602745
19469,1,0,0,57.75404375777431,1,61.65197434686951
19470,0,1,1,43.55254005497439,0,62.12278847546308
19471,1,0,0,36.44205470347757,1,58.3175150177216
19472,1,1,1,40.9173159025846,1,64.83678343582882
19473,0,0,1,51.9457682239732,0,62.02299781078462
19474,0,0,0,54.87288657692163,0,64.59609740371967
19475,0,1,0,68.43701484871787,0,65.29762014518062
19476,0,1,1,43.64941411578828,0,60.41968614463025
19477,0,1,0,35.01291125715318,0,59.98572987276341
19478,0,1,0,57.65924916706003,1,65.98677585377639
19479,0,0,0,61.58832458176465,0,63.14811784276909
19480,1,1,1,52.58330907447412,0,63.21805471552615
19481,1,0,0,61.0466297330927,0,65.10107209017362
19482,0,0,0,56.56745625870096,1,63.3751902535062
19483,1,1,1,50.80796540736322,1,61.06822153152731
19484,1,0,1,37.5328313772506,1,62.18267942270089
19485,0,0,0,48.08788927492776,1,60.30392862430047
19486,0,1,1,48.76172497265124,0,59.53415526934553
19487,1,1,1,45.53022016058852,1,60.17110236719254
19488,0,0,1,54.88578931825111,0,60.4246055303697
19489,0,1,0,38.03350518437173,0,61.94672194896547
19490,1,0,1,36.01925725655045,1,60.33161781571633
19491,1,0,1,49.8532678199737,1,56.64413756664715
19492,0,0,1,37.82167196868316,0,59.07906839930142
19493,0,1,1,45.57109525962107,0,56.53213522112687
19494,1,0,1,68.88456977270563,0,64.36834205595034
19495,0,1,1,70.70840030239701,0,63.78032314396683
19496,0,0,0,63.45620572630681,1,63.03880518160598
19497,1,1,1,32.0431587086383,1,59.45782732981096
19498,1,0,0,49.61074954663211,1,62.44377045344537
19499,0,1,1,56.61518356072807,0,60.29858303647699
19500,0,0,1,38.8216105360941,0,59.10784810185896
19501,1,0,1,56.14740913391254,1,64.15958076630585
19502,1,0,1,59.48321901076648,1,65.1236112177574
19503,0,0,1,54.53000821954981,0,62.24922602860301
19504,0,1,1,61.44012652221711,0,65.20464227150887
19505,0,0,1,45.19777309870824,0,58.39689114285281
19506,1,1,1,40.40995066146837,0,60.60431468460727
19507,1,1,1,45.05790046434953,1,61.4468940874645
19508,0,1,0,53.63902340008014,1,65.39764355830187
19509,1,1,1,58.93722691985232,1,61.96972431477997
19510,0,1,1,38.05705421588347,0,60.59365573815152
19511,1,0,1,56.02513807355183,1,64.54664780738695
19512,1,1,1,34.63273485436918,1,62.31902492175494
19513,0,1,1,30.0778281374914,0,58.7033029965441
19514,0,1,0,52.17052453707974,0,64.4047359858982
19515,0,1,0,58.02258729692062,0,63.5337351545036
19516,1,1,0,53.60602259570813,1,62.34433833681562
19517,1,0,1,48.32347158812294,1,60.95086987046925
19518,0,0,0,63.72524405488397,0,64.50635215555678
19519,1,0,0,40.62729996866644,0,57.87543597672317
19520,0,0,1,36.95227732390693,0,57.38460621040096
19521,0,1,0,64.08216572639812,0,63.754438103056
19522,1,0,1,52.85269843247406,1,61.92316940199192
19523,0,0,0,49.8192479135748,0,60.34972589562131
19524,1,0,1,62.27862109594149,1,64.03791762474945
19525,1,0,1,60.52276631679698,1,62.10800000320718
19526,1,0,0,51.44383103075443,1,62.97985443496599
19527,0,1,0,54.70998574094273,1,66.81733002522348
19528,0,1,1,58.08225467493311,0,62.86809536224692
19529,0,0,1,54.8941971977089,0,60.97043245839082
19530,0,0,0,58.13014874261824,0,63.57404942555763
19531,1,1,0,62.08799243769501,1,64.93687047599984
19532,0,1,1,53.54797529902687,0,64.11105860503152
19533,1,0,0,44.6757936083693,1,62.25224568166401
19534,0,0,0,47.88073428545815,1,61.14298433516321
19535,0,1,1,46.02406876414809,0,63.93203756594811
19536,1,1,0,69.87407865088124,1,62.25436556030746
19537,1,1,1,42.43517082287662,1,62.50015940641793
19538,0,1,1,50.88976139612835,0,63.76821069290805
19539,0,1,0,35.57364232255494,0,62.47405260462316
19540,0,0,0,50.73779652867832,0,61.97975021663316
19541,0,1,1,40.25531426250626,0,60.76752326296741
19542,1,1,1,45.27575184596368,1,60.83786615201891
19543,1,1,1,28.34029004734728,0,56.04650353325935
19544,1,1,0,57.52305116253141,1,65.537010050452
19545,1,0,0,62.83851419503106,1,66.29873381678622
19546,1,0,0,56.30807386783313,0,63.40370636781567
19547,0,1,1,40.02151352640406,0,60.47348072778357
19548,1,1,1,60.59851031252662,1,62.06029131874638
19549,1,0,1,55.01464652629944,1,63.84518607047121
19550,1,1,1,38.51923341710636,0,56.79751855968937
19551,0,0,1,41.36697035217594,0,60.60324706079302
19552,0,1,1,65.47131072912431,0,64.02323746344588
19553,1,0,0,45.06961257407191,1,64.80637281651263
19554,1,1,1,67.75562565001437,1,62.65564527756268
19555,1,0,0,68.72424221579013,0,66.02508381934194
19556,0,0,1,39.8967229231434,0,59.63063045980692
19557,1,0,0,54.45926706473626,1,64.55335521486316
19558,0,1,0,26.25743084774018,0,56.91441678427888
19559,0,1,1,42.79452612971506,0,59.45186284580197
19560,0,0,1,58.05915422264412,0,58.66593302990594
19561,0,0,1,32.49815483182009,1,59.29523891848401
19562,1,1,1,54.20038316172566,0,61.2529212559695
19563,0,0,1,65.86588209213015,1,67.01632091679365
19564,1,0,1,36.08502424111448,1,60.85157208027335
19565,1,1,0,48.90366177375839,1,63.63707765746872
19566,0,1,0,47.75994273800605,0,61.09807128319547
19567,1,0,0,41.97216074874868,1,64.12939843733537
19568,1,1,1,26.00774256600852,1,57.55879069219303
19569,1,1,0,58.00077438147218,0,64.64268637170808
19570,0,1,0,57.88998184816798,0,61.35954508172529
19571,1,0,0,33.96110552673782,1,61.13435456667026
19572,1,0,0,44.78430315477486,1,64.99658136615503
19573,0,1,1,62.0664965102498,1,62.51023467145812
19574,1,1,1,36.78123162728568,1,60.62620849073632
19575,1,0,0,51.43116068172495,0,61.5739194575577
19576,1,0,1,32.82037923933581,1,57.94830732628136
19577,1,1,0,48.23613683763173,1,65.84236241225148
19578,1,1,0,42.5771525490068,1,64.98609502071032
19579,1,1,0,59.28403861961915,1,65.27687004805875
19580,1,0,0,51.8552050934636,1,63.26036872232087
19581,0,1,1,45.46875724426862,0,62.68579238440635
19582,0,0,0,51.82599495089271,0,62.95397666630299
19583,0,0,1,43.03716526268715,0,63.91497230585936
19584,1,0,1,47.09733149226921,1,62.25402103678276
19585,1,1,0,60.01144872728345,0,65.11022423626029
19586,1,1,0,59.14952041343492,0,63.95173671910146
19587,1,0,0,52.86078619146383,1,64.54896607808476
19588,0,1,1,37.62936407292995,1,59.57880699444977
19589,0,1,1,49.96788475547737,0,63.15551051477262
19590,1,0,0,48.4295098457105,1,60.91123112263305
19591,1,1,1,35.87924476446482,1,64.26006219916525
19592,0,0,1,34.18307446005674,1,58.34331505661258
19593,0,0,1,36.77352434261478,0,59.16388914593308
19594,1,0,0,48.98064066254875,1,65.95594578142118
19595,1,0,1,50.25481447359947,1,61.21880512787762
19596,0,1,1,43.21120288826111,0,60.4045869677034
19597,1,1,1,34.42021484307605,1,58.97819234490005
19598,1,0,0,45.23661429131595,1,63.81390552133654
19599,1,1,0,55.87263720976171,0,64.36842068680029
19600,1,0,1,30.12942510229347,0,56.4967881039024
19601,1,1,1,59.88679009777496,1,64.2712916797574
19602,1,0,1,64.21501281862676,0,66.60396536129358
19603,0,1,0,37.44778322884194,0,61.55545549321648
19604,0,1,1,43.42790362039216,0,61.0134663590478
19605,1,0,1,77.39608896661645,1,65.01687123451542
19606,1,1,1,50.24706566738573,1,65.38499997167399
19607,1,1,0,41.69065171652921,1,61.77135135037454
19608,0,1,1,24.38726293180239,0,56.91492967603144
19609,1,0,0,51.85981314650854,0,62.47707311701894
19610,0,1,1,26.08778366681724,0,59.28716736857019
19611,0,1,1,34.77899127311757,1,57.35908564472933
19612,0,0,1,62.98818219309888,1,67.4727802915048
19613,1,1,0,51.30236572427526,0,60.22913753245565
19614,1,0,0,44.92197089599971,1,62.2840026788006
19615,0,1,0,54.47692767448401,0,61.14298808523898
19616,0,0,1,42.91961444302285,0,58.21738761568093
19617,0,0,1,61.94436404065173,0,63.59889480686746
19618,0,1,1,58.88091140054166,0,63.54778048351991
19619,1,1,1,51.25269789779701,1,63.5447179313568
19620,0,1,0,42.06852811470975,0,61.32186284830111
19621,0,1,0,45.15551408787524,0,61.04579202482313
19622,1,0,1,49.92969467319472,0,61.87398781144364
19623,1,0,0,54.91070971232816,1,65.1350751180037
19624,0,1,1,49.72355278645324,0,65.09178298226826
19625,1,0,1,53.13719602684506,1,65.21117479292995
19626,0,0,1,45.16240318386792,0,62.31917489330188
19627,1,0,0,49.37810274873608,1,63.96623235837255
19628,1,1,0,50.59602192389379,0,64.36486504964357
19629,0,1,1,40.72885865239596,0,60.2592104392
19630,1,1,1,45.63501092915543,1,62.72164726629202
19631,1,1,0,36.49511547173047,1,63.96575017162605
19632,0,0,0,55.75358697444165,0,62.75527293400393
19633,1,1,0,40.44378880286809,1,60.43784135060951
19634,1,0,0,42.86456929444417,1,60.75923718787698
19635,0,1,1,57.90211295665669,0,62.06003106484787
19636,1,1,0,60.7704479831016,1,63.31298252415738
19637,1,0,1,29.53605019890371,0,55.13406879667752
19638,0,0,0,41.92573526541579,1,60.71005721559978
19639,1,1,0,57.96896966909372,0,62.46219704878341
19640,0,1,0,40.18854640588955,0,60.43210885085736
19641,1,0,0,32.65711757790471,0,60.45113503921136
19642,1,1,1,64.89776852223781,1,66.0416820781394
19643,0,0,1,27.75619537091917,0,55.60522731876418
19644,1,0,1,61.57157196066814,1,64.4614035705716
19645,0,1,0,43.42268104015905,0,61.04674239212248
19646,0,0,1,42.00700612906898,1,57.97614148375602
19647,1,0,1,52.74310200179332,1,60.79450744449941
19648,0,0,0,50.65083811898137,0,62.65200794351325
19649,1,0,0,43.05552967106811,1,65.50109647682086
19650,1,1,1,30.47113067069704,1,62.65051768373467
19651,1,0,0,51.16574805289313,1,69.00410591289503
19652,1,1,1,44.52150377658057,1,60.64480575320971
19653,0,1,1,32.83055369806284,0,62.66417045397734
19654,1,0,1,42.85384296408903,1,60.97734277845249
19655,1,1,1,45.06922766450339,1,64.33255230329343
19656,0,1,1,48.09167402523666,0,63.73907555124277
19657,1,0,0,42.11532979501135,1,63.67102785036508
19658,1,1,1,57.46411818230182,1,63.65274966954826
19659,1,0,1,59.62666897058094,1,58.82325925450029
19660,0,1,0,47.51384009430263,0,61.42716996700712
19661,1,1,0,59.05917903747614,1,65.53987573199471
19662,1,1,1,43.52177483341488,1,63.62925037043357
19663,1,0,0,57.12070081627714,0,64.12596613379431
19664,1,0,1,39.70765500580396,1,60.09707553884712
19665,0,1,0,53.0439407972958,0,65.83836894009424
19666,1,0,0,46.38933930728945,0,63.25268638413716
19667,1,1,1,38.51501496457142,1,60.85608448190111
19668,1,0,1,42.14359216684626,0,57.31248865236036
19669,0,0,0,53.96945581195885,1,65.99269469647966
19670,1,1,1,40.94077791129366,0,59.54103529048808
19671,0,1,0,50.58806175234613,1,64.47629938392301
19672,1,0,0,50.23427534836566,1,63.36292248223589
19673,0,1,1,51.48881765964164,1,62.77610699150956
19674,1,0,0,58.51562917688627,1,66.01703258297317
19675,0,0,0,54.15712354340259,0,63.04917484871762
19676,0,1,0,46.85632940143712,1,64.33257093166992
19677,1,1,0,31.53972035951603,1,58.96124382415929
19678,1,1,0,56.12528490433677,1,60.88790104563351
19679,1,0,1,60.07963948542977,0,63.05819962973851
19680,0,0,0,46.85054558272876,0,64.70044050467024
19681,1,1,1,51.9472574437556,1,64.13935982053177
19682,0,0,0,42.84089432074416,1,60.36049071735
19683,1,0,1,27.66747533363142,0,55.98261669716017
19684,1,1,0,53.10939466760893,1,63.76521047966961
19685,1,1,1,57.06684178698735,1,65.50096094405959
19686,1,0,1,58.6400930936833,1,61.86904428032743
19687,1,1,1,54.87392308589786,1,64.8662202593309
19688,0,1,1,37.11561338193365,0,60.0610657468693
19689,1,0,0,50.41835230673858,1,63.53091490189157
19690,1,0,1,37.08452201285206,1,57.76179438900166
19691,0,1,0,49.45106788609356,0,62.98907448203245
19692,1,1,0,50.6769500873307,0,62.52218908099869
19693,1,1,0,49.32604629223034,1,67.60475290820315
19694,0,1,1,67.17854067089716,0,67.02297666954753
19695,1,0,1,35.54078919490293,0,57.36675539005357
19696,1,0,1,58.42555264542358,1,61.3203044714646
19697,1,0,1,47.34859588322492,1,61.76371791413334
19698,1,0,0,49.60233930015247,0,62.97531607975179
19699,0,1,0,55.32375404687255,0,61.89487709483129
19700,1,1,0,50.230172050968,0,64.07985190848549
19701,1,1,1,53.67122046206235,1,62.46180964463692
19702,0,0,1,33.60232005426218,0,58.99354371600098
19703,1,1,1,56.73755769378246,1,63.75132780091498
19704,0,1,0,44.74319056759094,0,63.68325428421101
19705,0,0,1,50.03190314347491,0,62.57306670776834
19706,0,1,1,35.40673048168956,0,60.28752689761292
19707,0,0,0,43.07603173794229,0,61.07624680420732
19708,0,1,0,51.71209718849112,0,62.55795432458351
19709,1,0,0,52.72626721449706,1,61.79937544848334
19710,1,0,0,53.39109333600468,1,64.5159492243835
19711,1,0,1,55.04660253755738,1,64.52994795715064
19712,1,0,0,37.47248919263409,0,61.46869397071636
19713,1,0,0,48.99617521221307,1,65.14574428735973
19714,0,0,0,47.51805082130062,0,61.68531074472002
19715,1,0,0,41.13213077842244,1,61.2584300803985
19716,0,0,1,48.27868496538164,0,57.83063192681627
19717,0,0,0,40.00118825194909,0,59.37343480401206
19718,1,0,1,45.46841729586138,1,59.27677959067572
19719,0,0,0,56.44256817950508,1,62.15954654948379
19720,1,1,0,39.85570805196008,1,62.05882517590943
19721,0,1,0,43.68805079849235,0,61.45949954310055
19722,0,1,1,55.77679849436384,1,60.59621399479864
19723,0,1,1,55.39905789480023,0,61.36195471901616
19724,1,1,0,46.56715832735452,1,62.70189903904216
19725,1,0,1,40.77388079633086,0,60.69914872513321
19726,1,1,0,44.23920263950578,1,63.77370569574218
19727,0,1,0,45.85046185182766,1,59.05827850473621
19728,0,1,1,51.50937131635943,1,63.20930900045108
19729,1,0,0,42.24351802634207,0,61.74962159826034
19730,1,0,1,38.29218611230588,1,59.56539443587964
19731,0,0,1,24.12588364710607,0,59.72552814769257
19732,0,1,0,35.37150393027756,0,61.13097603101142
19733,0,0,1,51.70500801135857,0,65.72028744844697
19734,1,1,0,74.82109921880959,0,67.0730969742831
19735,1,1,1,45.3940970344871,1,60.80909391304115
19736,0,0,1,45.05799536567106,0,61.35433958314552
19737,1,0,0,62.23250475388094,1,63.40041585887847
19738,0,1,1,53.51988454984826,0,63.22063655663385
19739,1,1,1,50.04329157787944,1,63.21375236844394
19740,1,1,1,43.99451076993309,1,65.44658796594412
19741,1,0,0,51.27875379172544,1,61.61641151184158
19742,1,1,0,51.06124577148025,0,60.64092452487925
19743,1,0,1,38.91867862483154,1,60.81778864381834
19744,0,0,0,36.92087088281718,0,60.0104906693348
19745,0,0,0,61.09363333525062,1,65.97935831473491
19746,1,1,0,50.88540745938905,1,63.38494142124682
19747,1,1,0,44.46832074526008,1,63.55535711787643
19748,0,1,0,55.99761359105445,1,65.05003924650427
19749,0,1,0,59.68634840377841,1,65.02371980114336
19750,1,1,0,33.89920819337463,0,59.78786062346208
19751,1,1,1,44.17058262745149,1,61.45523352936148
19752,0,1,0,50.86040914786141,0,65.01014723474735
19753,1,0,1,38.36184661618074,1,62.9012260330132
19754,1,0,1,38.64745879246065,0,59.4625622278764
19755,0,1,1,54.95672297788627,0,60.71836054486413
19756,0,1,1,36.4154464476004,1,61.13403117925668
19757,0,1,1,33.18169640045502,0,58.47352289044466
19758,0,1,1,45.27973829479401,0,61.18123818910895
19759,1,1,1,52.86436919913339,1,63.21213809926478
19760,0,1,1,47.62153169729964,0,61.45821054903398
19761,1,1,1,54.95775125100086,0,63.25919685704503
19762,0,1,1,30.63649329621731,0,61.09647612881539
19763,1,0,0,53.97295761567478,1,64.60372026631379
19764,1,0,0,59.69999827793399,0,62.51312265932214
19765,1,0,1,35.36304620060654,0,60.33317753645297
19766,0,0,1,53.06358222797961,0,61.15476879857038
19767,0,1,0,50.46411422775154,1,65.34865192537171
19768,1,0,0,27.35609811377784,1,59.7623358392724
19769,1,1,0,44.92452272503539,0,64.40826633013288
19770,1,1,1,49.32788763464995,0,61.98256439279145
19771,0,1,1,45.46138582523569,0,62.11103541999169
19772,1,0,0,56.62757065402549,1,65.48326164941268
19773,0,1,0,71.40436623770739,0,63.93894294615092
19774,0,1,0,55.09952623697282,1,61.54167840781061
19775,1,0,0,52.35551449049973,0,62.14940885487125
19776,0,1,1,44.22414434097666,1,60.21169888723029
19777,0,0,0,43.58955455216903,0,67.62082513296488
19778,1,1,1,38.83748170374592,1,58.14273417340802
19779,0,1,0,65.59272583201505,0,64.97457333853504
19780,1,0,0,56.29646371039819,1,66.81010477811569
19781,1,0,1,55.17266819417089,1,58.03166773897731
19782,0,0,1,50.02879998319769,0,63.49839584372608
19783,1,0,0,48.94340406008067,0,62.6096685314289
19784,0,0,1,46.86711359634081,0,58.88300644749402
19785,1,0,0,46.71804886450163,0,62.45507973529681
19786,0,0,0,67.82271258338616,0,64.52763554856976
19787,0,1,1,41.76515947032614,0,57.67270513741179
19788,1,0,0,37.98939973082241,1,63.77785591066159
19789,0,1,1,38.54465487462252,1,61.17655709165708
19790,0,1,1,40.39897620331378,0,61.47827970470994
19791,1,0,0,52.0990662894544,0,63.44186662856685
19792,1,0,0,59.55302066783701,1,65.55072479461096
19793,0,0,0,44.48732778697953,0,60.34929480739527
19794,0,1,1,37.87493483355807,0,61.78376804832116
19795,1,0,1,48.4293802844582,0,60.6418083434319
19796,0,0,0,29.04794119157052,1,56.79401896341499
19797,1,0,1,52.04726255025091,1,61.41225055639978
19798,1,0,1,46.48761676280926,0,61.40475516516865
19799,0,0,0,43.74772545354572,0,59.21174315623643
19800,1,0,1,63.19163996394876,0,62.5445395205454
19801,1,1,0,60.42593232130341,1,62.96474922698548
19802,1,1,0,49.11604635747661,1,66.41366038694494
19803,0,1,1,62.65908397022298,0,60.19770192479557
19804,1,0,0,39.33508535878838,1,60.57238268707396
19805,1,0,0,39.39131353711265,1,61.45930689459355
19806,1,0,0,53.66498632219115,0,62.64540731986553
19807,1,0,1,36.6130045629127,1,61.99575361019433
19808,0,0,0,32.55109843530263,0,60.00446708716991
19809,1,1,0,60.19781209702366,0,60.72603763424315
19810,1,0,0,31.92038420640019,1,60.50786580259053
19811,0,1,1,44.55256906075193,0,61.04666525503601
19812,1,1,0,46.83960466905425,0,61.68553492532341
19813,0,1,0,50.29781995285043,1,65.29063409970423
19814,0,0,1,36.88621736733168,0,62.18288682548367
19815,1,1,1,39.12125180728481,1,60.45108478751492
19816,1,1,1,55.79673115796626,1,68.37480652539
19817,0,0,0,52.28453534316585,1,60.94993862022766
19818,1,0,0,50.05387920568122,0,61.7370673904368
19819,0,1,1,47.4593088299891,0,63.48943035419261
19820,0,1,0,57.96617600509261,0,63.79601461352405
19821,0,1,0,52.01776019836859,0,61.5896661899809
19822,0,1,0,56.76718046196444,0,63.47308237084945
19823,0,0,1,49.23450870538461,0,61.77308111435762
19824,0,0,1,34.35816263654155,0,56.77627299869925
19825,0,1,0,56.56480535293318,1,60.93519127237359
19826,1,0,0,40.1406048380195,1,62.19778726664169
19827,1,0,1,36.63457285653496,1,60.60639256067434
19828,0,1,1,38.20799072841049,1,57.43301606453398
19829,0,1,0,35.85445611983099,0,62.43996619366819
19830,1,0,1,42.49221856631814,0,61.85068183921974
19831,0,0,1,52.63282150642451,0,61.52315992120873
19832,1,1,0,50.94737960431337,1,63.09059953502575
19833,1,1,0,47.24870671336336,1,62.59713399784687
19834,0,1,0,38.87450813859012,0,63.86168155574801
19835,1,0,1,31.21043909235338,1,57.84776102777018
19836,1,0,1,49.62079467107083,1,61.44204418527491
19837,0,1,1,49.03919957721548,0,61.6000536073517
19838,0,0,0,44.92334149140878,0,61.88908550711795
19839,0,1,0,57.84893326336487,0,68.29185079857001
19840,1,1,1,37.42514582562812,1,59.45753349648751
19841,1,0,0,46.59149628932474,0,60.80226518617187
19842,1,1,1,24.6301835072924,1,55.63226185283011
19843,0,0,1,42.5782827471981,0,61.09345168239256
19844,1,0,0,50.06305717975324,0,62.08426044018042
19845,1,1,0,47.27099993427711,1,61.83308547984968
19846,0,1,1,50.76100364796331,0,58.78206576427351
19847,0,0,0,44.48546735854126,0,60.02386600427528
19848,1,1,0,60.64670487478907,0,67.03217599222816
19849,0,0,0,58.98701490335974,0,65.95492597879432
19850,1,1,1,55.73924371234179,1,65.16512471641403
19851,0,1,1,43.99839915044148,0,57.1878394973216
19852,1,0,0,28.51218658981194,0,61.45891061863796
19853,1,1,1,67.58081604211216,0,64.09131313855643
19854,1,0,1,52.19363870325805,0,57.99571216011603
19855,0,0,1,42.1205818330369,0,60.68708099316638
19856,0,0,1,51.8392678910883,1,60.47082417491777
19857,1,1,0,60.29007449431643,1,64.1470034455885
19858,0,1,1,47.8019599493031,0,64.20519527720958
19859,1,1,1,38.92355495061184,0,57.27466749160913
19860,0,0,0,36.4273434017154,0,60.45485485833334
19861,0,1,0,26.91549251553337,0,60.39495341250599
19862,0,0,0,55.01601082541561,0,63.09214344322596
19863,0,0,0,57.73838722869656,0,60.17559335012366
19864,0,0,1,36.08045976448457,0,58.19959867668932
19865,1,1,0,39.95179010568278,0,63.38736684921786
19866,1,0,0,47.44777381281706,0,65.19724961719831
19867,1,1,1,50.14347862848778,1,63.76256456737305
19868,0,1,0,43.95303744624407,1,61.47788883098229
19869,1,1,1,48.07292482845705,1,64.18023394279928
19870,0,1,1,29.8327020917216,0,60.47307640127125
19871,1,1,1,30.04403652608477,1,60.54794234426545
19872,0,0,1,32.25511869127631,0,55.21918215311276
19873,0,1,1,53.69678257213733,0,64.45462162092043
19874,1,1,0,53.8137870943992,1,63.32417362194165
19875,0,0,1,51.65803998880371,0,62.65873920453144
19876,1,1,0,48.4872625064715,1,65.18317414073198
19877,0,1,1,25.95325595005612,0,56.76804658876742
19878,0,1,0,55.28266933759397,0,62.67501293938479
19879,1,1,1,47.22125830797043,1,60.25222247603281
19880,1,1,0,37.27347429190306,0,60.31555792265225
19881,1,0,0,56.41501687087825,1,63.83860006065779
19882,1,0,1,36.28966591239919,0,59.99639923450552
19883,0,1,0,53.78831617465794,0,62.40054952725352
19884,0,0,0,39.74389802147362,0,61.55677572771227
19885,1,0,1,56.26869692056708,0,65.04824044532752
19886,1,0,1,47.85958633904733,1,58.86369919074956
19887,1,0,0,55.93666846895977,1,64.19487185449738
19888,1,1,0,51.71002193497716,1,64.69651359292793
19889,1,1,1,42.5238596621649,1,59.79090943027599
19890,0,0,1,40.48329066579564,0,59.21643897917298
19891,1,1,0,54.4836293707041,0,66.31639469092445
19892,1,0,0,37.80860667957624,1,62.8282647864875
19893,0,0,1,60.45518213909392,0,61.35216270674827
19894,1,1,0,51.20656931280772,0,63.5573300628671
19895,1,0,0,57.13593886114458,0,61.91202413209066
19896,1,1,1,47.41912269122065,1,62.21275142939979
19897,0,1,1,36.11681226474512,0,60.47528657595971
19898,1,0,0,57.67078408950934,1,66.95300587565681
19899,1,0,1,45.57567924305275,0,59.51813429200203
19900,1,1,1,60.85974520702457,1,66.9773140381608
19901,0,0,1,40.96690453821473,0,56.55466487803937
19902,1,1,0,44.25476827782637,1,61.81687688666234
19903,0,0,0,40.34017668604408,0,60.26004027379835
19904,0,0,0,53.65931183273845,1,63.65278623241733
19905,1,0,1,46.58757531478634,1,63.17901213137181
19906,1,0,0,44.79452484419533,1,63.24853296448577
19907,1,0,1,49.47813413355038,1,62.8347720930926
19908,1,1,1,55.43814612316621,1,62.54834908531296
19909,0,0,0,44.93953049713318,1,62.36228616012431
19910,0,1,1,37.63892843050172,0,61.00029203608948
19911,0,0,1,49.81934260299708,0,61.33394216178295
19912,0,1,1,39.96302811637399,0,61.76452665493801
19913,1,0,0,52.90157011502352,1,68.04631622723285
19914,0,1,0,57.58925412952351,0,64.31927870365628
19915,1,0,0,48.48218987271711,1,62.17498418711215
19916,1,1,1,48.4582329328392,1,63.96326418010666
19917,0,0,1,49.13865429245417,0,60.89484272379163
19918,1,1,1,47.66321230162687,1,64.41242845604945
19919,0,1,1,49.00045107190986,1,62.66501905212907
19920,0,0,0,70.21148814189704,0,65.83494213322957
19921,0,0,1,35.68736373441939,1,59.18583835326545
19922,1,1,0,47.74151025936093,0,61.69161534413468
19923,0,0,0,78.93405190296573,0,68.90120579766318
19924,0,1,1,60.47694374085388,1,64.58455049269607
19925,1,0,1,51.41766355388499,1,63.82313481989523
19926,1,1,1,43.25522379111587,1,64.5154306051147
19927,1,1,1,38.09768210698302,1,57.04007286954648
19928,0,0,1,60.1664099363973,0,63.65921399932976
19929,0,0,0,61.84982422353992,0,64.03068433712839
19930,1,0,1,55.01817152352335,1,63.55843016088368
19931,1,0,1,59.35809839307358,0,58.52678264575115
19932,0,1,1,54.3693912638837,0,61.90316157909247
19933,1,0,1,44.17611933391858,1,58.59609488514214
19934,1,0,0,59.68761922713676,0,67.03482672558899
19935,1,1,0,66.77550098272638,0,70.04869016204859
19936,0,0,1,37.69960930021087,0,59.20000672653158
19937,0,0,0,54.81396100115526,0,66.34378042759434
19938,0,0,0,37.61012884633077,0,60.83197157996459
19939,0,0,0,58.2946323863428,0,66.37596161088135
19940,1,1,0,39.23822134766372,1,61.69432416760475
19941,1,1,0,80.03192029491194,1,68.44833724970432
19942,1,0,0,60.19102767513263,1,64.50995857714999
19943,0,1,0,61.40900483340788,1,64.71714528092728
19944,0,0,0,59.72773662750326,0,60.79125852720585
19945,0,1,0,38.6191303715451,0,62.34934172651519
19946,0,1,1,64.49185621495414,0,62.62533056244944
19947,1,1,1,44.00310981321626,0,61.82751408438654
19948,0,1,1,51.57483847871161,0,59.91993025419922
19949,0,1,0,45.61592246313611,0,63.33072836743941
19950,1,1,1,49.14884524035646,1,60.64357606464963
19951,0,1,0,66.35147621366684,0,65.84991456667801
19952,0,0,1,28.96275832039333,0,57.37196075010105
19953,1,1,1,49.7091908396923,1,60.78363756384849
19954,1,1,1,47.4681031335364,1,67.16677042513005
19955,0,1,0,43.93770947109343,0,61.27196318081699
19956,0,1,0,43.26673845824165,0,65.6694177783945
19957,1,0,1,51.50519955486229,1,63.48248357604863
19958,0,1,1,78.58396713954973,0,65.37071143477311
19959,0,1,1,27.92474130825293,0,58.37253099520483
19960,0,1,1,36.91713008981181,0,58.54384074069256
19961,0,1,0,38.50545486206035,1,59.33182090268
19962,0,1,1,39.11953694760335,0,61.82412865710337
19963,0,0,0,44.90940883195231,0,61.5981872126425
19964,0,0,1,35.15723816546672,0,60.3307791570468
19965,0,0,0,51.86303884080218,0,62.57432151998217
19966,0,1,1,56.68867049650906,0,63.58172734437543
19967,0,0,1,43.2193270530984,0,58.35810972465596
19968,1,1,1,43.16998947749824,1,57.06334240341241
19969,1,0,1,52.75246506052396,0,63.54773759727794
19970,0,0,1,49.55898487096588,0,62.62116707883082
19971,0,1,0,30.06990303695209,1,57.16324196509258
19972,1,1,0,48.09238299791317,1,60.57804026821007
19973,1,1,0,66.20916850127085,0,66.60239625508018
19974,1,1,1,65.33327666877955,1,64.17879883776364
19975,1,0,1,35.55694048649431,1,59.16059863519732
19976,1,0,0,45.11322184097429,0,60.10358724627224
19977,1,1,1,49.588776319121,0,60.19089425550558
19978,1,0,1,40.72027844385708,1,59.08394266875245
19979,0,0,1,41.93752995862515,0,61.67266028842651
19980,1,0,1,47.76354801931937,1,62.67389780987841
19981,0,0,1,49.54657685161695,0,64.64425255418894
19982,0,1,0,58.63250024677265,1,65.74480708251167
19983,1,0,1,52.35852143299839,1,60.50390434788313
19984,1,0,0,43.25557056261179,1,62.8456869732922
19985,0,1,0,60.18561412959966,0,61.08133578430029
19986,1,1,0,56.86501353140085,0,60.69908111329178
19987,0,0,1,40.85102525794239,0,57.94549924835033
19988,0,1,1,58.23650527882641,0,62.00415997907883
19989,0,0,0,38.85270761240916,0,59.83757081536183
19990,1,0,1,26.26344595174456,1,56.79775265647375
19991,1,0,1,52.75062138328428,0,62.92091158111938
19992,1,0,1,14.05124356491011,0,55.3455804963308
19993,1,1,1,53.06638041464128,1,63.33851565308235
19994,1,0,0,46.50254468327648,1,61.96024864242564
19995,0,1,1,56.25953526750245,0,63.02092458624384
19996,1,1,0,66.19978837103498,0,67.41874233931662
19997,1,0,0,50.02060463135009,1,66.82706221295099
19998,1,1,1,38.1485932940975,1,59.49327956136686
19999,1,0,0,46.50623813599549,1,60.8144560625737
20000,1,1,1,44.11954420761439,1,58.42742276638589
